episode,update_index,step,batch_steps,critic_target_horizon_mean,critic_target_horizon_min,critic_target_horizon_max,critic_full_nstep_pct,actor_td_mean,actor_td_rms,critic_loss,actor_loss,target_below_quadratic_min_pct,target_above_quadratic_max_pct,target_outside_quadratic_range_pct,quadratic_min_mean,quadratic_max_mean,target_above_full_value_upper_pct,critic_near_upper_pct,critic_near_lower_pct,baseline_b_mean,baseline_b_max,baseline_share_of_value_pct,qf_multiplier_0_mean,qf_multiplier_1_mean,qf_multiplier_2_mean,qf_multiplier_3_mean,qf_multiplier_4_mean,qf_multiplier_5_mean,td_mean,td_rms,value_mean,target_mean,actor_grad_norm,actor_clip_factor,actor_parameter_delta,critic_grad_norm,critic_clip_factor,critic_parameter_delta
0,1,256,256,15.53125,1,16,94.140625,-0.017728408273486335,0.017904747295716953,0.03348515722682516,0.08553832341853777,0.0,0.0,0.0,-0.905727533973689,-0.009057275339736891,0.0,0.0,0.0,0.018149927917809734,0.018149927917809738,50.04877670892337,1.0000000000000002,1.0000000000000002,1.0000000000000002,1.0000000000000002,1.0000000000000002,1.0000000000000002,-0.253771675851872,0.2587862331223404,-0.03626447859728352,-0.2900361544491555,0.071708028639911,1.0,0.009949303734940592,0.005692604421608051,1.0,0.03471622709473179
0,2,512,256,15.53125,1,16,94.140625,-0.013896233238796483,0.013918967959668287,0.020463310144106316,0.06431078249796254,0.0,0.0,0.0,-0.7116730410529513,-0.007116730410529513,0.0,0.0,0.0,0.01833791323605366,0.01833898369790432,56.17370181160145,1.000717802439925,1.0024888173204731,1.0051712211694197,1.0051344053451463,1.0000849662109157,1.0051728555092718,-0.19997542376793687,0.20230328788285334,-0.03264501473938178,-0.23262043850731862,0.036869286191819416,1.0,0.012679909736901458,0.004412817964400872,1.0,0.042257372476789984
0,3,768,256,15.53125,1,16,94.140625,-0.011353944898647429,0.011373458334292558,0.013659898609406966,0.054453384833847776,0.0,0.0,0.0,-0.5833186149090148,-0.005833186149090149,0.0,0.0,0.0,0.018540041210708583,0.01854164779783796,61.12706772326022,1.001147844768551,1.0040021896384015,1.0095698654375405,1.008914215718602,1.000156551266322,1.0106495027065243,-0.16337101790216274,0.16528701467088674,-0.030330329756115035,-0.1937013476582778,0.03139240018640988,1.0,0.009495283856258068,0.0036004703247477163,1.0,0.04406533443620442
0,4,1024,256,15.53125,1,16,94.140625,-0.011184948583060584,0.011742103631811029,0.014110112531370648,0.05260790050939969,0.0,0.0,0.0,-0.5652956055008731,-0.005652956055008731,0.0,0.0,0.0,0.01875042244116879,0.01876637964465805,62.02173832173656,1.0014534978189489,1.0050785411407475,1.01358861053633,1.0119967189660355,1.000216604766532,1.0162124476431729,-0.1618340442955314,0.16798876469199153,-0.030232016948479164,-0.19206606124401052,0.044773191943990175,1.0,0.01151091070107245,0.0035795259758456236,1.0,0.05008465035450302
0,5,1280,256,15.53125,1,16,94.140625,-0.04094498768475033,0.04438302384520845,0.20826125993043845,0.19449801385532114,0.0,0.0,0.0,-2.062697780319636,-0.02062697780319636,0.0,0.0,0.0,0.018776508595498544,0.018886384820176717,30.984333477882494,1.0033147972166825,1.0067745352440225,1.0143728028574621,1.0126735734360297,1.000398876240098,1.016743861584385,-0.5951007994679783,0.6453855590737035,-0.06060000809409618,-0.6557008075620745,0.05515287438085403,1.0,0.012128806570555777,0.017719725872005515,1.0,0.04363216710432429
0,6,1536,256,15.53125,1,16,94.140625,-0.2109666465580238,0.23012409680337628,5.6554296439608835,1.0082583338773838,0.0,0.0,0.0,-10.602707214901258,-0.10602707214901258,0.0,0.0,0.0,0.01892257556970784,0.018967826290504905,8.118115633807252,1.006628122115203,1.0099813597942542,1.0172977229968048,1.0161091303475343,1.0037943361579522,1.0207424453514675,-3.1026698267176953,3.363162096587342,-0.23309073710290928,-3.335760563820604,0.2681231765826642,1.0,0.010344156720423358,0.33316005642671387,1.0,0.04397187537260186
0,7,1792,256,15.53125,1,16,94.140625,-0.5394766783676208,0.543324915013318,31.678606093938896,2.561449986780005,0.0,0.0,0.0,-27.203037227318987,-0.2720303722731899,0.0,0.0,0.0,0.01912699119777149,0.019199481247211374,3.3704345655302137,1.0102491377776173,1.0134849219255042,1.021920878586087,1.0213158960232953,1.0067396896155802,1.025786653997502,-7.848053107394012,7.959724378888869,-0.5674933254419245,-8.415546432835937,0.7975411896740693,1.0,0.010622266648833279,2.460193170637582,0.4064721469578101,0.045911054187168426
0,8,2048,256,15.53125,1,16,94.140625,-0.5429835870980548,0.5436852351761015,31.246237614632122,2.5461926409354376,0.0,0.0,0.0,-27.455867339339967,-0.2745586733933997,0.0,0.0,0.0,0.019417552390920495,0.019430044898248486,3.3825356323842324,1.0134831761704803,1.0172860714682819,1.027774414142404,1.0262419756592158,1.0096989062648314,1.0320897727287264,-7.816644157547181,7.905218227807771,-0.5740531512814762,-8.390697308828656,1.5720342704945165,0.6361184477774959,0.007702160924829245,2.6920727757054115,0.3714609831593305,0.045873006049025264
0,9,2304,256,15.53125,1,16,94.140625,-0.6420353048428776,0.6543061100526315,45.831545447799094,2.9692441196064068,0.0,0.0,0.0,-32.373453408296356,-0.3237345340829636,0.0,0.0,0.0,0.019698923961262223,0.01971009098650265,2.8884530949724283,1.0224571066010877,1.0258556227639852,1.0365894325074492,1.0332765953160723,1.0180266372791364,1.0376112251905667,-9.331963434188388,9.574084337188502,-0.6819887086118758,-10.013952142800264,2.712669688070123,0.3686405331241899,0.006903442936646487,3.281760839735016,0.30471446544555164,0.04923618149668723
0,10,2560,256,15.53125,1,16,94.140625,-0.9717573616640163,0.9806360593573761,102.62010744367598,4.564718590766233,0.0,0.0,0.0,-49.0164580006887,-0.490164580006887,0.0,0.0,0.0,0.02007858513037982,0.020089384054228148,1.9339314356066286,1.0315097764837726,1.036422551796614,1.0460729673210838,1.042600902161599,1.028131151733749,1.045797352693996,-14.10983871649272,14.326207275038009,-1.038226317681301,-15.148065034174017,1.5607394006687927,0.6407219549730658,0.008526856054652986,6.776526507913512,0.14756822670614764,0.0531095625253069
0,11,2816,256,15.53125,1,16,94.140625,-1.3272157668338795,1.3290995242126802,188.32248694212677,6.3293896395694755,0.0,0.0,0.0,-67.0424608014504,-0.6704246080145039,0.0,0.0,0.0,0.020515072427308656,0.020589206601098826,1.4319168943016358,1.039037345220173,1.0450510007127494,1.0551975033396792,1.0520773250274145,1.0374116110824692,1.0534502014980174,-19.19727846996793,19.407343297944042,-1.4326999359354664,-20.629978405903397,5.656346208536371,0.17679257300248577,0.009385606658879319,18.263980655009583,0.05475257660907084,0.05643751098282368
0,12,3072,256,15.53125,1,16,94.140625,-1.0795168634636885,1.093106732760401,126.21211598091567,5.209295105523715,0.0,0.0,0.0,-54.65979292163732,-0.5465979292163732,0.0,0.0,0.0,0.020683541401433185,0.020862109344985932,1.761836786791919,1.0353359458276588,1.0403893658464294,1.053759400718452,1.0531226929515705,1.0364068105700375,1.0545964611613883,-15.50179403128605,15.887864298320002,-1.1739760207354557,-16.675770052021505,2.326930128696396,0.4297507637499304,0.009925071193371824,13.926053885868924,0.07180785082375145,0.053695386845017984
0,13,3328,256,15.53125,1,16,94.140625,-0.34644670456416443,0.4005317848484435,16.189070593215,1.6161588832399658,0.0,0.0,0.0,-17.652130904795417,-0.1765213090479542,0.0,0.0,0.0,0.020830024245536545,0.020871426955624085,5.309185713590976,1.0325957561858639,1.0380683525237577,1.0533228117609825,1.0536699814413448,1.03338802523372,1.0584601515210803,-4.855361215243156,5.6901793632916355,-0.39233934108226426,-5.24770055632542,0.9016541620900508,1.0,0.0073208707873390726,1.4028608488507237,0.712829074116109,0.05153872999286823
0,14,3584,256,15.53125,1,16,94.140625,-0.048363182273243786,0.07044247904640773,0.5059102374142643,0.2246987826214452,0.0,0.0,0.0,-2.4101259666258463,-0.024101259666258465,0.0,0.0,0.0,0.02121340105695781,0.02160195023904193,29.427323465142983,1.0381020171926496,1.046223945269996,1.0622760734783832,1.0614970309780891,1.0371182330163833,1.06865888527843,-0.6974540391901665,1.005892874429742,-0.07208742950097156,-0.769541468691138,0.1274091667818178,1.0,0.0066239190358401215,0.04294994728724776,1.0,0.04739607403799487
0,15,3840,256,15.53125,1,16,94.140625,-0.08620823343627279,0.09191444351316169,0.841072634434515,0.4150081569451247,0.0,0.0,0.0,-4.387387203843804,-0.04387387203843804,0.0,0.0,0.0,0.021952035920733276,0.022025455474881838,19.10189458993829,1.057245723344716,1.067317193379277,1.0836005871224976,1.081015185095683,1.0524552755060768,1.0864447339254482,-1.2109295009188359,1.2969754310969155,-0.11492072588598759,-1.3258502268048236,0.36267035646166185,1.0,0.006124972854716054,0.08556363576805356,1.0,0.04415809793712796
0,16,3862,22,10.545454545454545,1,16,31.818181818181817,-0.05961743470813872,0.06249120432632821,0.21685264201260693,0.3022888367541223,0.0,0.0,0.0,-3.231856904399003,-0.03231856904399003,0.0,0.0,0.0,0.022373832197627144,0.022377583504955837,24.62095537226064,1.064398900983978,1.0747440771772394,1.0919969298364218,1.090553581244943,1.0590393871466839,1.094385919079527,-0.5709914354448616,0.6585630448371772,-0.09087312762377518,-0.6618645630686367,0.5199229054876823,1.0,0.005641783510446941,0.03598076498206741,1.0,0.040463473746908125
1,17,256,256,15.53125,1,16,94.140625,-0.055546202493592135,0.07407981689042682,0.5212919731181678,0.2667032278172362,0.0,0.0,0.0,-2.844744397348638,-0.028447443973486378,0.0,0.0,0.0,0.021675120650123787,0.02178621587137301,26.195385672178592,1.0490095650635392,1.0589517012231915,1.0738583288094126,1.0735973189066625,1.0455074939229134,1.0781793605884937,-0.7568420854917316,1.02107000065438,-0.08274404095964255,-0.8395861264513742,0.24988922749614828,1.0,0.005537652196773528,0.052885928399290336,1.0,0.03736432579375857
1,18,512,256,15.53125,1,16,94.140625,-0.01907574437677547,0.019102505232266264,0.03856593483733797,0.08863546183665315,0.0,0.0,0.0,-0.9761868402185967,-0.009761868402185967,0.0,0.0,0.0,0.0221588234403855,0.022204424816945886,51.0664763076212,1.0575091571691126,1.0682055655366836,1.0845683297187745,1.0844108772764476,1.0529561631446,1.08766304944806,-0.2746016494680962,0.2777262495240159,-0.04339211365770013,-0.3179937631257963,0.03413343678252228,1.0,0.005005712105425393,0.009268542588936057,1.0,0.0340940532890541
1,19,768,256,15.53125,1,16,94.140625,-0.015714277384884928,0.01573979841270873,0.026164188238773443,0.07474265342200173,0.0,0.0,0.0,-0.8064748579162164,-0.008064748579162164,0.0,0.0,0.0,0.02258057689891171,0.022630248728122592,56.107413295450144,1.0642665314351345,1.0754711067943608,1.0931053506528323,1.093445958410403,1.0591029596477544,1.0952677837810705,-0.22612899540105824,0.2287539649438822,-0.0402452645250406,-0.26637425992609887,0.05813335565398799,1.0,0.004622527357163476,0.007635717637347723,1.0,0.031133624830744035
1,20,1024,256,15.53125,1,16,94.140625,-0.015469691220741811,0.016860301523737277,0.02852692304432631,0.07313297650788625,0.0,0.0,0.0,-0.7809945534739058,-0.007809945534739059,0.0,0.0,0.0,0.023041013087587284,0.023400284019820805,57.181460605583794,1.072121064022544,1.0836432148663988,1.1027343534979228,1.1034930652858024,1.0660897190979552,1.1034806567266777,-0.22380494902977688,0.23885946933009086,-0.04029455149198711,-0.264099500521764,0.05246844601038809,1.0,0.004125822287252642,0.007734363875378457,1.0,0.02850898887080338
1,21,1280,256,15.53125,1,16,94.140625,-0.11890314115749148,0.12305213002199034,1.6166880710896505,0.5814413234486506,0.0,0.0,0.0,-5.984307653250887,-0.059843076532508886,0.0,0.0,0.0,0.024166473068020805,0.02436216713170918,15.215038018627864,1.1000009893524434,1.110766784068382,1.1336395654553293,1.1334017774179839,1.089917638174947,1.1260362418645027,-1.7434640130327672,1.798159098127666,-0.15883281420942652,-1.9022968272421938,0.16119820618399366,1.0,0.004186742498118495,0.15688223565490284,1.0,0.02993922885720916
1,22,1536,256,15.53125,1,16,94.140625,-0.38670610439981357,0.4036276523955082,17.443064838397973,1.8352257686052305,0.0,0.0,0.0,-19.480395905442087,-0.19480395905442088,0.0,0.0,0.0,0.025143644689852505,0.025427245236790335,5.431863464687547,1.1181882349023577,1.1309793760849904,1.154305467368186,1.1557663865458014,1.1066669923862995,1.14415467505763,-5.657542200205283,5.906448143918301,-0.46289169183487244,-6.120433892040156,1.3754756457879174,0.7270212330274792,0.004358869900511596,1.6981458007666095,0.5888775860992389,0.03995322441107009
1,23,1792,256,15.53125,1,16,94.140625,-0.7316991704123647,0.733123827575206,57.47805231343196,3.4425199430441937,0.0,0.0,0.0,-36.96758102682729,-0.3696758102682729,0.0,0.0,0.0,0.025953363097909892,0.026368444741755318,3.0325989625046486,1.1282135166203613,1.1453689024233276,1.1672324782019905,1.1702971295471896,1.1189255322072285,1.1584725914341476,-10.609630552955595,10.721758467101557,-0.8558125693110044,-11.4654431222666,1.014920465042527,0.9852988824676998,0.006996524135746044,7.42330752934335,0.1347108409623517,0.04536028274972846
1,24,2048,256,15.53125,1,16,94.140625,-0.6853092326313532,0.6862493174202561,49.80465035880762,3.242913310881762,0.0,0.0,0.0,-34.69628901102977,-0.3469628901102977,0.0,0.0,0.0,0.026451919659936263,0.02649523461803716,3.2747144163193216,1.1305709608196566,1.1514597400769833,1.1722418118710516,1.1778508478864809,1.1250162373693078,1.165024692876344,-9.867200973841221,9.980445917774178,-0.8077626411669634,-10.674963615008185,2.059890736728607,0.4854626423477874,0.007239216494106131,6.91163956844697,0.1446834705567116,0.0467030365546455
1,25,2304,256,15.53125,1,16,94.140625,-0.8114994150682731,0.8222438113149984,72.39122678219672,3.9038644373135476,0.0,0.0,0.0,-40.97574533857124,-0.40975745338571234,0.0,0.0,0.0,0.02846675466447559,0.02903965272625174,2.859046110642489,1.1701477960861841,1.1945469119186873,1.2193432823115464,1.2243829311124184,1.165812136655335,1.1973668373277087,-11.7955284542972,12.03255806403582,-0.99567315680958,-12.791201611106779,2.5518251391284497,0.39187638081719817,0.007690412666655319,9.598682641979059,0.10418096287782047,0.05390033451106667
1,26,2560,256,15.53125,1,16,94.140625,-1.1725676536155718,1.1802323909704768,148.50096357748694,5.564313659431834,0.0,0.0,0.0,-59.248156781518,-0.59248156781518,0.0,0.0,0.0,0.030563298329684303,0.030997085425633404,2.05748182099058,1.2092438646056975,1.2365002093493216,1.2649897166371573,1.2720750740964366,1.2086600935138954,1.2293861825169745,-17.012673474204,17.23374385196014,-1.4854711238697371,-18.498144598073736,3.7014628002614036,0.27016346076188535,0.00914974272899415,19.27461007178222,0.05188172400249939,0.060607601514822314
1,27,2816,256,15.53125,1,16,94.140625,-1.4470346427050953,1.4496182132629503,223.55965465714797,6.924394978378999,0.0,0.0,0.0,-73.30025372057983,-0.7330025372057983,0.0,0.0,0.0,0.03181695070092461,0.03287597648886976,1.700481744227952,1.228694233500038,1.2571423913949773,1.2878358513284218,1.2978050955474854,1.2326077304159297,1.2494887220204247,-20.89902583129097,21.145195892076668,-1.871055117699605,-22.77008094899058,5.170672558119089,0.19339843874464277,0.008496357182111567,41.89410874194095,0.023869704596409805,0.06375134613905274
1,28,3072,256,15.53125,1,16,94.140625,-1.0773429407249626,1.0983583751558037,127.04697040951945,5.119936518170943,0.0,0.0,0.0,-54.70313650009335,-0.5470313650009335,0.0,0.0,0.0,0.03057760479530288,0.03224140610480197,2.2146802085435664,1.1949367220113345,1.22250782193133,1.2502279215836865,1.2638103451727607,1.2018725919211262,1.2305014508504095,-15.44444531801799,15.940324363670863,-1.3806781077170296,-16.825123425735022,4.014350494382428,0.24910630035901765,0.008617747041721172,24.367090548619466,0.041038957769894926,0.06218659436073725
1,29,3328,256,15.53125,1,16,94.140625,-0.30309447017611374,0.36125283117984597,13.016108083797125,1.3732058928063307,0.0,0.0,0.0,-15.511602610191945,-0.15511602610191944,0.0,0.0,0.0,0.02970216151193123,0.03036117942404977,7.3059964427561805,1.172710827917629,1.1989184508890343,1.227168561189384,1.2396241662575351,1.176896381191734,1.215744466999309,-4.2240070732567485,5.1021775907541915,-0.40654497637184883,-4.630552049628596,0.49977690203081726,1.0,0.007490024510255012,1.771221981439778,0.5645819724906119,0.06232390536839033
1,30,3584,256,15.53125,1,16,94.140625,-0.0529625898109037,0.07355212301709937,0.5734903728370375,0.2545913330637347,0.0,0.0,0.0,-2.653086886705441,-0.02653086886705441,0.0,0.0,0.0,0.030206937537841323,0.032309734488663006,31.435248910282866,1.1824923192830448,1.2082560634537067,1.240958422090594,1.2516987710481398,1.1841817315891803,1.2222022195784186,-0.7725207149153901,1.0709718696931656,-0.09609256673631827,-0.8686132816517084,0.06867276859961784,1.0,0.006728186419016741,0.09028168834873362,1.0,0.05833447308620989
1,31,3834,250,15.52,1,16,94.0,-0.060390706712541854,0.06277044158947367,0.38799678641775837,0.2954502744659919,0.0,0.0,0.0,-3.1116944713730494,-0.031116944713730495,0.0,0.0,0.0,0.03297619763367642,0.03359791169755475,29.81670517830972,1.238694656196118,1.263950362086319,1.306075022627394,1.3181637374767363,1.2376258677893666,1.2692095242761847,-0.8480235657867435,0.8809049737829369,-0.11059638359259455,-0.9586199493793383,0.14052843486994215,1.0,0.005861538190273278,0.08751224346796067,1.0,0.05456984597618925
2,32,256,256,15.53125,1,16,94.140625,-0.014625618756633086,0.014836516992998391,0.022856332861706477,0.06727226479484087,0.0,0.0,0.0,-0.7566151768552307,-0.007566151768552309,0.0,0.0,0.0,0.02891389617489756,0.02917366200411043,61.405787717429746,1.1666608297176269,1.1881705882026865,1.2207242819196704,1.228521989790728,1.1648533531102343,1.1991363710493816,-0.20878011287821963,0.21380520508961645,-0.04708659761511452,-0.25586671049333415,0.01582897718938245,1.0,0.005346218778581898,0.010197610767129555,1.0,0.04984281753066618
2,33,512,256,15.53125,1,16,94.140625,-0.010809378113977926,0.010827059722206833,0.01237966127441961,0.05160064378721363,0.0,0.0,0.0,-0.5628535104903665,-0.005628535104903664,0.0,0.0,0.0,0.030196412838458895,0.030422879311269656,68.69878589398718,1.1884078186944405,1.21080322700212,1.2467944698468048,1.256847336465016,1.1855566114805858,1.221701942474716,-0.1555434175399428,0.15735095344115085,-0.04395479839346304,-0.19949821593340586,0.018580865017360223,1.0,0.004861576557569422,0.007948883413515812,1.0,0.04551270734767056
2,34,768,256,15.53125,1,16,94.140625,-0.008858408623858317,0.008872965305388858,0.008314684903667647,0.04172479657268932,0.0,0.0,0.0,-0.4647598520575385,-0.004647598520575386,0.0,0.0,0.0,0.031479014752250144,0.03172420690738439,73.12851154095874,1.2096829491689465,1.2328932734881437,1.2723062410735793,1.2848130005226035,1.205839581617415,1.2438543536427458,-0.1274717895682178,0.12895491385494115,-0.04304615817952069,-0.17051794774773849,0.022476036125475312,1.0,0.004424546987494463,0.006872795873997421,1.0,0.04155575598987381
2,35,1024,256,15.53125,1,16,94.140625,-0.009101687460831854,0.009730726404583421,0.00965229825226447,0.04320967873503757,0.0,0.0,0.0,-0.466812747710576,-0.00466812747710576,0.0,0.0,0.0,0.033028339831341916,0.03531721883965826,73.39580974179007,1.236051826389295,1.2597940433218133,1.303672168308001,1.3188917512054026,1.2308535089121058,1.270037258948665,-0.13183038320381543,0.13894098209142233,-0.04500030716676766,-0.1768306903705831,0.04222477306878982,1.0,0.004064028401869285,0.007736500099678069,1.0,0.03799712528383328
2,36,1280,256,15.53125,1,16,94.140625,-0.03954979811232559,0.042568196817240264,0.19029017529989817,0.18992740249286877,0.0,0.0,0.0,-2.0030932561660775,-0.020030932561660775,0.0,0.0,0.0,0.03878967732183798,0.03998985266462675,40.87977177138018,1.346668353944704,1.3686331431225298,1.4318022301784439,1.4540887768735458,1.3361726408510455,1.3668984432629845,-0.5758558206248441,0.6169119472013784,-0.09488721595308547,-0.6707430365779296,0.22089326526396236,1.0,0.0030733444229362377,0.05735991587737085,1.0,0.036163872875438964
2,37,1536,256,15.53125,1,16,94.140625,-0.22375378441520047,0.24279531697410528,6.297119284628719,1.0517692221467516,0.0,0.0,0.0,-11.27710836408049,-0.11277108364080488,0.0,0.0,0.0,0.04306383772860826,0.04490730888846504,11.767567562819822,1.4169343347004455,1.4427232644413337,1.5144092688847415,1.5464003902989605,1.4044180182658823,1.4380099095234302,-3.288875410514918,3.548836227449421,-0.36595360509907293,-3.654829015613991,0.8133356004460917,1.0,0.004650553071424199,1.297602898378142,0.7706517928172693,0.04470880904682426
2,38,1792,256,15.53125,1,16,94.140625,-0.5524997314832384,0.5558625664693867,33.159396729032835,2.5525111830519696,0.0,0.0,0.0,-27.99500907847154,-0.27995009078471544,0.0,0.0,0.0,0.04601125661714252,0.04842706520453161,5.365105163929893,1.4522263920579368,1.4908253843402197,1.559753734074158,1.597729043240383,1.4439276080731787,1.4840232447144734,-8.03468726485184,8.143635150107455,-0.8576021384721502,-8.89228940332399,1.6436140761940408,0.6084153296591399,0.00275995452679641,8.798894903987579,0.11365063578004655,0.04970582526283499
2,39,2048,256,15.53125,1,16,94.140625,-0.5462983408104303,0.5469519778546801,31.635036549004866,2.5499765713283487,0.0,0.0,0.0,-27.762887079281775,-0.2776288707928178,0.0,0.0,0.0,0.04627769683615678,0.046516000583935256,5.467171503037303,1.4389427965609145,1.4890329393002493,1.5487687990883132,1.5914975652144316,1.4392317206241212,1.4827989927764809,-7.865980637986226,7.954248745042471,-0.8464650653532101,-8.712445703339435,1.5337016999854938,0.6520172729869559,0.0032629900416675374,8.77668113558828,0.11393828538957994,0.050703211212826275
2,40,2304,256,15.53125,1,16,94.140625,-0.643269351658595,0.6544527765130818,45.802425751820316,3.011054800897514,0.0,0.0,0.0,-32.593196722224015,-0.32593196722224016,0.0,0.0,0.0,0.0549961651169011,0.058819301537072835,4.947061004967183,1.5726060631328278,1.6361681105680237,1.712901947513786,1.7692998941075246,1.5839533309781606,1.599073423660073,-9.348346070698916,9.571042341544658,-1.111693691702634,-10.460039762401552,2.051119687609754,0.48753858979596515,0.004873742219127523,13.8397550110508,0.07225561429385981,0.057907730796898566
2,41,2560,256,15.53125,1,16,94.140625,-1.0106970464112235,1.01984367666833,110.90978405582706,4.811697449080015,0.0,0.0,0.0,-51.28331434337073,-0.5128331434337073,0.0,0.0,0.0,0.06450987561230122,0.06695665692733253,3.4651259693554954,1.7108057214991563,1.7885349200683551,1.8821837371205548,1.9590995830332194,1.7393434183814103,1.7179742307349497,-14.673800590284955,14.893608297241274,-1.861689190603939,-16.535489780888895,4.428988924250991,0.2257851661187243,0.006267571854427391,33.324647931944924,0.03000781889855774,0.06467587750858585
2,42,2816,256,15.53125,1,16,94.140625,-1.3565139374304522,1.3585467219752303,196.79137311011277,6.40746268083478,0.0,0.0,0.0,-69.1300758851332,-0.691300758851332,0.0,0.0,0.0,0.06981684672229592,0.07478692507013769,2.719578414682112,1.7786669789007772,1.864303837204603,1.9656751605777565,2.0564365151742585,1.8214589890647206,1.7814250261999665,-19.620747918527254,19.838919986234774,-2.5671937365504025,-22.187941655077655,5.2256283281958185,0.19136454741802436,0.0067305357875895155,85.05219333428707,0.011757486324539854,0.06793265926800178
2,43,3072,256,15.53125,1,16,94.140625,-1.0658807054377797,1.082354717020988,123.62485814767922,4.978278920634585,0.0,0.0,0.0,-54.45003643941058,-0.5445003643941058,0.0,0.0,0.0,0.06122792178746593,0.06847991467158192,3.225349069644926,1.6354786393715601,1.7124904309102624,1.7914368891697006,1.8741614948895355,1.6729969063123376,1.6723635081998405,-15.296598173651002,15.724176172231042,-1.8983347372756285,-17.19493291092663,3.7145924815247215,0.2692085349802711,0.008305944311139743,51.45367272580298,0.019434958614694187,0.06661226954725637
2,44,3328,256,15.53125,1,16,94.140625,-0.3183535203017798,0.37348849599345035,14.00970734610473,1.4810582649018669,0.0,0.0,0.0,-16.40980464176524,-0.1640980464176524,0.0,0.0,0.0,0.054176047637088554,0.057097048131529646,9.321322595056907,1.523340179502728,1.590563048344087,1.6583096270984226,1.7253469385371285,1.5463836770204236,1.5770392308998673,-4.450882552831048,5.293336820211752,-0.5812055862739702,-5.032088139105017,1.171238353155847,0.8537971774110255,0.006938680021429908,4.003200075881674,0.24980015513707685,0.06743049118706106
2,45,3584,256,15.53125,1,16,94.140625,-0.04390049474184487,0.06185543991134875,0.396591342819461,0.2034662858228646,2.34375,0.0,2.34375,-2.2063357719813634,-0.02206335771981363,0.0,0.0,0.0,0.05250231986975788,0.061866072073791335,41.92520023720614,1.5026556532109379,1.5645101630279075,1.6344575665376686,1.6948808363977392,1.5201454444853768,1.5487100881364047,-0.6339710834325851,0.890608042653401,-0.12522854887444324,-0.7591996323070285,0.09195536897190243,1.0,0.006285935549975347,0.1352659023338394,1.0,0.06368623593610497
2,46,3840,256,15.53125,1,16,94.140625,-0.06630806358995972,0.06895038122639129,0.4740062155301811,0.31302139837398707,0.0,0.0,0.0,-3.4321203270818526,-0.03432120327081853,0.0,0.0,0.0,0.06336277920954803,0.06602916273509653,34.87105901088772,1.6769177083429807,1.7421742255078163,1.8413556906923045,1.9227165264951986,1.6959803174165493,1.696057028256386,-0.9334396078524418,0.9736592992727806,-0.181705921778184,-1.1151455296306259,0.33543737772119797,1.0,0.005854116028135988,0.2258917401811375,1.0,0.06101046036515773
2,47,3854,14,7.5,1,14,0.0,-0.04188634576337652,0.059070540336068,0.04832192170065545,0.19464306068601095,0.0,0.0,0.0,-2.7552167402178904,-0.0275521674021789,0.0,0.0,0.0,0.06720831980805436,0.06725534076916548,41.110383604378725,1.7268333616480878,1.7933987082216134,1.9012144053318554,1.997248765545223,1.7439777084626498,1.7455027562086705,-0.23187264796427914,0.310875929272935,-0.1634825898362474,-0.39535523780052645,0.9714709443014997,1.0,0.00584565401655089,0.0545720886349815,1.0,0.05610746939869962
3,48,256,256,15.53125,1,16,94.140625,-0.1644105103136002,0.19167005894140854,3.5721078621923983,0.7645727358825534,0.0,0.0,0.0,-8.459958107446566,-0.08459958107446566,0.0,0.0,0.0,0.04866610669033934,0.05259260990940563,15.65622027966925,1.4623292048316228,1.5072132727877268,1.5791142226914987,1.629218229034949,1.4639746351378202,1.4876233939507846,-2.2799781324327824,2.6728665743700706,-0.3108419900909024,-2.590820122523685,0.8716336723352269,1.0,0.006499158541297278,0.8842560809405806,1.0,0.05918634963748808
3,49,512,256,15.53125,1,16,94.140625,-0.08813847191530243,0.088256617237397,0.823190472459254,0.4120579747175398,0.0,0.0,0.0,-4.503658950732848,-0.04503658950732849,0.0,0.0,0.0,0.05014863791932828,0.051141928987877075,26.963344289829298,1.4788571104407509,1.5223024025812606,1.60265610294429,1.6594500152346154,1.4795564355223496,1.506419157676997,-1.2687937273052852,1.283113769281005,-0.18598819708816533,-1.4547819243934503,0.2414272293084897,1.0,0.006023264689422753,0.25840980907137506,1.0,0.055779335869249165
3,50,768,256,15.53125,1,16,94.140625,-0.07317351037932833,0.0732804064543573,0.5672726314227159,0.3449328055584801,0.0,0.0,0.0,-3.748374309380014,-0.03748374309380015,0.0,0.0,0.0,0.054924329269267325,0.056062818067506084,31.792943935617057,1.5402891261784237,1.5856305221886524,1.6834751128859717,1.7517911938603183,1.5386956288702387,1.5696152538057246,-1.05313368522434,1.0651503475310102,-0.17275634927200498,-1.225890034496345,0.2504305074966189,1.0,0.005685414522125005,0.2095753010603335,1.0,0.05259056658048536
3,51,1024,256,15.53125,1,16,94.140625,-0.06163017611796568,0.06167730124270059,0.40224758772620905,0.2842530524247573,0.0,0.0,0.0,-3.156759288200184,-0.03156759288200184,0.0,0.0,0.0,0.061386980680528135,0.07232160872584956,37.00433586416107,1.6208108883718102,1.6681714869448954,1.7891766682675123,1.872591327741003,1.6166422911501415,1.651061489704869,-0.887469778631984,0.8969365504049983,-0.16589131853594977,-1.053361097167934,0.02170757898161319,1.0,0.005164746666790893,0.17929980135635043,1.0,0.04976384673619686
3,52,1280,256,15.53125,1,16,94.140625,-0.021411769211685687,0.029978016279213645,0.08850454963285208,0.09717222678585359,21.09375,0.0,21.09375,-1.140081164303146,-0.011400811643031463,0.0,0.0,0.0,0.08943351848383577,0.09660531443675024,65.6718452955794,1.9867806881018466,2.0417199284729883,2.2571123473233623,2.4091115549230344,1.9816303467017988,1.990323970928185,-0.2945995347342461,0.4207244933037583,-0.1361824356865694,-0.43078197042081545,0.03985727563553204,1.0,0.00460301789233721,0.07602492678309024,1.0,0.04673190694941803
3,53,1536,256,15.53125,1,16,94.140625,-0.1286043534284343,0.14808981911440494,2.333747573460763,0.6064174288404381,0.0,0.0,0.0,-6.516177707259662,-0.06516177707259663,0.0,0.0,0.0,0.11356066229755571,0.12354300499666214,27.35897499898779,2.2511261728704466,2.3184315207752078,2.6063275382457785,2.8282462780823803,2.2418655764012065,2.256214532050432,-1.899569646998747,2.1604386468774175,-0.4150764504216885,-2.3146460974204355,0.582434407212513,1.0,0.004278978948095398,1.3701557686126333,0.7298440242400769,0.05335988754752985
3,54,1792,256,15.53125,1,16,94.140625,-0.4233391575052716,0.42838438995231587,19.72717134703655,2.024403443726902,0.0,0.0,0.0,-21.672390326324763,-0.21672390326324759,0.0,0.0,0.0,0.131594524268064,0.14499778037799865,11.1686442540717,2.4072217985622046,2.5105546716638,2.8228199921397352,3.093008224394593,2.402060913801635,2.4331942397291444,-6.168300740011222,6.281269194523754,-1.1782497613359761,-7.3465505013472,0.561075763999988,1.0,0.0048491962602553625,13.814018734711054,0.07239023047560077,0.057089827856985534
3,55,2048,256,15.53125,1,16,94.140625,-0.43889197859451756,0.43935187065030795,20.411058784840144,2.0716919538880965,0.0,0.0,0.0,-22.563468295511186,-0.22563468295511185,0.0,0.0,0.0,0.12918611310506162,0.13067496746265145,10.880260202865683,2.3311084705981204,2.45987545857105,2.73302735496024,3.0005008942165814,2.339155710081575,2.386689307455743,-6.319874569442442,6.389218854420334,-1.1873439669304608,-7.507218536372903,1.9704796311051564,0.5074906556832275,0.0067196007727415895,14.409958929771689,0.06939645039056638,0.05716645279132233
3,56,2304,256,15.53125,1,16,94.140625,-0.5133222253761162,0.5241137986675054,29.25018275297045,2.42030705156266,0.0,0.0,0.0,-26.27028987026963,-0.2627028987026963,0.0,0.0,0.0,0.1770969375507116,0.2027915268730591,10.240502096011019,2.7759282604301325,2.9649993278858284,3.3431317140964842,3.734154734242897,2.8284643737224586,2.797674406643325,-7.457048427775295,7.6485531642226885,-1.7293774845248668,-9.186425912300162,1.47482717323956,0.6780455487563541,0.00759241354054764,25.798359375780603,0.038762154811239506,0.0621794235912384
3,57,2560,256,15.53125,1,16,94.140625,-0.9108722673137924,0.921848265709727,90.67662465810858,4.324297574537864,0.0,0.0,0.0,-46.91079983409631,-0.46910799834096306,0.0,0.0,0.0,0.23773990292296449,0.25495304084884535,6.851023727140625,3.302023958895492,3.5600606164411843,4.055079824944429,4.614709977495664,3.419615100216733,3.2694355031410165,-13.242794478636803,13.466746055236104,-3.470136907877689,-16.71293138651449,3.0952675701566696,0.3230738465525887,0.004841218382731576,80.5228749723431,0.012418831299099372,0.06789448997289922
3,58,2816,256,15.53125,1,16,94.140625,-1.294058939494306,1.2970592721986307,179.48633112650583,6.015934844897895,0.0,0.0,0.0,-67.37892526632382,-0.6737892526632382,0.0,0.0,0.0,0.27286191863985765,0.3027313637583763,5.288613662002798,3.577039367381552,3.863936350817756,4.408083623772981,5.064837970677716,3.7369968608459248,3.511141455398069,-18.734711544073154,18.946573892211006,-5.159422413482266,-23.894133957555418,3.1827578982859897,0.3141929207177618,0.005692392555909603,229.47948395012472,0.004357688028518231,0.07055565903329476
3,59,3072,256,15.53125,1,16,94.140625,-1.0203628204288084,1.0356136249559413,113.1682438722402,4.861703752673018,0.0,0.0,0.0,-53.21643169144163,-0.5321643169144163,0.0,0.0,0.0,0.21223343170176306,0.2551140824052068,6.07258267156728,3.018620807873811,3.233966717325582,3.6219631693456735,4.122294087671668,3.121550526374274,3.026223028271314,-14.643593504461135,15.044483631699707,-3.4949451194048136,-18.138538623865948,4.628381019445337,0.21605827087240098,0.007693418894233409,131.01167727437834,0.007632907392718097,0.06902061421679556
3,60,3328,256,15.53125,1,16,94.140625,-0.30041360877959433,0.3530949155360047,12.444518274789377,1.4098426099561194,0.0,0.0,0.0,-15.881135897890301,-0.158811358978903,0.0,0.0,0.0,0.16173399148076292,0.1783892009351176,15.688706473572916,2.5482683393176804,2.7071357846007347,2.9874280613234685,3.332489370715515,2.5899504345588396,2.6048170278696556,-4.191694742950456,4.988891314668897,-1.0308943682081009,-5.222589111158555,1.7294713639433958,0.5782113661135642,0.007520958982066251,9.510722121683967,0.10514448715939775,0.06904751030650641
3,61,3584,256,15.53125,1,16,94.140625,-0.03472134405860865,0.0473391430478107,0.23176659351305806,0.16884105188294654,12.890625,0.0,12.890625,-1.793425269038357,-0.01793425269038357,0.0,0.0,0.0,0.14634268012700222,0.1969149866000916,59.67009817443938,2.4132064380027107,2.5474488842044742,2.7983922032975395,3.089613589478917,2.4358800664966798,2.4613203063907987,-0.49967358534988654,0.6808327158899726,-0.24525295684814272,-0.7449265421980293,0.1700678485110978,1.0,0.006594927899277889,0.27772991921194223,1.0,0.06660761334725993
3,62,3840,256,15.53125,1,16,94.140625,-0.059135137937843335,0.060053409771693045,0.36960837577937816,0.2834634614198766,0.0,0.0,0.0,-3.188546947542137,-0.03188546947542136,0.0,0.0,0.0,0.205818637508587,0.21819385182989312,51.154475065227466,3.001056706632051,3.1518371163073216,3.516381452120581,3.9561393610780122,3.024718605267103,2.973088877040841,-0.8406274973530421,0.859777152266072,-0.4023472770390979,-1.24297477439214,0.10371543206008003,1.0,0.005851261526956502,0.6344036766000852,1.0,0.06600560083344735
3,63,3863,23,10.782608695652174,1,16,34.78260869565217,-0.03338800220531934,0.08735922403080415,0.10527120109932976,0.1460329286097622,0.0,0.0,0.0,-2.7316379296253785,-0.02731637929625378,0.0,0.0,0.0,0.2259436427457368,0.226391288435423,56.47694501991751,3.168566837412756,3.3136181126951585,3.6990596512053178,4.201022191461567,3.1767076696332226,3.123323918209825,-0.2568716856620002,0.4588489971642736,-0.40006349965646004,-0.6569351853184602,0.386046386146548,1.0,0.005896121112320742,0.20246094567775216,1.0,0.06183790249279509
4,64,256,256,15.53125,1,16,94.140625,-0.08813078714028987,0.1491222499654003,2.003640047244901,0.4402150277746577,0.0,0.0,0.0,-4.71579452783954,-0.04715794527839541,0.0,0.0,0.0,0.12103899633693573,0.13796392556922366,36.72518312756608,2.1984130730126297,2.2710037723934704,2.458951720259278,2.686249232951911,2.1853549785201967,2.208613048325968,-1.151356986553493,2.0018191962536984,-0.3295803751788056,-1.4809373617322985,0.2215848798486591,1.0,0.005673568440581384,1.1490190031589806,0.8703076252444173,0.06112486476587867
4,65,512,256,15.53125,1,16,94.140625,-0.0047500025874391595,0.004770663396323563,0.00239115658566527,0.022079858942022624,0.0,0.0,0.0,-0.32165472170460363,-0.0032165472170460367,0.0,0.0,0.0,0.1546407811349368,0.15933735542944094,90.54986771427323,2.5105886764127554,2.5922745457350738,2.8584856567176793,3.1668487356309796,2.4851214458208224,2.4989527105669076,-0.06816654567341672,0.06915427081048964,-0.17077968752301226,-0.23894623319642896,0.005361867114698077,1.0,0.005135957309335193,0.025959978648971965,1.0,0.05571008947581121
4,66,768,256,15.53125,1,16,94.140625,-0.0034171464667001,0.0034302499211713426,0.0012398211541621426,0.01608854781338432,0.0,0.0,0.0,-0.2648704105738714,-0.0026487041057387138,0.0,0.0,0.0,0.17699205166452386,0.1821387241692704,92.57847257833384,2.69834552437928,2.7795840638558147,3.105104393034583,3.470431478848857,2.6614691501460563,2.6700004546016847,-0.04909785479809753,0.04979600695160492,-0.1911805700993444,-0.24027842489744192,0.004133291151137819,1.0,0.004649747796493094,0.021761807195125125,1.0,0.050757039043713266
4,67,1024,256,15.53125,1,16,94.140625,-0.0036240737275458944,0.004127065281730386,0.0017498953581340194,0.016676356024756568,93.359375,0.0,93.359375,-0.26545210805371733,-0.0026545210805371732,0.0,0.0,0.0,0.20829873821351325,0.2739736723299099,92.72197936028408,2.9551687883289564,3.035687665648875,3.442112164838938,3.887960346114374,2.905255313169723,2.899340216713015,-0.052666796270076296,0.05915902903418918,-0.22464871829810673,-0.27731551456818304,0.007526918931383126,1.0,0.00422668736366011,0.029342905082173944,1.0,0.046390478219652725
4,68,1280,256,15.53125,1,16,94.140625,-0.035229129926217496,0.04422328611595663,0.2029933262246504,0.17355838208067387,1.171875,0.0,1.171875,-1.9180939185006483,-0.019180939185006483,0.0,0.0,0.0,0.37045748425259534,0.4170313313744076,68.50127883037389,4.266479265190442,4.359269123913269,5.144945664727986,6.025548016472873,4.194032445273647,4.037461939750579,-0.5179491785072902,0.6371708188934117,-0.5408037493284463,-1.0587529278357364,0.1526935888577596,1.0,0.003800102988577486,0.6423792416085927,1.0,0.04968203791490648
4,69,1536,256,15.53125,1,16,94.140625,-0.25716536162691,0.275501971442323,8.100083336184454,1.2011979614545782,0.0,0.0,0.0,-13.39979005402223,-0.13399790054022226,0.0,0.0,0.0,0.5148852474300206,0.5773154863346098,26.532151131789533,5.278996434408457,5.434916183347115,6.476825725513124,7.746407114306999,5.159009685476702,4.928059874576904,-3.7743523573024227,4.024943064487858,-1.940608753781408,-5.714961111083831,0.7767095427617378,1.0,0.0046364812058376035,14.570056971005384,0.06863391145209755,0.05651780191984638
4,70,1792,256,15.53125,1,16,94.140625,-0.5450266996413332,0.5467987050461206,31.92633854282303,2.607526589868756,0.0,0.0,0.0,-29.17368035572408,-0.2917368035572408,0.0,0.0,0.0,0.5823398880224184,0.6752839896112015,15.119083261631024,5.701924941417605,5.90545253140661,6.9800171275796306,8.407999356045213,5.5134105244839695,5.27734712358607,-7.90430527749261,7.99078701290718,-3.851687816947682,-11.755993094440292,1.1460826783289435,0.8725373997084218,0.006122642886647653,72.18268149657598,0.01385373858752304,0.05930221734145042
4,71,2048,256,15.53125,1,16,94.140625,-0.49372744555864106,0.4943922597787405,25.834025221204946,2.334237943317449,0.0,0.0,0.0,-26.44399000778098,-0.2644399000778097,0.0,0.0,0.0,0.5528478138154169,0.5570586096954121,16.581988269623768,5.444086294465206,5.651490598275048,6.582668218971074,7.920171699351636,5.234230146105956,5.016200770714276,-7.107342113786711,7.188049140233384,-3.3340260819516345,-10.441368195738345,1.9297182647964157,0.5182103617107544,0.0036570804425905,57.61122092056611,0.017357729692602627,0.05929811473415634
4,72,2304,256,15.53125,1,16,94.140625,-0.6103518541306335,0.6239911387054885,41.32327427234006,2.918937944941506,0.0,0.0,0.0,-32.43341587369722,-0.3243341587369722,0.0,0.0,0.0,0.8278845080346543,0.9465517453205405,14.61359175818083,7.400674685290307,7.663524532151146,8.989579441232895,10.987528516494367,7.1457538868737,6.507797736383405,-8.878274074891383,9.09101471479835,-5.6651678911941445,-14.543441966085528,1.6682488079155633,0.5994309693225413,0.003755374721015734,119.91979904308545,0.008338906569053827,0.06302245372770096
4,73,2560,256,15.53125,1,16,94.140625,-1.0479879459158625,1.0633700402298878,119.13657137994768,4.999065388419838,0.0,0.0,0.0,-56.822839350961516,-0.5682283935096151,0.0,0.0,0.0,1.0851668724345105,1.1614674992129141,9.925590212688096,9.3009451330757,9.534793866192233,11.165088542020456,13.760446427639373,8.98659252386079,7.836763688461978,-15.213601897579897,15.436098689756275,-10.93302110183149,-26.146622999411385,2.216470938273776,0.45116765698665845,0.0055731691822718055,331.05183578673115,0.003020674987720702,0.06658904368549004
4,74,2816,256,15.53125,1,16,94.140625,-1.3583810755025507,1.3667699223870535,197.2970231440703,6.56440724991654,0.0,0.0,0.0,-75.7592529611585,-0.757592529611585,0.0,0.0,0.0,1.1721686111009428,1.3307369407855163,8.197442766285931,10.006213617301412,10.145288608049192,11.80491914913184,14.57902576848221,9.652857949435875,8.255930912865654,-19.629533120758694,19.86439141499534,-14.299198475917203,-33.928731596675895,2.835673069510119,0.35264996192694265,0.006483166437852078,758.9941704914302,0.0013175331759827937,0.0684876874756881
4,75,3072,256,15.53125,1,16,94.140625,-0.9391613674115542,0.9634161981554071,97.24105249761676,4.469776971360374,0.0,0.0,0.0,-52.35687917885318,-0.5235687917885317,0.0,0.0,0.0,0.845019197593049,1.1113478430535582,10.733602181359759,7.644014454781859,7.649513626853719,8.785997049505802,10.774299591499275,7.244298735148965,6.425171029534358,-13.429507719456238,13.945684099219855,-7.872652473188641,-21.30216019264488,2.8419664195918544,0.3518690414869905,0.0045204793281426086,314.0926507036164,0.0031837739525577705,0.06736959930051939
4,76,3328,256,15.53125,1,16,94.140625,-0.21215486939027103,0.2626205215799878,6.747506402288766,1.026248665962379,0.0,0.0,0.0,-12.363036709474127,-0.12363036709474126,0.0,0.0,0.0,0.6013644779215617,0.7270358591571229,29.459068118218227,5.915693764330939,5.857316069179291,6.636811481038433,7.973012390353013,5.498649090470369,5.097218269047948,-2.9343547086807242,3.6735558801490327,-2.0413560792497125,-4.975710787930437,0.44733002727611787,1.0,0.00445280308449464,14.903228793412941,0.06709955365121877,0.06991119030391568
4,77,3584,256,15.53125,1,16,94.140625,-0.02544465809928727,0.03326107251005532,0.11964023193343984,0.12470001495147584,34.375,0.0,34.375,-1.5486757203065675,-0.015486757203065674,0.0,0.0,0.0,0.575420542251317,0.7701920394350553,74.93830496004522,5.835760252035695,5.7045551959970995,6.433101346491654,7.687502549106437,5.370650881619484,4.9701608623178215,-0.37375082942877946,0.48916302381402427,-0.7678590309163164,-1.141609860345096,0.07288981379855416,1.0,0.00392031991087588,0.7073741502738514,1.0,0.06985072668867891
4,78,3825,241,15.50207468879668,1,16,93.7759336099585,-0.02780893713024518,0.07625125304145101,0.12949100977029462,0.12521555661448588,0.0,0.0,0.0,-2.1929051645902566,-0.021929051645902566,0.0,0.0,0.0,0.8074231615207536,0.8279817637645694,72.39258269681613,7.763442946958656,7.39159986273367,8.363032500580104,10.176742289096206,6.9961873066742415,6.282303855237889,-0.39761500733852423,0.5089027603978871,-1.115339626577882,-1.5129546339164064,0.17912735127218343,1.0,0.0036000769174329684,0.9111483084484376,1.0,0.06896730964782538
5,79,256,256,15.53125,1,16,94.140625,0.00050780661320755,0.0005896370889540822,3.718443020812553e-05,-0.002403625169879535,100.0,0.0,100.0,-0.22010597590821526,-0.002201059759082152,0.0,0.0,0.0,0.481791731188679,0.49656951658576853,96.09834542909063,5.270759119811703,5.016513597354548,5.561604762490298,6.586295524379366,4.741698965910407,4.421995926185686,0.00755240696716252,0.008623738192701066,-0.5013527850426781,-0.49380037807551563,0.0014481935163530388,1.0,0.003261809607237871,0.00918970865612406,1.0,0.062410473402412514
5,80,512,256,15.53125,1,16,94.140625,0.001909399959638069,0.0019284805412886046,0.0003973190143562204,-0.009024707599149986,100.0,0.0,100.0,-0.18533477187765018,-0.0018533477187765018,0.0,0.0,0.0,0.5558337435817614,0.5727519871044465,96.87331347893371,5.866010285812542,5.5027840944970485,6.091128940372355,7.287420454898,5.199635881001495,4.817744895493327,0.027749814047552553,0.02818932472962843,-0.5737738533147566,-0.546024039267204,0.0035682152948604854,1.0,0.00295301499195545,0.038264564589702905,1.0,0.056235939189570185
5,81,768,256,15.53125,1,16,94.140625,0.003244542953316286,0.003254362639564223,0.0011280877582827604,-0.015739576228779143,100.0,0.0,100.0,-0.15659248163251122,-0.0015659248163251123,0.0,0.0,0.0,0.6349388354440841,0.6538188304651227,97.47127557815627,6.504466917409666,6.018128153246495,6.65050269371123,8.031529691131226,5.6857558514172855,5.235582562094722,0.047002842414720795,0.04749921595737682,-0.6514112303116064,-0.6044083878968856,0.006012577045676594,1.0,0.0026754016021273597,0.0729728856801638,1.0,0.0503594807398863
5,82,1024,256,15.53125,1,16,94.140625,0.0028318665913415085,0.004198836459170788,0.0018237333267128247,-0.01342944874830536,100.0,0.0,100.0,-0.16206243174287177,-0.0016206243174287176,0.0,0.0,0.0,0.7464399534940044,0.9947980613209595,97.28557182933584,7.419902042853253,6.763968093097146,7.469135589406819,9.114415671967798,6.396631102969046,5.8309977353176965,0.040323733805297204,0.060394260103304925,-0.7672668613218967,-0.7269431275165994,0.005832187091837334,1.0,0.0024198016046630675,0.06551440644452286,1.0,0.045101161085776005
5,83,1280,256,15.53125,1,16,94.140625,-0.0735804399876574,0.09040392033436662,0.850051938810863,0.3429715992575529,28.515625,0.0,28.515625,-4.2825096194412815,-0.04282509619441281,0.0,0.0,0.0,1.3240215711206424,1.4892749178927593,60.40981641718142,12.312123372407507,10.89786707253419,12.10058254778751,15.113099430036769,10.406900095808775,9.062926940735295,-1.0878696257492206,1.3038803156815146,-2.191732485954173,-3.279602111703393,0.26339687532370665,1.0,0.0019298636682107788,4.513752254392068,0.22154516766554005,0.053951657041818944
5,84,1536,256,15.53125,1,16,94.140625,-0.3433614131065922,0.3645021953932127,13.518977689428688,1.6308772321161857,0.0,0.0,0.0,-19.330778524134345,-0.19330778524134345,0.0,0.0,0.0,1.7593976287164392,1.9222949796525983,25.006602240090288,16.397444014824174,14.280090957933824,15.590217927952109,19.526672252878242,13.474703759897109,11.665103030228494,-5.015497076603859,5.199803398096641,-7.035732451071636,-12.051229527675497,0.9492462453661961,1.0,0.005048647489946704,61.293681650880345,0.01631489532144358,0.0607028598526884
5,85,1792,256,15.53125,1,16,94.140625,-0.4595271464240497,0.46629475503033646,22.558514549859375,2.1373352563867862,0.0,0.0,0.0,-28.540043687650993,-0.28540043687650996,0.0,0.0,0.0,1.751881407859996,2.0746105087311433,18.31853805627458,16.562751269677996,14.295834776382499,15.359742646751862,19.28720846255033,13.289447551412062,11.584418349709196,-6.620997074688658,6.716921102686762,-9.563434606398246,-16.184431681086906,2.3222569057164058,0.4306155781207612,0.00386375640884974,137.13376642477002,0.007292150037668427,0.06388373180056875
5,86,2048,256,15.53125,1,16,94.140625,-0.36710221655914904,0.36761926814273677,14.261339592594739,1.7762315624327258,0.0,0.0,0.0,-22.032284510318416,-0.22032284510318415,0.0,0.0,0.0,1.6583514842939218,1.7967938782202992,23.018320178221824,15.987974141174693,13.585036493400514,14.439239601576958,18.241756502048442,12.550020239327077,10.90345433882818,-5.283335221800378,5.34066280392139,-7.20448525980157,-12.487820481601947,0.7975414675846262,1.0,0.003511883818649708,86.06564149887566,0.011619038475569414,0.062981110210769
5,87,2304,256,15.53125,1,16,94.140625,-0.5444682277953691,0.5642823978490845,32.92428566020983,2.5940120186678173,0.0,0.0,0.0,-32.040754004713044,-0.3204075400471305,0.0,0.0,0.0,2.3088134814972934,2.476178801095949,16.628480744665946,22.723135016017878,19.08477313540527,20.062251400338273,24.997859364192244,17.93721244317017,15.012307139069392,-7.937039520094162,8.114713261749898,-13.884692876935919,-21.821732397030082,2.4685805463929356,0.4050910963635315,0.0036557688845966136,217.8808665424604,0.004589664140174149,0.06353539988210946
5,88,2560,256,15.53125,1,16,94.140625,-0.9711856800789653,0.9987688673099938,104.03856347088447,4.682396373547818,0.0,0.0,0.0,-58.784018126650025,-0.5878401812665003,0.0,0.0,0.0,2.656486309758118,2.8200347128697003,10.617489308721835,26.45053047481307,22.177386937009334,23.07357231818161,28.415594796264227,21.139699258590404,17.29733777179024,-14.132700343808372,14.424878749638381,-25.019910381034457,-39.15261072484283,1.8081927730581508,0.5530383789272231,0.004803674346581288,640.9060526855133,0.0015602910844886198,0.06293506425020128
5,89,2816,256,15.53125,1,16,94.140625,-1.2833776258954521,1.3112354567695368,175.76034084409815,5.994950284174231,0.0,0.0,0.0,-82.38662458494777,-0.8238662458494777,0.0,0.0,0.0,2.816203257579481,3.083392311453525,8.218139514875448,28.246372613740075,23.647549490869487,24.377684283535608,29.80961384033344,22.770987136592005,18.486379714527814,-18.478546397162248,18.748884811854712,-34.26813638880117,-52.746682785963415,1.7357952243861583,0.5761048227066284,0.006572725366466506,1520.9606688921392,0.0006574791974919348,0.06273923289305591
5,90,3072,256,15.53125,1,16,94.140625,-0.7982321820822069,0.8238091576049908,70.44619495866401,3.7299370899172453,0.0,0.0,0.0,-52.490527667113305,-0.5249052766711331,0.0,0.0,0.0,2.134265123604252,2.7043572723197347,12.134008176190399,21.734763252464536,17.75304658391813,18.233394223397262,22.84190313436362,16.930807024225913,13.926408121276042,-11.384356070679312,11.869810020271093,-17.58911888482283,-28.97347495550214,1.8397331143675697,0.5435571019461494,0.008725021943255126,537.7188120865757,0.001859708043539668,0.0614753296785626
5,91,3328,256,15.53125,1,16,94.140625,-0.14645222566768748,0.19510437566642702,3.615330599359228,0.6833667613075081,11.71875,0.0,11.71875,-11.165874711625074,-0.11165874711625075,0.0,0.0,0.0,1.6043760683619948,1.904900637644404,35.71087013325166,16.619131433602753,13.391509475604773,13.684518030613013,17.22881819259163,12.641340455173559,10.715578442202354,-2.013478371820332,2.6889888803634827,-4.4926826548202845,-6.506161026640617,0.5787236898902416,1.0,0.008373198696514053,20.51325102700123,0.048748976877615244,0.06517736405518793
5,92,3584,256,15.53125,1,16,94.140625,-0.014764873458571932,0.022673946941124516,0.05547037540793306,0.07364398921072399,100.0,0.0,100.0,-1.5083772534845927,-0.015083772534845927,0.0,0.0,0.0,1.5500353031988667,1.9212614695983132,78.87585606144577,16.436362276637652,13.161425936122576,13.380653081035316,16.79981278576262,12.4831984576522,10.599255454911926,-0.22376403316118945,0.3330776948639253,-1.9651581365929771,-2.1889221697541665,0.04496364579403618,1.0,0.007599064918725892,0.8351640887409278,1.0,0.06523561571699447
5,93,3806,222,15.45945945945946,1,16,93.24324324324324,-0.002471150586109432,0.1773576763312707,0.22331272019471196,0.0083682950835146,92.7927927927928,0.0,92.7927927927928,-2.0602290980826363,-0.02060229098082636,0.0,0.0,0.0,2.00084868759281,2.034509953873701,74.89242473646003,21.363699661517295,16.975628754966067,17.134065460952332,21.493125159885384,16.269876207095443,13.597439210541161,-0.029579788431278453,0.6683004117830722,-2.671630267859031,-2.70121005629031,0.4516985039290158,1.0,0.006479082597945426,0.12592226751310132,1.0,0.05995596887746813
6,94,256,256,15.53125,1,16,94.140625,-0.16355244544574535,0.18881919514778941,3.3963149965420056,0.7596789033346796,0.0,0.0,0.0,-9.344114034644498,-0.09344114034644496,0.0,0.0,0.0,0.7290702267840009,0.8708523225912005,40.09876311053794,8.532653060126387,6.926072572479736,6.9543448778329235,8.504538667838748,6.553260018799689,5.868660380067469,-2.2575927444077135,2.606267444657975,-1.8181863235387468,-4.07577906794646,0.3141418681018556,1.0,0.005962911888706098,7.397046697576185,0.13518908841384947,0.06002400026936248
6,95,512,256,15.53125,1,16,94.140625,-0.07898684043226631,0.07916510899925965,0.6610540597780976,0.38060751698754614,0.0,0.0,0.0,-4.792949238460244,-0.04792949238460244,0.0,0.0,0.0,0.9909038201922687,1.0453973876339244,58.20056566332742,11.12241053328464,8.841101162837447,8.90217632498873,11.06425412118384,8.363037536453838,7.399454653734077,-1.1358317759202872,1.1498296045746061,-1.7025673357271924,-2.8383991116474796,0.1716370210533262,1.0,0.005390283679136573,3.3877853786626946,0.2951780848628443,0.060475944843440224
6,96,768,256,15.53125,1,16,94.140625,-0.0617579787867714,0.06189642244421952,0.40432837623653817,0.29114292722464774,0.0,0.0,0.0,-4.012557352396197,-0.040125573523961976,0.0,0.0,0.0,1.1801643738383754,1.2359821442625571,63.19615212483794,12.956148359054033,10.178135720596286,10.28209472730948,12.876617235924094,9.637330117887068,8.538720460436986,-0.8882738271979115,0.8992534417354633,-1.8674623915504758,-2.755736218748387,0.061007704575895626,1.0,0.00484651056957322,2.826015848149847,0.3538550573432509,0.06124674430769086
6,97,1024,256,15.53125,1,16,94.140625,-0.04746709953089307,0.04801448519299874,0.2447707772321286,0.2172008571407697,12.890625,0.0,12.890625,-3.3347076234745714,-0.03334707623474571,0.0,0.0,0.0,1.457558269256674,1.9626456558734622,68.15871776618324,15.633627199394478,12.16966886279701,12.336681016322611,15.5198039085158,11.560206616497295,10.271734073966702,-0.6826229806176488,0.6996724622737822,-2.1384766571706804,-2.821099637788329,0.07680879221862524,1.0,0.004402840655310006,2.3453054697039235,0.4263836898509609,0.06219326413792047
6,98,1280,256,15.53125,1,16,94.140625,0.010216491697579941,0.016613498712712286,0.02793041775666289,-0.04831328931838409,100.0,0.0,100.0,-0.6993047550871696,-0.006993047550871696,0.0,0.0,0.0,2.518159703271811,2.8190880325455234,90.99328690447373,26.278056858208732,20.70850144301489,21.04282738794775,26.06038845079373,19.986169612650627,17.621417336755826,0.15896000488720452,0.23634896977420017,-2.767412617938966,-2.608452613051762,0.01197443721364793,1.0,0.003986208115224704,0.6166866714169973,1.0,0.05174876352426804
6,99,1536,256,15.53125,1,16,94.140625,-0.11759480499841424,0.14590702940534292,1.914987098016558,0.5623055319583408,92.96875,0.0,92.96875,-7.866144658074492,-0.07866144658074492,0.0,0.0,0.0,3.2085271992951974,3.4623491167673315,43.973036799079935,32.58824905636297,26.073430023310102,26.889467333052252,32.368158650273884,25.685346950490278,23.10174867955461,-1.7392676082402245,1.957031986461416,-7.296578614653083,-9.035846222893309,0.12414918254425067,1.0,0.0036211321023058704,15.40379740761394,0.06491905687526832,0.056486239575455906
6,100,1792,256,15.53125,1,16,94.140625,-0.22661393220351345,0.2406456925966516,5.578324941329775,1.065004119000056,18.359375,0.0,18.359375,-18.302292900464117,-0.18302292900464118,0.0,0.0,0.0,3.352442952324739,3.6971909635509004,25.379152826373833,33.885615585658016,26.85481112173744,27.923098682926376,33.382146195328694,26.64476397621337,24.3076955626599,-3.274457890616273,3.340157164365107,-13.209436009388401,-16.483893900004674,0.540519922565354,1.0,0.0044628914242698416,59.22859016402981,0.01688373802635794,0.058429027446459995
6,101,2048,256,15.53125,1,16,94.140625,-0.17686958180934273,0.1773368167125419,3.3150190861449325,0.8447405668247793,0.0,0.0,0.0,-14.311953619533336,-0.14311953619533335,0.0,0.0,0.0,3.1842254716423506,3.261406527982076,30.639224196129106,32.77954813373521,25.120909344696077,26.412345446646754,31.913051286740547,25.150898585562533,22.98473574693128,-2.5432346413286067,2.574886050350552,-10.39264392355156,-12.93587856488017,0.37284356522957146,1.0,0.004134238060575029,40.20849150299764,0.024870368487349186,0.057496655784163235
6,102,2304,256,15.53125,1,16,94.140625,-0.30925820069288246,0.339968867951118,11.00672376365694,1.457400385731038,90.234375,0.0,90.234375,-21.27741971917076,-0.2127741971917076,0.0,0.0,0.0,3.9561083884340493,4.245598129710398,22.45785604628183,38.86186876961195,31.044629674486707,32.61513732664643,37.780857272433025,31.69359013793319,29.019383248706937,-4.522774163084399,4.69184905205974,-17.615699291513764,-22.138473454598163,0.597012763484644,1.0,0.004729864889056275,91.93865891561941,0.010876817345332307,0.05800328002987565
6,103,2560,256,15.53125,1,16,94.140625,-0.5998111963131023,0.6657866463051998,39.516886493983094,2.8624060371295297,43.359375,0.0,43.359375,-43.68420252435243,-0.43684202524352433,0.0,0.0,0.0,4.478155556511375,4.670148482876463,12.970876288248396,42.11748904563953,34.637339685917354,36.316540892117374,40.951882265874744,35.76303463522065,32.826143087628516,-8.73036803596752,8.890094093313422,-34.52469561033884,-43.25506364630636,1.1876001799005829,0.8420342274482584,0.005888332677756125,278.6476466510751,0.0035887616924761196,0.059512591999535604
6,104,2816,256,15.53125,1,16,94.140625,-0.591122284335866,0.6711283454941311,39.509828974585034,2.8133579892921503,18.359375,0.0,18.359375,-52.81652905104838,-0.5281652905104837,0.0,0.0,0.0,4.522569102974733,4.8949259004147025,11.191038789756865,42.411318213717486,34.68722467216177,36.51982881794433,41.050264958202526,36.163085379878524,33.17238801454943,-8.497131927211122,8.889300194569316,-40.41241557588229,-48.909547503093414,0.9548435611640343,1.0,0.006056789155503733,422.96844063310715,0.002364242586286535,0.06055456336135152
6,105,3072,256,15.53125,1,16,94.140625,-0.24060299424054785,0.27063790327539733,7.076989981737578,1.1127341141078224,0.0,0.0,0.0,-25.30875596091122,-0.2530875596091122,0.0,0.0,0.0,3.582797670024331,4.303844206255784,20.372831697764834,36.71548792082578,27.367728280168606,29.459040836600135,34.659450111021044,28.93050126597948,26.317023657974595,-3.382353211308314,3.7621775560804087,-17.586154557087962,-20.968507768396275,0.3961861461096587,1.0,0.005725735551008318,106.18447309836097,0.00941757274694652,0.05927111139876234
6,106,3328,256,15.53125,1,16,94.140625,0.010030504612736618,0.030012464461749242,0.053629019389044706,-0.04709785638328861,90.625,0.0,90.625,-2.426077925308422,-0.02426077925308422,0.0,0.0,0.0,2.881664468716246,3.2735523187041276,71.11224389168386,31.133386535741266,21.54542923324167,23.560774173176636,28.569249837045312,22.96508903695783,21.092554399529117,0.16396711779238618,0.32750273094752874,-4.0522761074808935,-3.8883089896885075,0.10039663559402619,1.0,0.004978863730352497,0.6674950263053729,1.0,0.05073648498748172
6,107,3584,256,15.53125,1,16,94.140625,-0.06042569019888066,0.06493061791307174,0.445802926362962,0.28541173463199665,100.0,0.0,100.0,-5.278176071927904,-0.052781760719279036,0.0,0.0,0.0,3.0750571863530842,3.4502031489682317,53.1834685210216,33.338761556970006,22.82060841907498,25.475626375510444,30.391683689626078,25.128849484137355,23.163990026186248,-0.8870565795495552,0.9442488298779744,-5.781979385450612,-6.669035965000166,0.2359070886554351,1.0,0.004414101232851546,6.0426563914330735,0.16549013136304452,0.051036868977065726
6,108,3759,175,15.314285714285715,1,16,91.42857142857143,0.002216667434808853,0.4842429196879896,1.6240358329227975,-0.03679913264393631,90.85714285714286,0.0,90.85714285714286,-5.087832403146348,-0.05087832403146349,0.0,0.0,0.0,3.570132577436626,3.6145538999914697,54.09121602140371,37.91734785227356,26.498915756802525,29.81673746087042,34.777413361431215,29.78458457497491,27.52140607062047,0.057624003154592256,1.8022407347093214,-6.600207649286229,-6.542583646131638,1.2360533642655769,0.8090265589739872,0.004425914613961002,0.29050661000618666,1.0,0.04460716347893227
7,109,256,256,15.53125,1,16,94.140625,0.007792641286808262,0.06532585364561176,0.18682841051138074,-0.04090841605649922,78.515625,0.0,78.515625,-2.8292063554766953,-0.02829206355476695,0.0,0.0,0.0,2.539026939007843,2.97015392308485,65.81451915473511,29.15031787707995,18.029586255972923,21.014232240455335,25.472168553360163,20.957152315461627,19.425232243541267,0.23131607791946385,0.6112747508467542,-3.85785229705681,-3.626536219137346,0.14969841397565903,1.0,0.003962168023649896,0.9679614423169007,1.0,0.04161234543763588
7,110,512,256,15.53125,1,16,94.140625,0.02013252889806924,0.02014000893052527,0.04306377920399271,-0.09588780829248003,100.0,0.0,100.0,-0.2861222156640601,-0.0028612221566406007,0.0,0.0,0.0,2.516803610264625,2.581325432264837,95.72766590481412,29.414306061630807,17.746187034409196,21.27605388564084,24.645370540814273,21.11064742361944,19.614479986750634,0.2908717765986798,0.2934749706669811,-2.6291287753398107,-2.338256998741131,0.06297782594580288,1.0,0.0036299352236432918,1.053663237842157,0.949069839475413,0.03511882252586062
7,111,768,256,15.53125,1,16,94.140625,0.022276013269842063,0.022284076658639018,0.05274437783439114,-0.10424807172906711,100.0,0.0,100.0,-0.24070738923757917,-0.0024070738923757918,0.0,0.0,0.0,2.6524627377441323,2.7180072285902557,96.28118614738808,31.388177242028853,18.868446147679894,23.108297535726976,25.568830436923065,22.847809775862466,21.255840000054487,0.3219005237445919,0.32479032570072386,-2.7549128172182247,-2.4330122934736327,0.013005943357330517,1.0,0.003267564856852813,1.1936890743718764,0.8377390909154494,0.03125085335007629
7,112,1024,256,15.53125,1,16,94.140625,0.022683516067697872,0.022774649101272148,0.05474259723662774,-0.10538766708388632,100.0,0.0,100.0,-0.19803706954803396,-0.0019803706954803395,0.0,0.0,0.0,2.831631515746181,3.3994409747188974,96.85517558035214,33.77850434826976,20.514175568325708,25.486740140564116,27.067300325157127,25.152058124680167,23.42325817827894,0.32715783168168583,0.3308854703266003,-2.9235727453687055,-2.5964149136870196,0.05712946438517911,1.0,0.0029258163221064616,1.2473167256559814,0.8017209898905877,0.029471223672689204
7,113,1280,256,15.53125,1,16,94.140625,-0.010675791957477592,0.040274832083887366,0.13849078092690723,0.046052323428126186,100.0,0.0,100.0,-2.125314242138748,-0.021253142421387476,0.0,0.0,0.0,3.8595491648033913,4.182744916232834,72.33313620382535,42.117042439968166,29.192412152850338,35.13549584573795,35.8271189746922,34.899986637644155,32.77045484430758,-0.1688920872751153,0.5262903778845044,-5.335796797096817,-5.504688884371934,0.0963710165629463,1.0,0.00273636055184962,1.231190313501224,0.8122221146755357,0.031629847169825344
7,114,1536,256,15.53125,1,16,94.140625,-0.1950565837959451,0.24219107489199332,4.473966349678792,0.9324309701653808,100.0,0.0,100.0,-14.828430776261655,-0.14828430776261656,0.0,0.0,0.0,4.425351049342021,4.672150978363816,27.54104504329253,45.14623545471423,33.9017270130241,39.595695141216545,39.514558398005484,39.346001740000595,37.467859401093406,-2.853475801369189,2.991309529179082,-16.06820308519771,-18.921678886566895,1.3229418088521274,0.7558911460116804,0.006935903542519437,28.440868678374084,0.03516067006632542,0.03891303179549151
7,115,1792,256,15.53125,1,16,94.140625,-0.2186404740718079,0.25121461269714046,5.309903556895005,1.0369940821310737,98.046875,0.0,98.046875,-23.37668016931557,-0.23376680169315572,0.0,0.0,0.0,4.285815502458849,4.735785227718985,19.00084847093955,44.950624971621835,33.353635695824806,39.18817548810802,38.46495668184268,38.83903833290013,37.012042492704964,-3.125609205358336,3.2588045528675096,-22.555916431909342,-25.681525637267676,1.1942037852237,0.837378019039421,0.006277407744787001,53.318753401774046,0.018755127158819274,0.0416684141301204
7,116,2048,256,15.53125,1,16,94.140625,-0.16917264153522718,0.16965517266873129,3.022470422053064,0.7875809280839454,100.0,0.0,100.0,-17.368031907894107,-0.1736803190789411,0.0,0.0,0.0,4.038102139357157,4.25007441325524,23.50034575318818,44.48303627486318,32.05007640511753,38.21034170078673,36.82635612412047,37.84401493421359,35.85040334681049,-2.4338274670610094,2.4586461404818154,-17.18316054481593,-19.61698801187694,0.19021049491473244,1.0,0.005913090077678704,37.00818282174565,0.02702105112311566,0.04133269021870032
7,117,2304,256,15.53125,1,16,94.140625,-0.355934790466661,0.41120575167189344,14.174162290568166,1.6585803899303055,100.0,0.0,100.0,-27.989553883826975,-0.27989553883826973,0.0,0.0,0.0,4.806175121896179,5.048078005928038,16.715159332989746,47.18966168973594,37.69345059059698,42.870643014249836,41.32359099368478,42.7705079652006,40.917885409365425,-5.194506721112884,5.324314470533867,-28.753391015606468,-33.94789773671935,0.8037678733696846,1.0,0.0056790775407067505,73.96122303709937,0.013520598483050967,0.045268886355943706
7,118,2560,256,15.53125,1,16,94.140625,-0.5583778042521855,0.6923573748891688,33.86829124040991,2.670252946573499,98.4375,0.0,98.4375,-48.59963188232996,-0.48599631882329963,0.0,0.0,0.0,5.171926513535022,5.322924086563101,10.854826861003064,48.097413202454916,40.1223573832282,44.65815874867825,42.98471698390861,44.69813562248735,42.92077108061516,-8.08624895284224,8.230223719973827,-47.64632895357944,-55.732577906421675,0.9911528694503857,1.0,0.008675733221490923,161.48546562059406,0.006192507766299379,0.050021827662959116
7,119,2816,256,15.53125,1,16,94.140625,-0.30241451106815487,0.3682569190952104,9.76635067258821,1.4048838991158432,91.796875,0.0,91.796875,-39.89319795237372,-0.39893197952373716,0.0,0.0,0.0,4.72700180354556,5.319543368611424,12.500196647412533,47.38868288725112,37.80857713911905,43.051153364837376,40.74779890486853,43.122837042892144,40.98271168310102,-4.210061331417878,4.419581580328212,-37.81541952401222,-42.025480855430104,0.5461954892535553,1.0,0.005678373887075682,110.1485763361053,0.009078646617715864,0.05025275974793604
7,120,3072,256,15.53125,1,16,94.140625,-0.05005802066911941,0.10134609745181361,0.6708808620653814,0.2315763795645704,60.15625,0.0,60.15625,-12.905440970084305,-0.12905440970084303,0.0,0.0,0.0,3.5539079534579603,4.178887891323987,28.181819261935484,43.600368193385435,29.55045760310983,36.25077513225867,32.75504825479766,36.17430382905694,33.60911305278021,-0.6850224302656722,1.1583443892602765,-12.610640641848626,-13.2956630721143,0.18223847377020297,1.0,0.005280290837929016,14.077288057774382,0.07103640956240402,0.0486577058154022
7,121,3328,256,15.53125,1,16,94.140625,-0.012408069110403513,0.0593170950687713,0.3183367695556921,0.06148138920154214,100.0,0.0,100.0,-2.103998095052546,-0.02103998095052546,0.0,0.0,0.0,2.821549443966619,3.2331903876375057,70.21057479867378,39.26564290407678,23.605160376901473,30.233911470833405,26.26910095867906,30.06934570113026,27.801510188855012,-0.19872954641841178,0.7979182534015525,-4.018695833294782,-4.217425379713193,0.15534271235448685,1.0,0.00480216766795043,1.996403732135023,0.5009006865212406,0.05084112237822082
7,122,3584,256,15.53125,1,16,94.140625,-0.048944648438641124,0.05385538672985143,0.2784200298491879,0.2361213613994585,100.0,0.0,100.0,-6.468678491778758,-0.06468678491778757,0.0,0.0,0.0,3.600370791765938,3.735966843447624,42.63513664361014,44.51110305928387,30.855091152045496,37.3448783725771,33.168587394374285,37.51920905255315,35.075573026474906,-0.6825007384287736,0.7462171665797939,-8.444609482225118,-9.127110220653892,0.20475761520496424,1.0,0.004231160281171196,4.864913892027297,0.20555348402750084,0.04975388383124704
7,123,3685,101,14.811881188118813,1,16,85.14851485148515,0.05271539492695332,0.8003171941340302,4.291615735099158,-0.1695818475323904,84.15841584158416,0.0,84.15841584158416,-5.61504548917889,-0.056150454891788895,0.0,0.0,0.0,3.8316040793508974,3.8585291192912967,46.32631309925691,45.68691135089723,33.06603749347188,39.20001358501643,34.91830989232406,39.54129117753228,37.1200146940922,0.8151431918607488,2.9297152541157163,-8.27090226485638,-7.455759072995631,4.943546920932112,0.2022839099120857,0.0038114463703547694,4.936586589545108,0.20256911974720312,0.04039864798740522
8,124,256,256,15.53125,1,16,94.140625,-0.027457192400618953,0.028508899546259785,0.08183432276462493,0.1332838490982547,90.625,0.0,90.625,-3.340708935712707,-0.03340708935712708,0.0,0.0,0.0,2.203095361867618,2.3331910409555885,58.86637615079068,34.95108511119197,19.274913933206662,24.91040926486598,20.43976510216087,25.203832802761404,23.06193341228249,-0.38765234154202466,0.4045598169977462,-3.7425360722464425,-4.130188413788467,0.062103787629250576,1.0,0.003442685639196573,1.8327422117106429,0.545630473074891,0.04082749251026774
8,125,512,256,15.53125,1,16,94.140625,-0.012934906384910032,0.013226826596799152,0.018232104075413157,0.06179912726475177,100.0,0.0,100.0,-2.537729420115877,-0.02537729420115877,0.0,0.0,0.0,2.466297624434639,2.551840365117818,65.11305569374163,37.84245634477821,21.905287308767576,27.885418926418634,22.8903014249997,28.248897153671102,26.018336541247695,-0.1846517645320884,0.19095603722015786,-3.787715993601708,-3.972367758133797,0.025050805105338927,1.0,0.0030972075359551672,0.8336569879427762,1.0,0.04084065167848944
8,126,768,256,15.53125,1,16,94.140625,-0.003195446532466638,0.003935819772219539,0.0015461398811045463,0.015226303891129448,100.0,0.0,100.0,-2.1070272277919333,-0.02107027227791933,0.0,0.0,0.0,2.695836657812849,2.778506373701855,69.14798334944803,39.91970218627662,24.14533955899644,30.283172380952085,24.917693114891478,30.694299579801022,28.52630019458875,-0.044448059425012766,0.05560827062775008,-3.898648271763906,-3.943096331188919,0.006135175778400039,1.0,0.0028017766432990965,0.19603995638404456,1.0,0.037947193918037414
8,127,1024,256,15.53125,1,16,94.140625,0.005029389952208897,0.008368799507298316,0.006459519751353776,-0.023510209853472984,100.0,0.0,100.0,-1.7186881187043066,-0.017186881187043066,0.0,0.0,0.0,3.0069475836966033,3.661884960164794,73.57469467110334,42.111811040965435,27.055138944351626,33.210685710673374,27.611859061361514,33.66143752215977,31.605936610505417,0.0739793934487245,0.11366195274896324,-4.086931786993321,-4.012952393544596,0.018214576376281707,1.0,0.002527791581797583,0.3207412971909655,1.0,0.03288395412908693
8,128,1280,256,15.53125,1,16,94.140625,0.019836343050471196,0.030143139071572976,0.09086333001349793,-0.09353273768651257,100.0,0.0,100.0,-0.8758838853527,-0.008758838853526999,0.0,0.0,0.0,4.205877885234451,4.550332421388086,85.14673981269502,47.220505762827585,36.8472566555663,41.955007151554796,37.200257617664406,42.38301647026883,40.72969003563583,0.2822048537526499,0.4262941003896205,-4.939564209371376,-4.657359355618727,0.04359506974026053,1.0,0.0022280659436772635,1.2604347511322227,0.7933770463736584,0.02776725364526371
8,129,1536,256,15.53125,1,16,94.140625,-0.12440631995451115,0.16177628845436967,2.0181419685187367,0.6154316938296732,100.0,0.0,100.0,-10.413859004448984,-0.10413859004448983,0.0,0.0,0.0,4.843646500967228,5.143837531339673,34.001373346224256,48.49330272787198,40.68708491979167,44.93727298097568,41.08866749790386,45.266522617027164,44.05701151406268,-1.832581544842797,2.009050506343102,-14.245443710893813,-16.07802525573661,0.30716869030625177,1.0,0.0024977906973371565,11.12135483309884,0.08991710227820879,0.030840508926802353
8,130,1792,256,15.53125,1,16,94.140625,-0.17741467552134174,0.21323968289149434,3.6532127632369353,0.8519699411643801,100.0,0.0,100.0,-21.32603575341744,-0.21326035753417438,0.0,0.0,0.0,4.87748150597681,5.257857207685225,20.12075684220402,48.54620117887459,40.81272790440382,45.06808512902027,41.21203172650023,45.39006230924443,44.25717378708936,-2.5532812682060064,2.7030400526950893,-24.24104393402397,-26.794325202229977,0.556545170241141,1.0,0.002329299141528831,22.68234108768487,0.04408715996881553,0.03450176189680176
8,131,2048,256,15.53125,1,16,94.140625,-0.1246758469214972,0.12526397671242673,1.6455342537284388,0.5871547002940563,100.0,0.0,100.0,-16.50579931381919,-0.1650579931381919,0.0,0.0,0.0,4.651283861886138,4.799285536678615,23.952612606332984,48.29490078210689,39.64652879213439,44.35196941462297,40.09171565882384,44.74666087977072,43.48439294931478,-1.7918545837962516,1.8141302344255434,-19.41869113958932,-21.210545723385568,0.042422836363014686,1.0,0.002110611842378086,15.721092527067409,0.06360881079214274,0.03566109052584665
8,132,2304,256,15.53125,1,16,94.140625,-0.2983033813928984,0.3588196288731457,10.236217610540793,1.3845479920503476,100.0,0.0,100.0,-25.42084114812298,-0.25420841148122986,0.0,0.0,0.0,5.4131234296110335,5.695249839820322,18.45276785346351,49.139087186735196,43.24945225577446,46.70591656119099,43.60103832227202,47.05310829364183,46.10921955415073,-4.374264152449461,4.5246475245129965,-29.33502156748269,-33.709285719932154,0.37078137689985263,1.0,0.0018519713120570636,33.20914234552387,0.030112189878182326,0.04014823480698102
8,133,2560,256,15.53125,1,16,94.140625,-0.4729235569115687,0.6300670973872915,23.749989081875498,2.235740787480725,100.0,0.0,100.0,-44.77174864105595,-0.44771748641055953,0.0,0.1953125,0.0,5.857397749575556,5.987940967966181,12.111086571099236,49.44232246183272,44.86068031979187,47.65659605709369,45.15760832383479,47.97666812924287,47.180619892698,-6.804162071223094,6.892022791876925,-48.36393262643421,-55.1680946976573,2.1909763700628195,0.4564175194510784,0.005596664520871678,62.80979836914121,0.01592108279225595,0.04641906213601387
8,134,2816,256,15.53125,1,16,94.140625,-0.2176171221972453,0.2915231560476675,5.451784207781078,1.058924671501695,100.0,0.0,100.0,-35.69034259381614,-0.3569034259381615,0.0,1.3020833333333335,0.0,5.499645734984792,6.064455580995286,14.216244249132146,49.20722040903894,43.478426897275746,46.88444043874529,43.93350757213953,47.30182831935383,46.28845964239839,-3.0399651373423335,3.302055180574994,-38.685644665401185,-41.72560980274352,0.6908948620435296,1.0,0.004513024060289484,36.01857104653884,0.027763455654804325,0.04838812989923433
8,135,3072,256,15.53125,1,16,94.140625,0.006213382853434132,0.06947205274436866,0.20065341936806286,-0.02722524991059666,100.0,0.0,100.0,-11.02767295341514,-0.11027672953415142,0.0,0.0,0.0,4.420354962116274,5.046906452049295,31.684025242688616,47.860650825688346,37.83213714329365,43.211717253534225,38.660223694611666,43.89186012212157,42.29935085205721,0.12360710031749159,0.6334878362968982,-13.95136801040238,-13.827760910084889,0.14065616711479714,1.0,0.004006442138464404,1.5237662291968244,0.6562686459635603,0.04423056589769467
8,136,3328,256,15.53125,1,16,94.140625,-0.013429291045033008,0.07041432111553386,0.3949060151858591,0.06825702297785066,100.0,0.0,100.0,-2.4699479729025438,-0.02469947972902544,0.0,0.0,0.0,3.6823126982784378,4.097742466523408,66.02556360793025,45.91469322737082,32.259286928536234,38.98262719403723,33.47191482122686,39.889761913626,38.1126755923476,-0.22467251277566225,0.8887136942636353,-5.577101499874451,-5.801774012650114,0.2685815507064558,1.0,0.004844046388755812,2.1443176540593267,0.46634881642042997,0.04695884553648128
8,137,3584,256,15.53125,1,16,94.140625,-0.036404138718138385,0.04271639901144128,0.15980866932301094,0.1735965529288261,100.0,0.0,100.0,-7.2198237606623765,-0.07219823760662376,0.0,0.0,0.0,4.453640705157111,4.594430972430607,41.11979323215111,48.00840004447254,37.87977777944044,43.453383893072655,39.06637524489038,44.2569010036739,42.85197648944956,-0.5008989832185281,0.5653470957261759,-10.830892752823619,-11.331791736042149,0.084908296903902,1.0,0.004677358421814063,2.97537777928902,0.33609177529011275,0.04779045283288388
8,138,3684,100,14.8,1,16,85.0,0.08350226434962993,1.0021488657966033,6.817569265146395,-0.523547742860475,84.0,0.0,84.0,-6.177910906587334,-0.06177910906587334,0.0,0.0,0.0,4.716103967237691,4.744701859152326,45.71994453130081,48.453765996186924,39.41419165998698,44.55069978426946,40.6184591137908,45.33793907210646,44.07701325474268,1.2615291697432909,3.6925788455079456,-10.315200544499676,-9.053671374756386,1.8474745079149686,0.5412794578305627,0.004679899605514308,6.679350774892934,0.14971514952604498,0.03862424599359865
9,139,256,256,15.53125,1,16,94.140625,-0.04786839791538155,0.05146038663146717,0.2594109892926865,0.22915634862393658,88.28125,0.0,88.28125,-9.857045658087209,-0.0985704565808721,0.0,0.0,0.0,4.040226702296383,4.271946618431631,33.79487870414114,47.08246674954725,34.904516767379974,41.23670694449126,36.40050064098203,42.32897262073858,40.74993668347378,-0.6785154232772646,0.720292981074627,-11.955144853948843,-12.633660277226108,0.08676043388795167,1.0,0.004268826193807419,4.829963008301946,0.2070409231460277,0.03963507825639731
9,140,512,256,15.53125,1,16,94.140625,-0.03384265871323031,0.034178621271769835,0.122505758167665,0.15867846294343455,100.0,0.0,100.0,-7.143814835504616,-0.07143814835504617,0.0,0.0,0.0,4.371823351994207,4.403587279006966,41.70054063155101,47.9231010030599,37.258557265575064,43.11035420378343,38.81209934766544,44.075769382604705,42.774334649478476,-0.4848804353102733,0.4949863799493174,-10.483852932799739,-10.968733368110012,0.07237919812898698,1.0,0.003939173138859687,2.925841645012346,0.34178199688444877,0.04058563346921513
9,141,768,256,15.53125,1,16,94.140625,-0.017530146020537103,0.017950664197021585,0.03356737097957005,0.08463612531325374,100.0,0.0,100.0,-5.862894776332036,-0.05862894776332035,0.0,0.0,0.0,4.515517425706605,4.54876449298631,46.9372717614175,48.159031060938446,38.05340864987207,43.70832852000995,39.687582320009945,44.624596726475325,43.53467834295605,-0.2501873275586407,0.2591037281845634,-9.620323585612333,-9.870510913170973,0.03460009133567971,1.0,0.003602536708714209,1.36769066134014,0.7311594853036021,0.041656384899435094
9,142,1024,256,15.53125,1,16,94.140625,-0.012586284017014254,0.02171038604336024,0.04156849871039225,0.05835441535417066,100.0,0.0,100.0,-4.884895226465268,-0.04884895226465269,0.0,0.0,0.0,4.746575032950663,5.286814943450904,52.18171720177617,48.46048609334535,39.22057714089453,44.52497699071615,40.873121008669884,45.36000909652267,44.51575131466723,-0.18299975720195427,0.2883348702824278,-9.096241533402617,-9.27924129060457,0.06698881184359658,1.0,0.0030280305424104925,0.9297390974691175,1.0,0.042308394306122654
9,143,1280,256,15.53125,1,16,94.140625,-0.16587676247402844,0.2149421611567876,3.341191212182041,0.7784884508386338,100.0,0.0,100.0,-14.516854127735797,-0.14516854127735798,0.0,4.4921875,0.0,5.8644042007216655,6.185781337161428,29.73841132807331,49.42582373948926,44.15841443672361,47.492890877889266,45.324284342232744,47.959173758087296,47.55137536786274,-2.4380477974789123,2.5850304494075274,-19.71996464782777,-22.15801244530668,0.5272151894758932,1.0,0.003314978919677136,13.854715289082131,0.07217759290860531,0.04471114455503323
9,144,1536,256,15.53125,1,16,94.140625,-0.34141541268829223,0.45601355502210633,12.979267954978663,1.6272821825778396,100.0,0.0,100.0,-33.347964367888956,-0.3334796436788896,0.0,16.666666666666664,0.0,6.444022450496501,6.617953048897145,16.600187595884275,49.65014285022468,45.80561307771602,48.321066522706744,46.72462205132995,48.65054474901946,48.417196434375334,-4.980248651103908,5.0949520027137964,-38.81897366084094,-43.79922231194485,0.6147758467463916,1.0,0.005926032209592859,30.577993772383955,0.03270325736357284,0.0490012220601666
9,145,1792,256,15.53125,1,16,94.140625,-0.1711921937354749,0.2119439523754046,2.9972311057350858,0.7813855636299614,100.0,0.0,100.0,-28.94228637481019,-0.28942286374810194,0.0,4.8828125,0.0,6.109611491748301,6.669787365994193,17.97651770905695,49.494707645849424,44.69222500161915,47.742376562684065,45.83272400553869,48.144394826937344,47.917714448901194,-2.3768581598746783,2.4483590854836166,-33.98662405383524,-36.363482213709915,0.9598204919881147,1.0,0.005545187826026225,16.48820632980067,0.06064941085754167,0.04996101631024377
9,146,2048,256,15.53125,1,16,94.140625,-0.19096600118584117,0.21134348695930094,4.322160899447468,0.9179876397638826,100.0,0.0,100.0,-22.286610525848015,-0.22286610525848016,0.0,6.4453125,0.0,6.219584716187241,6.8131201875321175,22.43878884885245,49.52138787826506,44.89328207552528,47.84128885107577,46.055579800046914,48.23156941572386,48.043754665757604,-2.7671992872803823,2.940122752351496,-27.71800545066103,-30.48520473794141,0.36899449026359726,1.0,0.005121960608151615,17.246298095506127,0.05798345792599806,0.050280741314830596
9,147,2304,256,15.53125,1,16,94.140625,-0.4165960959916024,0.5613733349311388,18.807392481436338,1.9443820747131597,100.0,0.0,100.0,-40.42290206525363,-0.4042290206525363,0.0,16.666666666666664,0.0,7.094761752104269,7.2421542021685505,15.189126944379579,49.77379228094973,46.92998790740074,48.83018325238608,47.73333348361619,49.07579361945596,48.96314937752447,-6.0408335670190745,6.1330893490045195,-46.70947697049525,-52.75031053751433,1.9333260562570442,0.5172433262167991,0.00737442510109728,36.098109934317556,0.027702281416383118,0.05332878812086816
9,148,2560,256,15.53125,1,16,94.140625,-0.31680340318970124,0.5538153896156991,13.346469023783982,1.5028420503645223,100.0,0.0,100.0,-45.205469328190986,-0.4520546932819099,0.0,16.666666666666664,0.0,7.267487783169546,7.442879784373082,14.085469071694472,49.79197776687261,47.12447910185913,48.912316917285416,47.92317661280043,49.14617380176866,49.04237939752761,-4.502138653439957,5.166520884267087,-51.59563906731345,-56.09777772075341,0.5867626517801038,1.0,0.003808936752557605,28.155250560562642,0.03551735396028443,0.05695698145634504
9,149,2816,256,15.53125,1,16,94.140625,-0.07974158492041983,0.12463110633824473,1.496488576671768,0.38172603309432823,100.0,0.0,100.0,-21.74506409887879,-0.21745064098878786,0.0,10.9375,0.0,6.493789050669199,6.910635239135233,23.610386359618868,49.5368136055838,45.11653655068879,47.92806093023736,46.43838817195727,48.303932338212086,48.15859669548187,-1.1240080324187702,1.730022298510495,-27.503950811137955,-28.627958843556723,0.6563712854471966,1.0,0.003985071701358675,7.094869016928267,0.14094692905732478,0.05594674206155161
9,150,3072,256,15.53125,1,16,94.140625,0.06259453512999538,0.0714715988553871,0.4632385450092422,-0.30199129499044763,100.0,0.0,100.0,-2.6228119574570434,-0.02622811957457044,0.0,0.0,0.0,5.5673164013508725,6.009971723367684,69.35465127865278,48.93268186848651,41.542035771944015,45.932746354945735,43.653097920538016,46.5352341913065,46.39406566264573,0.9107051997461073,0.9625367993061276,-8.027315109670923,-7.116609909924816,0.23532436463473783,1.0,0.004117095245700299,4.463864702757011,0.22402112666684798,0.04742296273587205
9,151,3328,256,15.53125,1,16,94.140625,-0.04797304208640336,0.07745082862016385,0.418423858806547,0.23250272036314593,100.0,0.0,100.0,-6.648609709478496,-0.06648609709478497,0.0,0.0,0.0,5.31437290751491,5.989072561262893,46.588751607734025,48.57924683492156,39.836955037476876,44.951970999379334,42.48950080259381,45.640899506047575,45.54824057192557,-0.7204571788882226,0.9147938115297315,-11.406987146297972,-12.127444325186197,0.3325125895820785,1.0,0.003669717894573196,4.063377804623378,0.24610066995546998,0.046371600536875265
9,152,3568,240,15.5,1,16,93.75,0.041820427363670185,0.802563537838638,4.445668779792178,-0.22277400248118415,93.33333333333333,0.0,93.33333333333333,-7.291797570965671,-0.0729179757096567,0.0,0.0,0.0,6.150768605482495,6.227238003570755,46.94185134884603,49.34540074788574,43.52744056245935,47.232711386287505,45.638181081829764,47.68717761756584,47.594250015940545,0.6275196895927622,2.98183459628202,-13.102952756961724,-12.475433067368963,1.9959466397704844,0.501015397944201,0.005027827104273978,3.1856528316214394,0.3139074007292308,0.03814551508620832
10,153,256,256,15.53125,1,16,94.140625,0.04485936879816989,0.04490602924375556,0.21564614327337225,-0.20556617420557033,100.0,0.0,100.0,-0.27898006305068723,-0.0027898006305068727,0.0,0.0,0.0,4.789754413237805,4.856757943933954,95.15658594058287,47.843058233408144,36.638824880557266,42.93692114560312,40.14105382167607,43.81523374417736,43.79467773740474,0.650530089035869,0.6567284724654052,-5.03355008578029,-4.383019996744421,0.1559218079403662,1.0,0.004616381671996125,2.790096310012268,0.3584105668365272,0.03155889873940883
10,154,512,256,15.53125,1,16,94.140625,0.04694017230380565,0.04694490250525652,0.23390046962544508,-0.22351856685442367,100.0,0.0,100.0,-0.21894606801885436,-0.002189460680188544,0.0,0.0,0.0,4.992021993176865,5.080566575768623,96.23769612166083,48.188795133139955,37.850491207729995,43.820582189994475,41.33626169081416,44.601109301599195,44.59927143297473,0.6778856313692716,0.6839597497301213,-5.187179446675551,-4.50929381530628,0.18255774482942086,1.0,0.004115362625517513,2.941087910992652,0.3400102377975122,0.02686831243641674
10,155,768,256,15.53125,1,16,94.140625,0.04936272304826743,0.049366585074523926,0.2586300203887589,-0.23032436181845817,100.0,0.0,100.0,-0.17922540529387132,-0.0017922540529387132,0.0,0.0,0.0,5.186866942173555,5.27167500326246,96.96398527361612,48.4919715005467,39.03335499185182,44.63778426621523,42.44462944064189,45.326169591791185,45.33548783473162,0.7128146092328465,0.7192079259696168,-5.349271616195525,-4.636457006962678,0.22706021940666582,1.0,0.004084448035682872,3.131496508007043,0.31933613767189645,0.02398615265078439
10,156,1024,256,15.53125,1,16,94.140625,0.04989128740126582,0.04993417532874484,0.26401118017712244,-0.2313953878694412,100.0,0.0,100.0,-0.14435297790903368,-0.0014435297790903368,0.0,0.0,0.0,5.43605005077477,6.109035811325859,97.61634637431744,48.800541054531074,40.436986831385006,45.53187600634914,43.65688023722869,46.11960056392567,46.13125299957102,0.7197756716649706,0.7266514710328775,-5.568790732988321,-4.84901506132335,0.14112450964352746,1.0,0.00387157422318807,3.214030733771465,0.31113579266448466,0.022612777742704718
10,157,1280,256,15.53125,1,16,94.140625,0.01305100677300245,0.0405116667240691,0.13122957668193852,-0.06220270797975173,100.0,0.0,100.0,-2.310196680771542,-0.023101966807715424,0.0,14.713541666666666,0.0,6.671679499822605,7.046545788995102,74.79979566112692,49.6124485924371,45.311572768432285,48.203616606256844,47.26397823302597,48.48706118225775,48.466531133797716,0.17250614933009684,0.5123076745119841,-8.919381986079198,-8.746875836749101,0.07340477577200104,1.0,0.003342222697464977,0.8176251651254275,1.0,0.02208958859269168
10,158,1536,256,15.53125,1,16,94.140625,-0.15525395553235205,0.2047585883650179,2.980212044376594,0.7042707479942557,100.0,0.0,100.0,-15.504225180283328,-0.1550422518028333,0.0,16.666666666666664,0.0,7.293000800143952,7.5869386162790065,32.384040536260876,49.79120541750375,46.84874649195491,48.919910780934195,48.30901842118127,49.09986353810445,49.08449682463356,-2.2759806952630712,2.4413979783626405,-22.520354716014744,-24.79633541127781,0.9953918227959483,1.0,0.00653095941529444,12.079650129575239,0.08278385460450115,0.02201366900749326
10,159,1792,256,15.53125,1,16,94.140625,-0.1694232457139903,0.23342520391949018,3.491157880499142,0.7996177221843934,100.0,0.0,100.0,-25.42398981989941,-0.2542398981989941,0.0,16.666666666666664,0.0,7.230989751805931,7.654314184343871,22.469243821289105,49.78226473185944,46.749642905591166,48.88679306425709,48.28230149300825,49.06587944100354,49.05431734993848,-2.3855018317430106,2.642407190612053,-32.181722755417034,-34.56722458716005,0.443139724778831,1.0,0.005364391448975036,13.279476428483957,0.07530417372894606,0.02380585413951897
10,160,2048,256,15.53125,1,16,94.140625,-0.11041037318519752,0.1113589360164866,1.290394381195883,0.5144125070012566,100.0,0.0,100.0,-18.80438407426511,-0.1880438407426511,0.0,16.666666666666664,0.0,6.962035076578719,7.150362019455892,27.464381059625275,49.73612422225561,46.254050999465214,48.69208994333494,48.02273507095315,48.897453094481996,48.88233794647891,-1.5867378820083657,1.6064833526656184,-25.34932449948213,-26.936062381490498,0.2085207399377046,1.0,0.005020624262715048,8.670066553662437,0.11533936836708328,0.023818273010936947
10,161,2304,256,15.53125,1,16,94.140625,-0.3235155335247389,0.4214337465831563,11.725278488001468,1.50957083945814,100.0,0.0,100.0,-30.10906836914762,-0.30109068369147624,0.0,17.578125,0.0,7.7528820033886525,8.016892950755514,20.673327333213525,49.868670324419156,47.67224560278091,49.271647956420026,48.86472517386521,49.400879075363875,49.380495337467856,-4.730463466314291,4.842577513680388,-37.50185869176929,-42.232322158083576,1.9046347980958958,0.5250350361128135,0.008058661185173921,26.166566481590305,0.03821670683096913,0.02701486827904934
10,162,2560,256,15.53125,1,16,94.140625,-0.39868638206369983,0.6126418333466529,17.421249668202364,1.9189531263597317,100.0,0.0,100.0,-45.844278094808516,-0.4584427809480852,0.0,48.17708333333333,0.0,8.103289104872626,8.18586186247167,15.147637533329114,49.90524073515682,48.131888401404304,49.44534492453897,49.12744318233132,49.55023296504856,49.52671676498503,-5.779273417018309,5.902753538511051,-53.495398784418256,-59.27467220143657,1.4977069150326325,0.6676873759230868,0.005189494019444793,32.7226215005635,0.030559898753306777,0.03136704289269355
10,163,2816,256,15.53125,1,16,94.140625,-0.09668701169844188,0.12855289720652716,1.4832543252048818,0.4554893662494031,100.0,0.0,100.0,-28.126574765157457,-0.2812657476515745,0.0,18.489583333333336,0.0,7.5029240084682245,8.128585190777342,21.312491497811386,49.82840252379089,47.205711126178414,49.098058736409556,48.64572817652957,49.25404695445999,49.21568529152818,-1.4034526611669726,1.722355552843188,-35.20434956766417,-36.60780222883113,0.4587711090433693,1.0,0.004962318170347828,7.869132377790933,0.127078812757338,0.03269414544930119
10,164,3072,256,15.53125,1,16,94.140625,0.06549323253325581,0.08342927979856354,0.5257408820856432,-0.3116147322039843,100.0,0.0,100.0,-6.467302263021751,-0.06467302263021751,0.0,8.0078125,0.0,6.282308021929378,6.81635781092829,50.15801402339809,49.47468770692279,44.119427197897465,47.737152227108865,46.83405937285385,48.05604164921086,48.008354745739524,0.9660411066138039,1.025417848572613,-12.52503342536401,-11.558992318750205,0.3085175255333661,1.0,0.00469923686232721,4.833075747213662,0.20690757859040684,0.02863494655693292
10,165,3328,256,15.53125,1,16,94.140625,-0.02718137519062203,0.08136512866434695,0.45026490731969016,0.12718681382312735,100.0,0.0,100.0,-4.317916954432667,-0.04317916954432668,0.0,0.0,0.0,5.448733978580318,6.035260132274928,57.757966185444374,48.88938312193835,40.50562992046543,45.87208473135374,44.522789069852465,46.378558347168834,46.34356976276891,-0.4307528513592711,0.9489624938001398,-9.433735878244025,-9.864488729603295,0.2058038535591195,1.0,0.0041414360526346354,2.611764589719553,0.382882899912269,0.028046745727095188
10,166,3584,256,15.53125,1,16,94.140625,-0.011357005967216512,0.013180568157842748,0.01675671307546577,0.05301819448316773,100.0,0.0,100.0,-7.902483714696668,-0.07902483714696668,0.0,14.6484375,0.0,6.419360095293676,6.519333901033387,45.69532595360026,49.54169350249654,44.46580029680506,47.977413711492126,47.189758722788795,48.2856720382118,48.21159137114733,-0.15979214944885334,0.18306672595240112,-14.048176616164188,-14.207968765613042,0.046252640907086695,1.0,0.0037272181940904425,0.8100547914457903,1.0,0.028343087155785533
10,167,3645,61,14.032786885245901,1,16,75.40983606557377,0.21297156127899283,1.6679821505521946,19.244707837475836,-0.15348849180867355,73.77049180327869,0.0,73.77049180327869,-6.896224179806943,-0.06896224179806941,0.0,16.666666666666664,0.0,6.6064695557253,6.627211133956129,49.69325190032078,49.60444526458899,44.96594930699177,48.21388715239762,47.51723200234545,48.49817979871559,48.40985187135564,3.1672563039082067,6.203983855149179,-13.294500365919209,-10.127244062011,11.239462180403926,0.08897222873737734,0.005202050524416907,15.859644153037983,0.06305311710341531,0.02247768626321433
11,168,256,256,15.53125,1,16,94.140625,0.03009410389901302,0.06096757406115324,0.3153215937748115,-0.14925449473115387,100.0,0.0,100.0,-4.097447589111938,-0.04097447589111937,0.0,0.0,0.0,4.771688615385116,5.263577562281393,56.82930205884,47.98298943418783,36.54240239441236,43.43242194133733,41.72757640808952,44.21674272436451,44.0978128691107,0.49692111015591023,0.7941304600313622,-8.39652862610313,-7.89960751594722,0.08603743571758533,1.0,0.004639681032606737,2.4307915291803863,0.4113886312320579,0.021876896644398153
11,169,512,256,15.53125,1,16,94.140625,0.020803449114278266,0.020945123132420463,0.046821460048603894,-0.0975549289127001,100.0,0.0,100.0,-2.5553248386545424,-0.02555324838654542,0.0,0.0,0.0,4.860707560138366,4.981629016138146,68.16463389426153,48.15405900173224,37.13208822167698,43.81781138032074,42.092335958928146,44.62402438772915,44.451202188752745,0.3019724085520967,0.3060113071394712,-7.130834983546456,-6.828862574994359,0.05539641319362935,1.0,0.004218133271490682,1.364951952364776,0.7326265208584832,0.02110008719852312
11,170,768,256,15.53125,1,16,94.140625,0.028366499428135995,0.02843965980758302,0.08613930327625328,-0.1354195078718785,100.0,0.0,100.0,-2.0930734610335717,-0.020930734610335715,0.0,0.0,0.0,5.085117647510954,5.199379125789602,72.86979130169705,48.502929096509604,38.54967784485186,44.716485732932796,43.08205330385866,45.47758485323326,45.25339348837935,0.4108521757106952,0.4150645811828643,-6.978361755500907,-6.567509579790211,0.07881876586621947,1.0,0.0036174026036603587,1.8389764769798604,0.5437807457125791,0.02199479948009947
11,171,1024,256,15.53125,1,16,94.140625,0.03465975896317659,0.035276393972735395,0.13035064792921283,-0.16368064072149208,100.0,0.0,100.0,-1.6914244730797385,-0.016914244730797383,0.0,0.0,0.0,5.3777807638136474,6.1993536901360295,77.54846025779538,48.84405071496397,40.19956325596709,45.68284346084479,44.20424805086597,46.36727941020159,46.109128053197736,0.5014868197447282,0.5105891654338405,-6.93473570711297,-6.433248887368242,0.07102375002937145,1.0,0.0031443263139727972,2.2535017594033904,0.4437538137377571,0.023667209523368885
11,172,1280,256,15.53125,1,16,94.140625,0.04502988533982165,0.05068388526422264,0.26421481284978926,-0.2151517006384558,100.0,0.0,100.0,-0.8737864645041341,-0.008737864645041341,0.0,15.8203125,0.0,6.764542303431951,7.202051384074129,88.81281487437818,49.67597584709785,45.581148645905856,48.45158973135308,47.733030398027424,48.76433376609444,48.598785087163925,0.6426812135135154,0.7269316513260229,-7.616628650944235,-6.973947437430719,0.2714363620960913,1.0,0.0023498519137955328,3.1182354904726406,0.32069418844579534,0.02492786336218422
11,173,1536,256,15.53125,1,16,94.140625,-0.09512120992160794,0.1413385745731677,1.299862250550165,0.4623232880411333,100.0,0.0,100.0,-10.44917037722929,-0.10449170377229289,0.0,16.666666666666664,0.0,7.470586385117281,7.796301170642193,42.02864315416177,49.83876212565898,47.1847317906743,49.12448319715253,48.65470282224828,49.3212798420234,49.201328905482654,-1.4109134990129482,1.6123661188143126,-17.774988256734922,-19.185901755747867,0.3322455814148442,1.0,0.0028109353906712506,7.351470614230218,0.13602720496009374,0.02100941850668893
11,174,1792,256,15.53125,1,16,94.140625,-0.1443676345623949,0.19186475622834295,2.613042184922126,0.6781156145068026,100.0,0.0,100.0,-22.067270864956686,-0.2206727086495669,0.0,19.791666666666664,0.0,7.521230729446393,7.903302055112968,25.669898298537706,49.847943939147555,47.29197890901902,49.16414842556821,48.70147073547258,49.357082537665995,49.230925974623396,-2.0728008159319993,2.286063072149203,-29.299807276115473,-31.372608092047468,0.28491370137770555,1.0,0.0025828680439902484,11.05282941130858,0.0904745710611313,0.01971647286893361
11,175,2048,256,15.53125,1,16,94.140625,-0.08704182641198961,0.08789219325678387,0.8065581499044905,0.41438931658632155,100.0,0.0,100.0,-17.01432456851513,-0.1701432456851513,0.0,16.666666666666664,0.0,7.185755061710719,7.318567285895337,30.034251413837215,49.803440220426324,46.74734223412081,48.956816865539224,48.38872018330078,49.1987117577615,49.03151824679612,-1.2489594022199229,1.2700851545502692,-23.925201140189355,-25.174160542409275,0.11554804350092293,1.0,0.0023764987293417557,6.5348416488727885,0.1530258962238959,0.01857962126145251
11,176,2304,256,15.53125,1,16,94.140625,-0.2676176386024115,0.3450538109999388,8.416850974713784,1.269387518858467,100.0,0.0,100.0,-25.838046824230503,-0.25838046824230504,0.0,39.90885416666667,0.0,7.951124362909818,8.270129263924554,23.694161059682035,49.8988685515459,47.94404761075994,49.40135079737912,49.03287037940578,49.55657379446252,49.44021976510636,-3.933173314752935,4.102889463466883,-33.5573154199557,-37.490488734708634,0.6801944160145317,1.0,0.00527014078258601,21.284703836123676,0.04698209604884584,0.020206864539983396
11,177,2560,256,15.53125,1,16,94.140625,-0.40356787760173185,0.5954850143107776,17.300427046205233,1.9281904725984795,100.0,0.0,100.0,-43.77902690499054,-0.43779026904990537,0.0,66.66666666666666,0.0,8.380557992220655,8.484454178341636,16.17300182361158,49.932882909771166,48.44189118195309,49.57187752066435,49.286223913822944,49.69156606845431,49.59577160809394,-5.790503886297055,5.882249067525997,-51.818197287194764,-57.608701173491816,2.761480784548946,0.36212455491097606,0.0050495897342805055,32.31927436622584,0.030941288738989017,0.023212349927655043
11,178,2816,256,15.53125,1,16,94.140625,-0.12991361119763112,0.22832730128318204,2.075763359878807,0.6220649515711978,100.0,0.0,100.0,-31.3870574975005,-0.31387057497500503,0.0,34.50520833333333,0.0,7.897485098672128,8.482707704004524,20.29396692284809,49.89021200392265,47.83096630713466,49.35690044657162,48.95619286442139,49.53037594714186,49.38488297746369,-1.7539327101037365,2.0375295629162324,-38.915432989006675,-40.66936569911041,1.0043332144345039,0.9956854813002041,0.011338456657080267,9.742118689428763,0.10264707625509702,0.025329724833520983
11,179,3072,256,15.53125,1,16,94.140625,0.06053076223550426,0.08307434491215306,0.49067931653669306,-0.2745810137474023,100.0,0.0,100.0,-8.624060245156578,-0.08624060245156578,0.0,13.411458333333334,0.0,6.577778060668363,7.366491094101936,43.98611794695573,49.62137027425719,45.06429207483216,48.214414786303536,47.307915807291806,48.628654596903004,48.28961063460755,0.8979919223991868,0.9906354693192577,-14.95421366486744,-14.056221742468251,0.36467242518562515,1.0,0.010675261131639812,4.528147130799809,0.2208408806326418,0.022995564588788785
11,180,3328,256,15.53125,1,16,94.140625,-0.011919950807470908,0.08096544334513134,0.4540446949430512,0.055642103954794186,100.0,0.0,100.0,-3.3020616002550285,-0.03302061600255029,0.0,0.0,0.0,5.521758830057578,6.0361536485266445,64.37040374257604,49.02280149779367,40.964938244463305,46.15349758217438,44.561124875402356,46.93838700414313,46.326733049068615,-0.20971159074068363,0.9529372434143302,-8.578101905558443,-8.787813496299126,0.3068776420232219,1.0,0.008978329914523372,1.55158181119559,0.6445035593897804,0.026923342078712553
11,181,3584,256,15.53125,1,16,94.140625,-0.012620192260959985,0.02459765704455554,0.020411247360271497,0.06143816920359652,100.0,0.0,100.0,-7.943784412257232,-0.07943784412257232,0.0,14.453125,0.0,6.448715732065493,6.597525394481767,45.567036744308815,49.581042088400494,44.64870887170696,48.05379392603891,47.074070791713226,48.52710440413214,48.116946725659965,-0.15305183836200087,0.20204577382499986,-14.15215074934825,-14.305202587710252,0.06643159850576187,1.0,0.008074238863426732,0.7693364155049327,1.0,0.02562147673270556
11,182,3671,87,14.620689655172415,1,16,82.75862068965517,0.15077061394861963,1.391226958051716,13.434365959271233,-0.33853854941741623,81.60919540229885,0.0,81.60919540229885,-6.7779321293419095,-0.06777932129341908,0.0,16.666666666666664,0.0,6.68192871787365,6.71401315810001,50.270145671681256,49.65827374615795,45.318509271236096,48.35320163134951,47.4896640063257,48.773487924516274,48.385575969854095,2.240368368527035,5.1835057556196915,-13.292041685166211,-11.051673316639176,7.384353593291113,0.1354214674807186,0.007622383273319102,11.103268108744782,0.09006357319359097,0.020512043517345476
12,183,256,256,15.53125,1,16,94.140625,0.06587163432964858,0.07544212900674366,0.5946489085035498,-0.3098743668379805,100.0,0.0,100.0,-1.0609229621677851,-0.01060922962167785,0.0,0.0,0.0,5.532343824396682,5.975611214608629,84.80987372157634,49.03508030601268,41.051101098340595,46.18333250418017,44.57781147058072,47.03504291914672,46.27577048113727,0.9920014388334929,1.0905493189246873,-6.523230823994503,-5.5312293851610095,0.12256921608747598,1.0,0.007199267615591201,4.44349511634564,0.22504807000269791,0.019022684761015887
12,184,512,256,15.53125,1,16,94.140625,0.05367434296406403,0.05367687963459376,0.3056911287086622,-0.2516901588941899,100.0,0.0,100.0,-0.11815002283084747,-0.0011815002283084746,0.0,0.0,0.0,5.547389617693852,5.627555843290994,98.06519361127138,49.061668940655004,41.2087827494295,46.25311833056567,44.65082693674,47.11430429507729,46.326994753756445,0.7749470913940943,0.7819093664980132,-5.656838490202347,-4.881891398808252,0.048265952595751234,1.0,0.0065118632921792015,3.4200557365466224,0.2923928956227313,0.018585985323733966
12,185,768,256,15.53125,1,16,94.140625,0.05532040256910331,0.05532285279602124,0.3247402560379895,-0.2614765767483648,100.0,0.0,100.0,-0.09676150750836329,-0.000967615075083633,0.0,0.0,0.0,5.689986532066302,5.768656071573952,98.43673305932829,49.1873625999208,41.97076033801612,46.65357772143922,45.15753277607524,47.45611591520782,46.700554649264916,0.7987219763804919,0.8059035376991337,-5.780348814133156,-4.981626837752664,0.15794119365630813,1.0,0.005872628189557578,3.5580446438363214,0.2810532469659485,0.01936335441811377
12,186,1024,256,15.53125,1,16,94.140625,0.05357939390953588,0.053795905955064435,0.3074235455909696,-0.257295188925584,100.0,0.0,100.0,-0.09150616030077523,-0.0009150616030077522,0.0,2.408854166666667,0.0,5.905864369290761,6.607237895166248,98.55513970419068,49.33573109838859,42.968764146844634,47.158119726259756,45.819223799543096,47.87165730869844,47.18050716730971,0.77223978031404,0.7841218599056777,-5.992446854640942,-5.220207074326901,0.11599330535350488,1.0,0.005307252681777561,3.4839536253625574,0.2870302270157041,0.020771021449872508
12,187,1280,256,15.53125,1,16,94.140625,-0.01501807364541408,0.05852329884978855,0.1996934293715238,0.06387728679185606,100.0,0.0,100.0,-4.302687380520238,-0.043026873805202384,0.0,16.666666666666664,0.0,7.235568215733439,7.637937453059052,63.12068146838488,49.80622143450594,46.86911279840434,48.964845646701775,48.34324440084828,49.27158499390066,48.95207265370939,-0.23831777331715578,0.6319706154110708,-11.463070498308074,-11.70138827162523,0.17958830665684986,1.0,0.004570374365542202,1.2526880397971973,0.798283346077044,0.0182968557730928
12,188,1536,256,15.53125,1,16,94.140625,-0.19531281351431007,0.2617944159496401,4.524339407241461,0.9031627756075854,100.0,0.0,100.0,-19.724288341827723,-0.19724288341827725,0.0,33.72395833333333,0.0,7.924545098647607,8.236884026151843,28.856480016979123,49.90042414405177,48.02223701894869,49.402873693480814,49.00128444973998,49.59295863604752,49.388056876340386,-2.8635396826753245,3.008102194820336,-27.461925688735466,-30.325465371410786,0.4619146344310339,1.0,0.0031758668987418304,15.159184990837387,0.0659666070837203,0.018411958966085162
12,189,1792,256,15.53125,1,16,94.140625,-0.1607825789151734,0.2272156184917,3.188334384353434,0.7771402224864427,100.0,0.0,100.0,-26.88782529755887,-0.26887825297558865,0.0,29.622395833333332,0.0,7.747042012850367,8.267191031805744,22.536082478025,49.88085021224387,47.799893286080675,49.308691432585164,48.85519278611411,49.5257011921054,49.28907876261091,-2.2589029582079,2.52520667841404,-34.376169950587155,-36.63507290879506,0.4762361348253034,1.0,0.0032566771846081837,12.023496698865555,0.08317048068839678,0.01953515869036584
12,190,2048,256,15.53125,1,16,94.140625,-0.11628295758304301,0.11871276357758087,1.4591443939783495,0.5554337831689133,100.0,0.0,100.0,-19.579990801913933,-0.19579990801913932,0.0,18.424479166666664,0.0,7.493871538484928,7.732843033799475,27.909522481446185,49.85493360527839,47.48856846751332,49.18205153598997,48.65814590743278,49.43738846147414,49.155372824491145,-1.6740729600609776,1.708299970133085,-26.850590308260333,-28.524663268321316,0.44637394009494835,1.0,0.0030018142416990017,8.714892451314126,0.1147461090984788,0.01990858899735311
12,191,2304,256,15.53125,1,16,94.140625,-0.3441279023961511,0.4532671560581892,13.037587198194299,1.6366881779050484,100.0,0.0,100.0,-32.93596260060771,-0.3293596260060771,0.0,61.848958333333336,0.0,8.389863105436447,8.629821812156036,20.404972911953415,49.93415743415743,48.56988150692246,49.57807458189967,49.272647940591554,49.722113049946344,49.55835850034394,-5.007696885989374,5.106385649007388,-41.11675688881503,-46.12445377480441,0.7111116887823276,1.0,0.0035062990986967513,27.242789303778476,0.036706960834634636,0.022490099947600248
12,192,2560,256,15.53125,1,16,94.140625,-0.3737573579346473,0.5981315190693437,16.085065152970813,1.816633642445109,100.0,0.0,100.0,-46.74757811856379,-0.4674757811856379,0.0,66.66666666666666,0.0,8.690642077364613,8.777659073376912,15.765430378229702,49.94924199229081,48.8206544194844,49.660539342432536,49.404932258695666,49.780480721728345,49.64080327190057,-5.400659290208328,5.671871852038057,-55.12467385200863,-60.52533314221696,2.033740622465625,0.4917047872051847,0.00515256368760419,30.213844201299366,0.033097410357235985,0.025826345596703593
12,193,2816,256,15.53125,1,16,94.140625,-0.0850371836955157,0.11748195337414614,1.3986825878564035,0.404172395633288,100.0,0.0,100.0,-26.540720828286002,-0.26540720828286,0.0,33.46354166666667,0.0,7.926274210759283,8.612083917650821,23.226675975944612,49.88918854306058,48.00683158178277,49.35540061796326,48.928592606897496,49.56680130579594,49.31699839972764,-1.2666451974030695,1.672532563423746,-34.12573636868384,-35.39238156608691,0.22389366382781137,1.0,0.004836782657661771,6.965284459076136,0.1435691544078931,0.027373570886950572
12,194,3072,256,15.53125,1,16,94.140625,0.07259985881889201,0.08731383288238799,0.6169533079284746,-0.35543130598456935,100.0,0.0,100.0,-5.388415669979063,-0.05388415669979061,0.0,13.020833333333334,0.0,6.542756636446921,7.047632865484815,55.610956732923945,49.60444906011769,45.28997748576834,48.15310380295762,47.170355651553926,48.676846376789534,48.07794562550974,1.0688262897353158,1.1108134928316946,-11.765229409501137,-10.69640311976582,0.14338181762549285,1.0,0.004448002734579855,5.332559798540602,0.1875271985273708,0.025234178752175082
12,195,3328,256,15.53125,1,16,94.140625,-0.029464019777730662,0.07902851778631861,0.39162370314190087,0.13266444294209068,100.0,0.0,100.0,-4.902201836086197,-0.04902201836086198,0.0,1.6276041666666667,0.0,5.698460498090567,6.4903421286661915,55.15875207901534,49.13595495584386,42.20145453405067,46.53134952949286,44.986389495632054,47.41975452769406,46.44581484960166,-0.46200756273968097,0.8850126588268677,-10.331017804622334,-10.793025367362015,0.1987250964343042,1.0,0.004025913758179497,2.5869222477261196,0.38655974329301573,0.02509372053798677
12,196,3584,256,15.53125,1,16,94.140625,-0.0027597424332216555,0.005258228539149524,0.002311087971639302,0.012538911839556825,100.0,0.0,100.0,-7.470823002283694,-0.07470823002283694,0.0,16.666666666666664,0.0,6.755720271040621,6.8559820533730855,48.052952208478295,49.67405758150286,45.822416633515346,48.42109318545021,47.55347924544146,48.89485539356474,48.34745045822061,-0.03694107325348101,0.06798658649526834,-14.058907851760804,-14.095848925014284,0.024803755100580145,1.0,0.0036120471564327515,0.18286155376941607,1.0,0.023363727894657207
12,197,3625,41,13.073170731707316,1,16,63.41463414634146,0.32727197111117634,2.057766328620823,29.491746064659843,-0.9783540675340819,60.97560975609756,0.0,60.97560975609756,-6.598742542106537,-0.06598742542106538,0.0,16.666666666666664,0.0,6.92234002973607,6.93798237460682,51.699345418699956,49.71295425439881,46.194510482596364,48.58220160758827,47.79008272664852,49.01531440264167,48.50336716223832,4.847715492491803,7.680071101840118,-13.389608656886821,-8.541893164395018,2.1565865799353072,0.4636957353365325,0.004596833067711639,23.929552911251786,0.04178933069534264,0.018919170543817657
13,198,256,256,15.53125,1,16,94.140625,0.013236994723840323,0.038734842174812024,0.14223100486713353,-0.06330240354620277,100.0,0.0,100.0,-7.857560046979408,-0.07857560046979409,0.0,5.924479166666666,0.0,6.06404843131369,6.384305626067178,45.23501181279344,49.3331819275621,43.52885533365906,47.210474964698236,45.926325930753656,47.97193702886154,47.0947930591452,0.21405291025679662,0.5333498005383213,-13.405652365937144,-13.191599455680347,0.10325373005186624,1.0,0.00423426953667086,1.3533225048793007,0.7389221685108882,0.026372120316582117
13,199,512,256,15.53125,1,16,94.140625,0.01121117981141058,0.011701394985604798,0.014696901219995631,-0.05236484337751296,100.0,0.0,100.0,-5.427562171610598,-0.054275621716105976,0.0,16.666666666666664,0.0,6.433398343704184,6.474692052765771,55.33903187105313,49.55062960708245,44.90785290687218,47.91846534654229,46.777355701430054,48.54860951466938,47.829879470372,0.16429226439523958,0.1714462085903076,-11.62542626097039,-11.46113399657515,0.049468641680910246,1.0,0.003849296419008187,0.7889372693035877,1.0,0.024356749330474242
13,200,768,256,15.53125,1,16,94.140625,0.021534512397474483,0.02170748601386657,0.05031470116635828,-0.10038973799561013,100.0,0.0,100.0,-4.458284334939714,-0.04458284334939715,0.0,16.666666666666664,0.0,6.507539728164058,6.55040711441741,60.35949701444593,49.581312172476686,45.16225718010315,48.00895688248931,46.83109823638721,48.64091638760418,47.930467910052336,0.3127385157628503,0.3172213774837953,-10.781302114904303,-10.46856359914145,0.0655362323470929,1.0,0.0035465840185863536,1.489810468468198,0.6712263211764016,0.023665461060762817
13,201,1024,256,15.53125,1,16,94.140625,0.02212693354473251,0.027191265075942654,0.07550733312368979,-0.10284231612416937,100.0,0.0,100.0,-3.719169385683747,-0.037191693856837474,0.0,16.666666666666664,0.0,6.66329803225794,7.326445436787543,65.04696970743372,49.635468479880856,45.623643521776906,48.20415324997387,47.05460402804153,48.80255794989848,48.13112878520504,0.31767950376250864,0.38860605534059756,-10.243825442181118,-9.92614593841861,0.04815156061104762,1.0,0.003172747329146218,1.5045163721240211,0.6646654157629648,0.024317900183650203
13,202,1280,256,15.53125,1,16,94.140625,-0.1152288104027536,0.15835836329728697,1.7475409292076391,0.5391756260799891,100.0,0.0,100.0,-12.527012522141485,-0.12527012522141484,0.0,30.403645833333332,0.0,7.978806391274053,8.364879901525947,39.20823781066642,49.889746917214865,48.09103773609478,49.32327754959523,48.764189093209026,49.584116536555854,49.28007417525729,-1.6988440124193243,1.869513802681135,-20.349821457937228,-22.048665470356553,0.5614528280462272,1.0,0.0029369226826030446,8.87736002215517,0.11264610171315645,0.023044803270026552
13,203,1536,256,15.53125,1,16,94.140625,-0.30186299232822317,0.4222281690298313,10.005437044010446,1.428006708592573,100.0,0.0,100.0,-31.19578959559984,-0.3119578959559984,0.0,61.067708333333336,0.0,8.56628643189778,8.77927144923813,21.656402563897746,49.937000037251494,48.72035240504999,49.56871127510554,49.16342724429182,49.74628167712783,49.53649140495432,-4.359834344745671,4.473351549791374,-39.555445123550605,-43.91527946829628,2.349447810146829,0.4256319275027884,0.008633339709865712,23.495516684847598,0.042561311309442545,0.02407030752465194
13,204,1792,256,15.53125,1,16,94.140625,-0.13849911262381512,0.1908801453335877,2.0773546646577117,0.6509036565063455,100.0,0.0,100.0,-28.513945489139488,-0.28513945489139486,0.0,39.38802083333333,0.0,8.041169213095516,8.723839717730444,22.13582786671511,49.89633678602294,48.20360675691135,49.34393633374381,48.75472399718726,49.606798782286205,49.29689902546458,-1.9269808737158056,2.038310410441801,-36.326489623578745,-38.25347049729455,0.5109029809301391,1.0,0.010689714266016306,10.1563391450636,0.09846067423674419,0.023823678930890102
13,205,2048,256,15.53125,1,16,94.140625,-0.15150206025393895,0.16489382798638266,2.7604926038197837,0.7236565152655039,100.0,0.0,100.0,-21.47868561733377,-0.2147868561733377,0.0,35.67708333333333,0.0,7.967555963509408,8.606294091665282,27.2249531306089,49.88966306989957,48.132082923471316,49.302810340328676,48.66429626057949,49.58593892449448,49.25016809711592,-2.193961349776332,2.3496776816490317,-29.265637025290296,-31.459598375066626,0.5726263546377193,1.0,0.011751333369530983,11.452828730878789,0.08731467338752989,0.024145475875458573
13,206,2304,256,15.53125,1,16,94.140625,-0.38846108014173364,0.5397797843719366,15.986237193502955,1.7759916829941784,100.0,0.0,100.0,-38.97966176604818,-0.3897966176604818,0.0,66.66666666666666,0.0,8.920068635787125,9.08160559182189,18.702988059782744,49.95285627733969,48.98607347332623,49.65246332938969,49.27964842742799,49.80635169632506,49.61999204467978,-5.595491211729825,5.654420782627157,-47.693280920004725,-53.28877213173455,1.6310917371538831,0.6130863011696174,0.009935597182726005,30.662654634647506,0.03261296231246861,0.02609230204931169
13,207,2560,256,15.53125,1,16,94.140625,-0.2965888068266997,0.5443616817247583,12.303017461407801,1.345719295533648,100.0,0.0,100.0,-45.37697169576062,-0.4537697169576062,0.0,64.6484375,0.0,9.034398367654848,9.20516654009187,16.698293894721854,49.955512604595796,49.03856240404314,49.66786371064253,49.30184348757999,49.8173059396899,49.63385131747362,-4.268097207658078,4.9604470486857934,-54.103721162259106,-58.371818369917186,1.7415323833130132,0.5742069510632037,0.015616221563196194,23.954046296960396,0.04174660045333941,0.02854455451217527
13,208,2816,256,15.53125,1,16,94.140625,-0.06325862868896051,0.11336863611079943,1.2108055359395997,0.3075650658999113,100.0,0.0,100.0,-22.176723064022415,-0.22176723064022413,0.0,27.864583333333332,0.0,7.9432876963540116,8.481411096877904,26.68599105696243,49.86378009028394,47.93324108830622,49.17444421469823,48.414413169372835,49.51187253193602,49.098430788309145,-0.889055946965263,1.5561526505710164,-29.765758668653948,-30.654814615619213,0.36114650212172394,1.0,0.013542281776367696,4.935677898561007,0.20260641406351682,0.029511179076407393
13,209,3072,256,15.53125,1,16,94.140625,0.07383725669356217,0.08573371099889925,0.6396687852364995,-0.3511797125004237,100.0,0.0,100.0,-2.929807575741497,-0.02929807575741497,0.0,9.114583333333332,0.0,6.479351683931037,7.113283492142536,69.6527304959387,49.51677099792756,45.007025929582994,47.653120949817065,45.92917856521764,48.499628911811484,47.50104422541777,1.0857609916359665,1.1310780567551468,-9.302365661470851,-8.216604669834885,0.11982722533255814,1.0,0.012349493227150048,5.375462792701739,0.18603049422232057,0.028849140761468512
13,210,3328,256,15.53125,1,16,94.140625,-0.03997016181451612,0.07620870782909019,0.36740036091505135,0.18653977453485115,100.0,0.0,100.0,-6.476608948151577,-0.06476608948151578,0.0,5.338541666666666,0.0,5.974442970993058,6.948637681433506,49.2084946179011,49.176781929429126,42.99759787065359,46.44872992117966,44.16754217786287,47.64702087359383,46.2771436620556,-0.6000862484319207,0.857205180706523,-12.1410805540466,-12.74116680247852,0.13287553867316043,1.0,0.011271331370239343,3.2823054322860745,0.304663907923863,0.0252656130641476
13,211,3576,248,15.516129032258064,1,16,93.95161290322581,0.05636132126390373,0.8526897407788261,5.077077769994534,-0.2876877917799812,93.54838709677419,0.0,93.54838709677419,-7.190063559739733,-0.07190063559739732,0.0,16.666666666666664,0.0,7.058322840144208,7.15968235828598,50.023528930532215,49.713283513998384,46.418031580592455,48.44308172512337,47.14144511043706,49.05623415844589,48.324279716950265,0.8376187685029668,3.1865585731301205,-14.110005813356583,-13.27238704485362,2.1208789079975885,0.4715026380002724,0.010401449589497855,4.1296599389367445,0.2421506891091541,0.02110162750068039
14,212,256,256,15.53125,1,16,94.140625,0.0549406302473016,0.0553164582810898,0.32967213731413136,-0.25760003219447875,100.0,0.0,100.0,-0.6187012871862594,-0.006187012871862594,0.0,0.0,0.0,5.842698553300185,5.978246225675665,91.09414966324597,49.15947219276796,42.69323105107837,46.292480045737335,43.84731444377777,47.58250896780736,46.10797091753158,0.8016186612793883,0.8120001691060555,-6.413911952523067,-5.612293291243678,0.2488235807549502,1.0,0.009223789368043491,3.555607640816868,0.2812458800348002,0.018995327720432813
14,213,512,256,15.53125,1,16,94.140625,0.05495074579767331,0.054955397021528705,0.32050177565790683,-0.2560686904261495,100.0,0.0,100.0,-0.3929410192357614,-0.003929410192357615,0.0,0.0,0.0,5.954749056790082,6.038505679232879,94.23337364885782,49.23690807550494,43.155908533177715,46.56203600455014,44.23250340539365,47.77666539413052,46.37014717306968,0.7935131880626625,0.800626973887224,-6.3191508763968125,-5.525637688334149,0.20155188013334158,1.0,0.008453408341669862,3.529315559125131,0.2833410567140917,0.01886990725557673
14,214,768,256,15.53125,1,16,94.140625,0.057209500145483816,0.05721346537778202,0.3473658699054286,-0.2682890571247618,100.0,0.0,100.0,-0.32296950324842244,-0.003229695032484225,0.0,0.0,0.0,6.107366585579057,6.18979167696798,95.29042870775164,49.33770374045852,43.77688348308435,46.92544188120751,44.76196690302641,48.03380627168973,46.73074917738481,0.82609287756233,0.8335056927285244,-6.409213043116719,-5.583120165554389,0.13876584168901926,1.0,0.007688772885298947,3.7018699846341767,0.2701337443375449,0.01989067433124533
14,215,1024,256,15.53125,1,16,94.140625,0.05503624602632329,0.055422524183996805,0.3264228775107123,-0.2527189116098435,100.0,0.0,100.0,-0.2827424319818113,-0.0028274243198181132,0.0,4.036458333333334,0.0,6.355751539907788,7.190892203095716,95.96184741850374,49.46318458358647,44.629040180876544,47.40911434995412,45.49534641732904,48.367289043190524,47.22170156731089,0.7929557398288829,0.8079887097116052,-6.623206733598428,-5.830250993769545,0.22272546183151473,1.0,0.006733379658195417,3.592759932139426,0.27833755076546884,0.02136490458261231
14,216,1280,256,15.53125,1,16,94.140625,-0.021308053241173772,0.06502784994656177,0.24198245491389025,0.09958880716016197,100.0,0.0,100.0,-5.167132668275786,-0.051671326682757854,0.0,27.994791666666668,0.0,7.936767534382744,8.373860878373009,60.91783412726362,49.86990941314154,47.98362201832684,49.18419224443876,48.38849139493506,49.532040886815395,49.091094268718706,-0.32946298150061837,0.6956758654918112,-13.02864366090564,-13.35810664240626,0.24625995775124518,1.0,0.005590360040576318,1.7232108907648394,0.5803120241168824,0.020398529890355933
14,217,1536,256,15.53125,1,16,94.140625,-0.20147995160934806,0.2731939123220731,4.783451603048348,0.950250016992783,100.0,0.0,100.0,-21.217083063619135,-0.21217083063619135,0.0,52.278645833333336,0.0,8.690368953902006,9.00940569915563,29.19991249495595,49.93567412545981,48.78166277901047,49.5425368886116,49.04138811981707,49.748307300405656,49.47981781964434,-2.953956817107486,3.0930410935027512,-29.761626701460827,-32.71558351856831,0.22581357954955783,1.0,0.005162033749883607,15.68921288959015,0.06373806047743183,0.02111285009307837
14,218,1792,256,15.53125,1,16,94.140625,-0.1524185833549716,0.2224713467634265,2.7852404912181346,0.7126661478073352,100.0,0.0,100.0,-27.200794459896365,-0.27200794459896366,0.0,44.07552083333333,0.0,8.392577181988667,9.041525050575467,23.702702205445068,49.91295821574404,48.510789284076,49.416041154238115,48.8082063246203,49.67132586708012,49.33678381352615,-2.102470131163626,2.360186641440941,-35.40768098609742,-37.510151117261046,0.32124668402357864,1.0,0.004060155673184001,11.07969658854455,0.09025517910245968,0.021863323533317203
14,219,2048,256,15.53125,1,16,94.140625,-0.11493648597072496,0.11985315708340932,1.4514185122259402,0.543461998101001,100.0,0.0,100.0,-19.758471780651917,-0.19758471780651918,0.0,33.33333333333333,0.0,8.105336791335409,8.55546635278023,29.258219492827713,49.89209035484362,48.26039926835395,49.29919031934517,48.5926000178386,49.601201018260085,49.2029127268661,-1.6563697177854206,1.7037714120303464,-27.70276842486034,-29.35913814264576,0.10343255769797745,1.0,0.0038146262144248683,8.533297807826889,0.11718798787061933,0.022199721728698513
14,220,2304,256,15.53125,1,16,94.140625,-0.339222651221062,0.4503469360896581,12.772975482663425,1.627866469519435,100.0,0.0,100.0,-33.71942286364701,-0.3371942286364701,0.0,65.4296875,0.0,9.168276360850065,9.404854824219257,21.454516160887657,49.956881794817605,49.11016226436308,49.673237735583655,49.2942355537896,49.82463048777703,49.61946201232931,-4.948701003189868,5.054300244873354,-42.73354986007169,-47.68225086326156,0.5343396225014614,1.0,0.003458817292907128,26.92523557655603,0.0371398793208965,0.024105343333550185
14,221,2560,256,15.53125,1,16,94.140625,-0.35797184241442126,0.5950862042184336,15.027453202363123,1.6552934610608214,100.0,0.0,100.0,-46.777328598076934,-0.4677732859807693,0.0,66.66666666666666,0.0,9.463236384683839,9.564173161792851,16.905268155939076,49.966222693125246,49.25930357759964,49.733500209466385,49.413969581632315,49.859235150646185,49.68580080267324,-5.126303032392987,5.48223552984786,-55.97803180282155,-61.10433483521453,1.199637993176878,0.8335848028218936,0.005368016960284113,28.648585686063388,0.03490573709146374,0.02668931848643616
14,222,2816,256,15.53125,1,16,94.140625,-0.07513638767119438,0.11141724278587775,1.2326192453589835,0.36775627718368986,100.0,0.0,100.0,-25.767442886591354,-0.2576744288659135,0.0,41.9921875,0.0,8.471474006806943,9.280450104608201,24.98454194809284,49.907213836684555,48.5066073691156,49.39674762588303,48.789209148526965,49.65747115455797,49.29841288696091,-1.1279963901699686,1.570107795891087,-33.90686138816166,-35.03485777833163,0.2102399766227956,1.0,0.004639080880330993,6.174285397565932,0.16196206291245083,0.028382733654802848
14,223,3072,256,15.53125,1,16,94.140625,0.07591072580950213,0.09161139991541502,0.6597863634694497,-0.36086067557301815,100.0,0.0,100.0,-4.966416474265511,-0.04966416474265511,0.0,11.653645833333332,0.0,6.726246986465178,7.365923318237169,58.40661499368745,49.57317581321517,45.62610847668911,47.88678627565787,46.28139410589088,48.670034444408245,47.635069987706984,1.1098253828896085,1.1487265675254923,-11.51624175993104,-10.406416377041431,0.264510104283397,1.0,0.004000136823332607,5.58623670086237,0.1790113905924584,0.027704696451868467
14,224,3328,256,15.53125,1,16,94.140625,-0.03204115564574149,0.07898997382313105,0.41131928788533123,0.15921105554438464,100.0,0.0,100.0,-5.163858232002795,-0.05163858232002795,0.0,2.5390625,0.0,5.810107233395367,6.936713196933873,54.45865513789504,49.007411110248306,42.385556370379334,45.891089134889945,43.386507460957645,47.25067969925429,45.52930844068325,-0.49959920096035665,0.9069942534386105,-10.668840827382837,-11.168440028343193,0.2525445788785857,1.0,0.004009941091769138,2.938023436636176,0.3403648818897536,0.02568441275645975
14,225,3584,256,15.53125,1,16,94.140625,0.0023927984508628555,0.005045165961440414,0.0023629152595048795,-0.011343141462048687,100.0,0.0,100.0,-7.375592086688309,-0.0737559208668831,0.0,16.666666666666664,0.0,7.188519969605162,7.297859840903518,49.82837991062178,49.719497997996015,46.67114678437828,48.4921495645004,47.25322896135467,49.08634091055813,48.29220110078958,0.038977834436509144,0.06874467629576678,-14.426557681584999,-14.38757984714849,0.00898566599088149,1.0,0.00362082073965276,0.1918059729941628,1.0,0.02282552813492989
14,226,3618,34,12.470588235294118,1,16,55.88235294117647,0.4104023572150992,2.330544962800164,38.02409955640119,-1.0335827494644927,52.94117647058824,0.0,52.94117647058824,-6.5416187176185385,-0.06541618717618539,0.0,16.666666666666664,0.0,7.352758000386906,7.367146234303652,53.33634534622721,49.752593073524395,46.966569166053006,48.64417855798406,47.51309175021673,49.18327398262119,48.44971772851885,6.063221994316166,8.720561857632935,-13.785642703220963,-7.722420708904798,4.263068796842407,0.23457280369031003,0.005482947550403603,29.86378738160065,0.03348537100207555,0.019439654664571038
15,227,256,256,15.53125,1,16,94.140625,0.0689774425260316,0.07796693461101004,0.6366927276878018,-0.3236766393050543,89.453125,0.0,89.453125,-2.4025387915011716,-0.02402538791501171,0.0,0.0,0.0,5.27975128763857,5.72923326954592,73.6649004267633,48.332128153029096,39.77448236108888,43.98520005740684,40.95658102360465,45.81341225934352,43.55278783826678,1.0331332213786657,1.1284438202124214,-7.167255038765214,-6.134121817386547,0.11240540299604462,1.0,0.00492522428158243,5.5426037769342935,0.18042061822306857,0.022986547386929977
15,228,512,256,15.53125,1,16,94.140625,0.05741048157026367,0.05741433469265959,0.3498341841165692,-0.27490099505914767,100.0,0.0,100.0,-0.008548445833485028,-8.548445833485028e-05,0.0,0.0,0.0,5.834051558830947,5.939718877647102,99.8663123361411,49.07370019042594,42.63998644664221,45.99926151243519,43.479106673164296,47.403928664701596,45.683189561971226,0.8290174991419754,0.836461815167398,-5.8418614068716685,-5.0128439077296925,0.13719643681677937,1.0,0.004370350831639198,3.626148975797826,0.2757746597490468,0.023106836931355974
15,229,768,256,15.53125,1,16,94.140625,0.059330115512612615,0.05933317561257594,0.3735423701293378,-0.27489296873587155,100.0,0.0,100.0,-0.0071135982937334,-7.1135982937334e-05,0.0,0.0,0.0,6.0192249562450755,6.120392259450159,99.890936625254,49.21698306911547,43.41587581755793,46.44214529016892,44.05927981121505,47.75481168807141,46.19463237350374,0.8566442582721556,0.864340639018365,-6.025796893692676,-5.16915263542052,0.12696626827036975,1.0,0.004219691633238854,3.7828474632068807,0.26435112959914525,0.02407787846457637
15,230,1024,256,15.53125,1,16,94.140625,0.057567030596482785,0.057757966593340926,0.35372443653462826,-0.2784217768890891,100.0,0.0,100.0,-0.01292834443960228,-0.00012928344439602278,0.0,3.2552083333333335,0.0,6.314174203986973,7.303730457870189,99.80575803664385,49.38335894383694,44.43267146815968,47.02982709592516,44.89559901910235,48.1824305094093,46.84537824341588,0.8297359566248512,0.841099799708249,-6.326462849637105,-5.496726893012253,0.1390210096389993,1.0,0.004008629710009557,3.7134889781437646,0.26928853320573554,0.025350851363705
15,231,1280,256,15.53125,1,16,94.140625,0.004974292690388186,0.04589831400353381,0.1414513336851675,-0.02857044130979424,100.0,0.0,100.0,-3.5878402306998525,-0.03587840230699853,0.0,29.4921875,0.0,8.111670819106926,8.603394785470266,69.62984058156852,49.874074517230696,48.16121555315715,49.16835881891786,48.33548093433218,49.552546288301755,49.095630573924524,0.05494411126646043,0.5318859533493387,-11.64970471188202,-11.594760600615558,0.05876167697614464,1.0,0.0037243518014833383,0.2515657192859031,1.0,0.024942740624971434
15,232,1536,256,15.53125,1,16,94.140625,-0.17153576685619615,0.2382663690364357,3.5163129982842194,0.8234390362610731,100.0,0.0,100.0,-18.296005716865743,-0.18296005716865743,0.0,54.231770833333336,0.0,8.924796621511895,9.300482923567111,32.9284218499817,49.94146065407413,48.93470010714297,49.54858003145992,49.02919464099678,49.7723822104637,49.50753193686853,-2.5034284467472263,2.6519098771580527,-27.103626958413905,-29.607055405161134,0.5332497802591802,1.0,0.0032789159754402475,13.242847281317243,0.07551246184125229,0.02331044006959312
15,233,1792,256,15.53125,1,16,94.140625,-0.1458441936689957,0.21462778050023396,2.7640960055565964,0.6932655176470379,100.0,0.0,100.0,-26.188932606267254,-0.26188932606267257,0.0,46.22395833333333,0.0,8.661068269076939,9.324041005339359,24.966794618574216,49.92357192392179,48.7210199972023,49.43481306861423,48.80663146777461,49.7121352049591,49.392515617601205,-2.062669167613869,2.3512107542951552,-34.69034932755636,-36.753018495170224,0.5368059236988586,1.0,0.004264048684914951,10.848439723418128,0.09217915437565982,0.02258308121278322
15,234,2048,256,15.53125,1,16,94.140625,-0.10132045926664748,0.10346330889175358,1.104233115219862,0.4792473313408846,100.0,0.0,100.0,-19.067761778584938,-0.19067761778584938,0.0,33.33333333333333,0.0,8.276234527098566,8.598842047055083,30.427948461170352,49.899457001537705,48.42451389404458,49.279160082788636,48.50142957651394,49.63108932470355,49.23464105884248,-1.4576561435202646,1.4860909226691763,-27.199449669306546,-28.657105812826813,0.26453999081623764,1.0,0.003973158803107668,7.462330599241143,0.13400639206492562,0.02110670273475102
15,235,2304,256,15.53125,1,16,94.140625,-0.3239724473948276,0.43550436186027125,11.558516470064488,1.5112998440325704,100.0,0.0,100.0,-31.759723722723226,-0.31759723722723227,0.0,65.10416666666666,0.0,9.392338680257868,9.670046796296807,22.896008632141243,49.961298735259504,49.21787635980416,49.66871899867701,49.25125412930498,49.84354036030063,49.64682338423488,-4.726217305224676,4.808017568616922,-41.021729294218446,-45.747946599443125,0.6744524235435805,1.0,0.00597708009290119,25.64288487526326,0.03899717230976078,0.02235872523644713
15,236,2560,256,15.53125,1,16,94.140625,-0.36549926925430554,0.5888813007136336,15.291198472257156,1.6871033306842482,100.0,0.0,100.0,-46.38674169887,-0.46386741698870004,0.0,66.66666666666666,0.0,9.744498793511154,9.840480503097503,17.43244676293815,49.97176350567923,49.37755650709944,49.74138476636104,49.397410287514234,49.88199356066353,49.72470650913662,-5.301441115336375,5.530135345948986,-55.898629297570665,-61.20007041290704,0.8404475774005362,1.0,0.00611855920846287,29.542973382113427,0.033848996411628716,0.02431144090998693
15,237,2816,256,15.53125,1,16,94.140625,-0.07529318484534847,0.11716067881987638,1.1823173951553871,0.3610268830758586,100.0,0.0,100.0,-26.948251256062118,-0.26948251256062117,0.0,45.05208333333333,0.0,8.744747917368414,9.600325519245619,24.71055278550336,49.92310589009142,48.737579478083354,49.41948023721007,48.7638403243419,49.71443574926734,49.390240468542025,-1.093114194119932,1.5377369054265344,-35.388718307016546,-36.48183250113648,0.4926363389967268,1.0,0.00498030675344581,5.934974502592143,0.16849272049327974,0.026255380451604558
15,238,3072,256,15.53125,1,16,94.140625,0.07445632726519713,0.09425946654861694,0.6442418733764059,-0.3570125152200513,100.0,0.0,100.0,-5.7186296851783665,-0.05718629685178366,0.0,10.872395833333332,0.0,6.736403171651986,7.695215381463207,55.02117164354723,49.55607656060005,45.625223101503,47.59215079076441,45.62826902877611,48.64210406092773,47.547624870400014,1.0930421945538715,1.1351139796305971,-12.243292846058502,-11.150250651504631,0.286514789293502,1.0,0.005044562139067456,5.560056128543759,0.17985429946764067,0.025759904395764033
15,239,3328,256,15.53125,1,16,94.140625,-0.031153175334369194,0.08212097289447269,0.47218075662123554,0.1435045642455367,100.0,0.0,100.0,-4.760465287719415,-0.047604652877194155,0.0,1.0416666666666665,0.0,5.58829520636616,6.790081549399502,55.91646416999116,48.76704140221518,41.43065523249457,44.68989867096083,41.41084704428762,46.72641470769027,44.71549136945016,-0.4891821219720184,0.9717826471194426,-9.994006755107463,-10.483188877079485,0.2705769101341594,1.0,0.004075284320941752,3.1475235027921333,0.3177100978318068,0.022992726009624178
15,240,3584,256,15.53125,1,16,94.140625,0.000755996654963384,0.006587725662884549,0.002572263770412378,-0.0032608926149266214,100.0,0.0,100.0,-7.470988932721408,-0.07470988932721408,0.0,16.666666666666664,0.0,7.151149383047002,7.2765409041304325,49.400355410959165,49.70190064232108,46.59830265250153,48.21768313720534,46.623512323024684,49.04982542253317,48.198754101714975,0.019955489012609684,0.0717253619079385,-14.475906749165945,-14.455951260153338,0.01263752675231733,1.0,0.0036708659246334633,0.09786207876991795,1.0,0.02075629931957043
15,241,3631,47,13.446808510638299,1,16,68.08510638297872,0.2988837681696385,1.9789709585012818,27.413141538113983,-0.85491270675606,65.95744680851064,0.0,65.95744680851064,-6.570707939346666,-0.06570707939346666,0.0,16.666666666666664,0.0,7.330037928260171,7.352267675673264,53.16112234887205,49.74194134494834,46.93050538143827,48.41075182589735,46.951592321847755,49.1650286823824,48.38845375514847,4.418064801554609,7.404477231798877,-13.788343067997127,-9.370278266442515,4.193609547001619,0.23845806072122003,0.0053475053555876164,21.702025648435608,0.04607864796584484,0.018080010467166074
16,242,256,256,15.53125,1,16,94.140625,0.029610902636297808,0.02985881618853187,0.0929906077515803,-0.13618824258160314,100.0,0.0,100.0,-3.1991972193254563,-0.03199197219325456,0.0,0.0,0.0,6.280721014678349,6.416779326806221,67.76860869094101,49.35570431706644,44.25155090430456,46.698315410278525,44.23245852266662,48.12831085936444,46.70727255916988,0.4250591143236573,0.43125539475253016,-9.267891337893037,-8.84283222356938,0.07252689599276345,1.0,0.004801069393145241,1.977935107583138,0.5055777594351474,0.017541186065313543
16,243,512,256,15.53125,1,16,94.140625,0.03795786798085276,0.03800623340956697,0.15365541773158242,-0.1855288321799442,100.0,0.0,100.0,-2.6563639630319553,-0.026563639630319553,0.0,0.0,0.0,6.471097128516714,6.535310986624822,72.11245018928457,49.45951146516549,44.894664586121976,47.11842193572123,44.87383733466076,48.39378640150914,47.10797418062727,0.5491787622054909,0.5543562351621607,-8.973619827825896,-8.424441065620405,0.04907356893147691,1.0,0.0043997561016180815,2.5381482567751186,0.3939880175756812,0.018544465823529456
16,244,768,256,15.53125,1,16,94.140625,0.043778935162386894,0.04380929283253438,0.20398921418247884,-0.2060010105801012,100.0,0.0,100.0,-2.18121004775926,-0.0218121004775926,0.0,10.546875,0.0,6.574021608151844,6.6395769684702595,76.10772576192065,49.512110429215035,45.247536558453376,47.34007388662625,45.22379434486895,48.53201370186447,47.31079122841237,0.632961926224183,0.6387318908313234,-8.637784853428187,-8.004822927204003,0.04801633707514652,1.0,0.003930053787748536,2.9166136286882343,0.34286337763900404,0.020456086983139676
16,245,1024,256,15.53125,1,16,94.140625,0.04154476017269723,0.04343645146866827,0.2000286651114928,-0.1997296500002964,100.0,0.0,100.0,-1.8346204910559516,-0.018346204910559518,0.0,16.666666666666664,0.0,6.805965737982852,7.76796931514424,79.5472106489904,49.59667905868715,45.86544518314277,47.7224331367816,45.84398099366746,48.76262757312012,47.67453542304678,0.5975882406564246,0.6325008539306375,-8.555882327558688,-7.958294086902265,0.15348008143044903,1.0,0.0037151470089978322,2.756711379602657,0.3627510690452247,0.022686887781702858
16,246,1280,256,15.53125,1,16,94.140625,-0.06837643264716407,0.11040157620965421,0.7717057993877144,0.3176667374086572,100.0,0.0,100.0,-9.14499621516493,-0.09144996215164929,0.0,37.04427083333333,0.0,8.596771719458742,9.092249502429809,48.730583933497776,49.91749360894872,48.662233666770106,49.36823380389864,48.67103587815798,49.69774662515391,49.33144158745165,-1.0158413075787571,1.2423411764790817,-17.641429725510132,-18.657271033088886,0.33916409617737264,1.0,0.002699450822015125,5.273986923699165,0.18960987474322402,0.01991089097921829
16,247,1536,256,15.53125,1,16,94.140625,-0.25439146053095313,0.35111665331401537,7.326265819418037,1.1906636572705682,100.0,0.0,100.0,-27.068010412812455,-0.27068010412812454,0.0,66.47135416666666,0.0,9.33938536215846,9.634550561527123,25.747279214134583,49.95890147747352,49.193732948765664,49.64104088429488,49.20069419107119,49.836872389414054,49.61191666447221,-3.7049434345552976,3.8278625417896177,-36.273290410550956,-39.97823384510625,0.9628300727543728,1.0,0.004208970957493954,19.8484573344544,0.05038174922864796,0.019871868549463705
16,248,1792,256,15.53125,1,16,94.140625,-0.13926270664416274,0.20893734194952676,2.1523431557755024,0.6674389381719845,100.0,0.0,100.0,-28.247267151607062,-0.2824726715160706,0.0,43.48958333333333,0.0,8.749627479427252,9.599355323606881,23.751704405955994,49.92797053052573,48.802903665027706,49.43619584888576,48.807140872700785,49.731397530820615,49.38949391589829,-1.8969413939751614,2.074773797682775,-36.83789310392895,-38.7348344979041,0.571051029297955,1.0,0.005520785786610351,9.901375064333603,0.10099607312141584,0.019558521883559832
16,249,2048,256,15.53125,1,16,94.140625,-0.1326384846963317,0.1448500262088975,2.066095758288955,0.6286470338521761,100.0,0.0,100.0,-20.768325357551024,-0.20768325357551023,0.0,36.45833333333333,0.0,8.528629834835641,9.365359122835098,29.24288175488217,49.91582660643024,48.6556624731648,49.35730372514788,48.659520359991056,49.690821244766894,49.29904064729803,-1.9179969794530836,2.032779259186277,-29.164806349537578,-31.082803328990664,0.267467581404631,1.0,0.00490640024466138,9.866912754235099,0.10134882357916641,0.020316151180349587
16,250,2304,256,15.53125,1,16,94.140625,-0.36441444708455084,0.5032009897371351,14.419528268697192,1.7449040054491374,100.0,0.0,100.0,-37.04274432647437,-0.37042744326474375,0.0,66.66666666666666,0.0,9.740901856866547,9.941066196916902,20.88130245017521,49.97091959609698,49.38430118778764,49.730952514546885,49.389606006531665,49.880738735393194,49.698583389747235,-5.305925776771999,5.370200791161759,-46.64891895565074,-51.954844732422735,1.883159720483879,0.5310224029977921,0.006618736636624373,28.987116546431313,0.03449808463695272,0.021997409659514397
16,251,2560,256,15.53125,1,16,94.140625,-0.30759103509466357,0.5615545375542951,12.842184349958655,1.3301233293814576,100.0,0.0,100.0,-46.2113667369333,-0.462113667369333,0.0,66.9921875,0.0,9.924938255410101,10.080237005249716,17.752545235070542,49.97449750485724,49.4448227117941,49.759536442099254,49.451187954474875,49.89431568178229,49.72693646627894,-4.4295682356802075,5.067974812478581,-55.9071283806852,-60.3366966163654,1.984774459683583,0.503835584502343,0.007466297155172512,24.725141697257502,0.04044466204660495,0.024369920290157825
16,252,2816,256,15.53125,1,16,94.140625,-0.06288209343271642,0.10995335890324795,1.1158643619977286,0.30556531292623007,100.0,0.0,100.0,-23.289651450377523,-0.23289651450377524,0.0,38.671875,0.0,8.524930364769581,9.304020760619162,27.087869608259822,49.89048817811987,48.46858404953383,49.238974446572044,48.48467491000118,49.61898111539473,49.149881032991466,-0.9072658024920535,1.4938971597788977,-31.471394716733645,-32.3786605192257,0.3604518427817853,1.0,0.0066538965001896825,4.946965069089442,0.20214414010084447,0.026658030721688285
16,253,3072,256,15.53125,1,16,94.140625,0.0746138916190033,0.08815776157170135,0.6409333540619263,-0.3559700904481888,100.0,0.0,100.0,-3.561528210982006,-0.03561528210982007,0.0,6.705729166666667,0.0,6.421072097863156,7.1856369926539685,65.38851413558999,49.38577112014006,44.723002132069475,46.90954754357608,44.72656950646446,48.22105374321369,46.66859061072198,1.090508159922071,1.1321955255713796,-9.819877669262198,-8.729369509340126,0.2948310653435644,1.0,0.006107819952793481,5.529429200915083,0.1808504935436205,0.027872189240457007
16,254,3328,256,15.53125,1,16,94.140625,-0.04365764616073764,0.08250186011603489,0.4849835185270888,0.19284632191208456,100.0,0.0,100.0,-6.064489481222879,-0.0606448948122288,0.0,3.3854166666666665,0.0,5.639554181209505,7.10748661452246,50.054013798206825,48.64742573408665,41.34443358027081,44.451369457448784,41.400124048006205,46.53601666763348,44.156044769063364,-0.6642214371970562,0.9848690456371231,-11.266936961230352,-11.931158398427407,0.4030578378413789,1.0,0.005824747162993208,4.207105783834363,0.23769309624741558,0.0251739479833901
16,255,3584,256,15.53125,1,16,94.140625,0.0044090030879166756,0.00585163123044063,0.003602361479196108,-0.021561439895091024,100.0,0.0,100.0,-7.178823478617545,-0.07178823478617545,0.0,16.666666666666664,0.0,7.235366192639753,7.36017248318419,50.66969846667744,49.71093344579691,46.762425660697296,48.28507335194044,46.86406012575209,49.08568673211643,48.109946619568554,0.06539154043053486,0.08488063947916637,-14.27947355439275,-14.214082013962216,0.02903586986765453,1.0,0.0053028599971731765,0.32095196468917714,1.0,0.022105951154148703
16,256,3592,8,4.5,1,8,0.0,1.7101706316146896,4.80684124532705,86.78283459942477,-1.550687934470653,0.0,0.0,0.0,-6.450829108897121,-0.06450829108897121,0.0,16.666666666666664,0.0,7.395458322897078,7.398809567691776,53.83105506303488,49.745061931977396,47.04029691471588,48.45568950727155,47.15725263173056,49.18226497474441,48.27845263606319,13.171557926004581,13.174432405187313,-13.73827489399413,-0.5667169679895477,20.220202868614635,0.04945548798386086,0.006146922652897167,64.64348366949665,0.015469463327699192,0.019471652500421443
17,257,256,256,15.53125,1,16,94.140625,0.05231987256107714,0.12555232656830617,1.247447940985453,-0.25122221697047126,96.09375,0.0,96.09375,-4.667069930465958,-0.046670699304659585,0.0,0.0,0.0,4.885086811530158,6.129984031931191,54.8919098865667,47.73105911484022,37.74474354198097,41.67394476455217,37.82193476889986,44.58699273282877,41.3427759147931,0.8931285674748751,1.5795239415630604,-8.89946591697231,-8.006337349497434,0.35266492171189673,1.0,0.004992201789595683,5.025212561068747,0.19899655742867184,0.027448809685329326
17,258,512,256,15.53125,1,16,94.140625,0.02393910455155219,0.024073485409774706,0.06180727221686694,-0.11215642030170442,100.0,0.0,100.0,-2.063711093293127,-0.020637110932931274,0.0,0.0,0.0,4.85076884908017,5.0210281179505625,74.00027724505804,47.771449278418515,37.70149343205571,41.596937121054026,37.467445580181405,44.63160701635303,41.31209281238138,0.34726052012615216,0.35158860111461787,-6.555068480373996,-6.207807960247845,0.09936790018045595,1.0,0.004527058839327122,1.6043133612621732,0.623319623301811,0.02823603589448652
17,259,768,256,15.53125,1,16,94.140625,0.031654483921948876,0.03172936040446335,0.1071920249322266,-0.1479791981412846,100.0,0.0,100.0,-1.699277584960358,-0.016992775849603577,0.0,0.0,0.0,5.1500909793816225,5.312016899041791,78.0286308589917,48.27657976959871,39.44755748488235,42.95392483051302,38.98032827254333,45.67434736187984,42.68616484894976,0.45837725058780204,0.4630162522681609,-6.60025803693587,-6.141880786348068,0.1339957485758033,1.0,0.004325492567936478,2.069739883048325,0.4831525005582799,0.0299448588714417
17,260,1024,256,15.53125,1,16,94.140625,0.03607427003312806,0.03659208400369302,0.14027145727376,-0.1731937425597254,100.0,0.0,100.0,-1.3805693251208786,-0.013805693251208789,0.0,1.171875,0.0,5.591432307722304,6.9894957101725135,82.11901685333018,48.760640634109734,41.514540772341896,44.484588194459526,40.91001602846511,46.75545072415839,44.23163572396787,0.5211103794070872,0.5296630198036484,-6.808937225477211,-6.287826846070124,0.03900736714105884,1.0,0.003881344926398544,2.333485431416784,0.42854349400966535,0.03186878554934467
17,261,1280,256,15.53125,1,16,94.140625,0.0512107853570584,0.056347561163853366,0.32950268959984697,-0.2451499655410164,100.0,0.0,100.0,-0.9678597805455418,-0.009678597805455418,0.0,24.0234375,0.0,7.916971991846102,8.569916951934193,89.28484880081754,49.83562780975086,47.85233533582938,48.856528791829135,47.609074710819506,49.449418093469134,48.736860598571766,0.7340384456183949,0.811791462876824,-8.867094583435762,-8.133056137817366,0.22053874791523792,1.0,0.0038603489965029795,3.56925525555478,0.2801704917135625,0.032206998837135896
17,262,1536,256,15.53125,1,16,94.140625,-0.0866135806646506,0.13635542369652787,1.1242669186756573,0.42649602176999635,100.0,0.0,100.0,-10.966924802748657,-0.10966924802748657,0.0,44.53125,0.0,8.97310879947089,9.412573447711331,45.1732785012502,49.938327876597285,48.92534895346982,49.473386096049055,48.76734553525989,49.76864981183631,49.4008088557507,-1.2886470383964124,1.4995111994751205,-19.863753743759272,-21.152400782155688,0.22190326417368011,1.0,0.0038295027038786063,6.7135713442321965,0.1489520180431427,0.02770173444107143
17,263,1792,256,15.53125,1,16,94.140625,-0.1260755274997106,0.18533746345185828,2.1239646992760717,0.60070851591148,100.0,0.0,100.0,-22.208088859594376,-0.22208088859594374,0.0,48.69791666666667,0.0,8.931720843943046,9.574765127403559,28.795531380384574,49.93323164156265,48.8700677871763,49.436962600872555,48.67279933043872,49.75243532010896,49.35796923437154,-1.8080767484521412,2.0610505570102213,-31.017732320881237,-32.82580906933338,0.5392455302355263,1.0,0.003882970007397233,9.435362248821388,0.10598427210623676,0.024693767156411875
17,264,2048,256,15.53125,1,16,94.140625,-0.07358853947890362,0.07451051356342656,0.5773236318147664,0.34801084460107656,100.0,0.0,100.0,-16.920151005812755,-0.16920151005812756,0.0,33.33333333333333,0.0,8.349023725579357,8.602962350741427,33.20620052124902,49.898943408546444,48.44290880341818,49.194322941047105,48.13824320072047,49.63904070492328,49.085820294836225,-1.0553475366055094,1.0745451426671346,-25.142966056103653,-26.198313592709166,0.2373484614715713,1.0,0.004221267548059046,5.319794100700131,0.1879772000702793,0.02180911009750114
17,265,2304,256,15.53125,1,16,94.140625,-0.258972821928023,0.34774871175150723,7.78467851988067,1.2207749241384878,100.0,0.0,100.0,-25.983016319205923,-0.2598301631920592,0.0,60.026041666666664,0.0,9.56436396577208,9.995220023577524,26.97934835690973,49.96241214539869,49.252230188895595,49.639723638021835,49.074052655431686,49.85267160513192,49.58176100743666,-3.8092132023399694,3.945802458279094,-35.45068561050895,-39.25989881284892,1.6900148658841074,0.5917107714178976,0.006137105147908656,20.435693827429976,0.04893398817013699,0.02156648075486112
17,266,2560,256,15.53125,1,16,94.140625,-0.3786103477541649,0.573289617876143,15.678450878720893,1.8383920401972973,100.0,0.0,100.0,-43.84673239190394,-0.4384673239190394,0.0,71.875,0.0,10.128153043326755,10.252752692086593,18.835080428205522,49.978214431061176,49.49099602349226,49.76433806471426,49.35111423509326,49.909234185325104,49.721713710445485,-5.505113712883996,5.599723364367367,-53.77281547553071,-59.2779291884147,3.156781135798897,0.31677837549764964,0.009527667334363537,30.54290713237967,0.032740825739533574,0.022102450690687156
17,267,2816,256,15.53125,1,16,94.140625,-0.10847556374619395,0.21821204060589156,1.5523619571488765,0.5272812596201673,100.0,0.0,100.0,-31.064211306559685,-0.31064211306559686,0.0,51.041666666666664,0.0,9.295909756262256,10.210053724890322,23.208184385605364,49.95007432188949,49.078514304544754,49.54209346588215,48.83092143648638,49.81082902412889,49.46555045221169,-1.4376142995019643,1.7620226770100755,-40.05444631863554,-41.4920606181375,0.5438264452331256,1.0,0.009279531620313537,7.841203527844748,0.12753144290272778,0.023636034306712767
17,268,3072,256,15.53125,1,16,94.140625,0.06599424923881905,0.09409598052718482,0.5356861878723398,-0.3062048245404015,100.0,0.0,100.0,-8.493881256120014,-0.08493881256120014,0.0,11.393229166666668,0.0,6.809272388557558,8.300955837819744,45.581207315286456,49.53694084639889,45.57022291787359,47.31112678522622,44.60391868555557,48.628941228169154,47.02806429144329,0.9736126409669758,1.0350711935633605,-14.93877145784585,-13.965158816878873,0.31071609546972706,1.0,0.008378335508854156,5.19171743785254,0.1926144887449098,0.02475420270352938
17,269,3328,256,15.53125,1,16,94.140625,-0.02040704812797937,0.08936087681605644,0.582876906472085,0.08580295590691273,100.0,0.0,100.0,-3.4820214992384946,-0.03482021499238495,0.0,0.0,0.0,5.058898537471753,5.8364210316691425,62.645755550272476,48.03530479398663,38.63455616428526,41.99157220861764,36.809530372467975,45.22336578523865,41.52682291729366,-0.3368224630319044,1.0797007978806767,-8.075405098134777,-8.41222756116668,0.5481165148102588,1.0,0.008097374263572515,3.1718250858710277,0.3152758972916017,0.0262731803926522
17,270,3584,256,15.53125,1,16,94.140625,-0.006161604631228536,0.019042797485780447,0.01766306177476999,0.030139018576806946,100.0,0.0,100.0,-7.561583646019298,-0.07561583646019299,0.0,14.2578125,0.0,6.857164427700237,7.082122757869341,48.22172875753117,49.58989429436005,45.796657874723856,47.50297141354923,44.843659761526986,48.77323331400426,47.23206653540416,-0.061017657226235825,0.1879524502355316,-14.220071748525399,-14.281089405751636,0.02522987863809696,1.0,0.007334855182102407,0.32572922787916303,1.0,0.02289409318289113
17,271,3668,84,14.571428571428571,1,16,82.14285714285714,0.16661980229883647,1.4411893880068734,14.55108786420091,-0.5543779789707055,80.95238095238095,0.0,80.95238095238095,-6.455142693647459,-0.06455142693647457,0.0,16.666666666666664,0.0,7.160256704549677,7.206867375139832,53.08544536505609,49.69146495847459,46.50648117071098,47.9869917006323,45.678150540485184,49.04359720044805,47.72712276809059,2.4656439064952034,5.394643243848644,-13.488172992258574,-11.022529085763367,4.9378786735319125,0.20251611392564467,0.007975173259316726,12.076338647311937,0.08280655496710414,0.019645785763554465
18,272,256,256,15.53125,1,16,94.140625,0.04721315627902241,0.04722654338239352,0.23763114624416254,-0.22029072606203204,100.0,0.0,100.0,-0.11258665022896869,-0.001125866502289687,0.0,0.0,0.0,4.940388773197366,5.066985671026379,98.16442666423218,47.96452926397404,38.05541251585289,41.5564209977672,36.03631737524341,45.060679329375624,41.049008287673296,0.6832480739474321,0.6893926983137587,-5.0327689378717455,-4.3495208639243135,0.08160450775901322,1.0,0.00716320751973484,2.882611861729898,0.3469076129451175,0.019955826941626505
18,273,512,256,15.53125,1,16,94.140625,0.049787038015605134,0.049794879377279354,0.2632166944093214,-0.23469718565499148,100.0,0.0,100.0,-0.09309341307186865,-0.0009309341307186865,0.0,0.0,0.0,5.18938246797747,5.32764357998758,98.5082049085219,48.357568747638474,39.48473739143452,42.75478713137397,37.597846436091146,45.878961100836776,42.21530552538211,0.7191222179050252,0.7255572953383094,-5.267969782615071,-4.548847564710046,0.09437212070887391,1.0,0.006573821692779484,3.060147417099761,0.3267816427444351,0.02162538101714545
18,274,768,256,15.53125,1,16,94.140625,0.05241625620809981,0.05242300973635162,0.29170524908204165,-0.2514689380937824,100.0,0.0,100.0,-0.07673224592977848,-0.0007673224592977848,0.0,0.0,0.0,5.428505803426864,5.561683239336165,98.79226920214228,48.67461134064756,40.772925638393275,43.79996900342651,39.02448805705741,46.56682258645156,43.24657439333606,0.7570356703474648,0.7638131303951794,-5.494869028991945,-4.737833358644481,0.022889183427521633,1.0,0.0059560029630831525,3.2511434582283814,0.30758408936679826,0.023931711570114835
18,275,1024,256,15.53125,1,16,94.140625,0.051107910978439565,0.05134477668115695,0.2788762192946014,-0.23427519039267702,100.0,0.0,100.0,-0.06359050638792409,-0.0006359050638792407,0.0,1.8229166666666667,0.0,5.818971760889429,7.153055897361882,99.04136606582775,49.01517731094435,42.44333725994494,45.07571770808814,40.92073991799465,47.357192829168206,44.55182541588266,0.7365834907375088,0.7468282524042611,-5.875294326031263,-5.138710835293754,0.07045338611593412,1.0,0.005264863706908516,3.2063102734015887,0.31188497516776365,0.026286992462037816
18,276,1280,256,15.53125,1,16,94.140625,0.019721525337469164,0.042724461782673286,0.1473002600431559,-0.09351317900345506,100.0,0.0,100.0,-2.6306769028923322,-0.026306769028923316,0.0,29.6875,0.0,8.18851866964127,8.836855365576982,75.98145679484134,49.87479258944998,48.15974345492991,49.02097299482652,47.66700800590897,49.57267500481544,48.82832072189048,0.27266771767799425,0.5427711489074487,-10.77699614492943,-10.504328427251437,0.21932921600357416,1.0,0.004359606868100046,1.3111079199992808,0.7627137207748304,0.028166177622762124
18,277,1536,256,15.53125,1,16,94.140625,-0.14598299390083702,0.2111560640331823,2.615076635355187,0.6777719884312197,100.0,0.0,100.0,-16.200173898934807,-0.1620017389893481,0.0,51.236979166666664,0.0,9.241461987801642,9.680670436468228,36.46494160374962,49.95376143017313,49.08614017697203,49.55814908759866,48.828333523714115,49.823182237499694,49.447757678298174,-2.138511191534985,2.2869528352614474,-25.34341639217478,-27.48192758370977,0.28877327801980196,1.0,0.004011567102192768,11.218050680885444,0.08914204690694709,0.02392883156695765
18,278,1792,256,15.53125,1,16,94.140625,-0.13755084341300755,0.20083270484063956,2.4817984212134214,0.6238961901606183,100.0,0.0,100.0,-25.176982302861546,-0.2517698230286155,0.0,46.6796875,0.0,8.96950099634266,9.753464903288087,26.365244434795134,49.9383171560782,48.88328919284182,49.44849063261141,48.58596944861766,49.77197021441866,49.31094281394192,-1.9492354681306807,2.2279131137517107,-34.02017007096394,-35.96940553909462,0.7776820695721254,1.0,0.004649627678041691,10.150077423908353,0.09852141596915459,0.02151857177916043
18,279,2048,256,15.53125,1,16,94.140625,-0.0919018419108571,0.09337854053854355,0.8986050767110414,0.43974921665786465,100.0,0.0,100.0,-18.493546005892856,-0.18493546005892858,0.0,33.33333333333333,0.0,8.42807671848843,8.792670261315656,31.44893993655551,49.911035427608994,48.51274173368276,49.24939452716563,48.138858343126515,49.681220096535085,49.06418213025552,-1.3209758232315478,1.3406006688876755,-26.799239451285388,-28.120215274516937,0.11010598853229696,1.0,0.00426954542412724,6.661625172423919,0.15011351946662244,0.01918290524842641
18,280,2304,256,15.53125,1,16,94.140625,-0.30280962760975294,0.40071959107964045,10.302156652494798,1.4272397041019111,100.0,0.0,100.0,-30.240338779070164,-0.30240338779070164,0.0,63.0859375,0.0,9.773808727131291,10.155165944556385,24.487478618447007,49.97143426389968,49.352151922684115,49.70355553714889,49.1778931360344,49.88580250916924,49.614806345632886,-4.4285968831706,4.539197429611274,-39.91349570702002,-44.34209259019062,1.264436297432091,0.7908662556040763,0.004885246810503553,23.85563380369578,0.04191881918664753,0.019532687416147786
18,281,2560,256,15.53125,1,16,94.140625,-0.37699197049612554,0.5985711475868658,15.677188478374948,1.8122307707761434,100.0,0.0,100.0,-46.10137403746395,-0.4610137403746395,0.0,80.53385416666666,0.0,10.23188982306797,10.343545523659799,18.23143527097742,49.981637465395394,49.52459209349959,49.7917383267239,49.39625765607111,49.92296108700315,49.722906167560105,-5.447260767418252,5.599497920059431,-56.122239807175745,-61.56950057459399,0.7744136719084399,1.0,0.007839402136786387,30.283474052734658,0.033021310509442625,0.02119575663700007
18,282,2816,256,15.53125,1,16,94.140625,-0.07696243208497353,0.11888129341741256,1.1885271251710186,0.3622102822038973,100.0,0.0,100.0,-28.284956934523752,-0.28284956934523753,0.0,47.13541666666667,0.0,9.08043634493136,10.176609453895976,24.528116145360954,49.94106538850063,48.921073980659116,49.47948299787157,48.674120960174214,49.783886630639174,49.32720864912393,-1.1135122430040996,1.541769843505196,-37.02052082238187,-38.13403306538597,0.1745686739582464,1.0,0.006918248636150055,6.066553103114552,0.1648382504863598,0.023233101083990085
18,283,3072,256,15.53125,1,16,94.140625,0.06855650789296941,0.09568838494707636,0.5596045409989854,-0.33307467065723534,100.0,0.0,100.0,-6.547525108209711,-0.0654752510820971,0.0,7.552083333333333,0.0,6.403002503272312,7.634726689830637,50.83900878796601,49.39164677972416,44.47840860136756,46.681557163861775,43.53150429262044,48.27009712043686,46.060653125233486,1.010690709249686,1.0579267848003333,-12.594664325532548,-11.583973616282861,0.21794045379146132,1.0,0.006500114413512842,5.418588013573687,0.18454992287566008,0.023964186202329672
18,284,3328,256,15.53125,1,16,94.140625,-0.035520765071326704,0.08917089585633127,0.6001896692769233,0.15958244256475793,100.0,0.0,100.0,-4.384640785586209,-0.043846407855862087,0.0,0.0,0.0,4.848901996944426,6.172892440091929,56.00859786120447,47.741208822044925,37.42110167003922,41.244520669947164,35.922597086228976,44.68081263102744,40.22203683903335,-0.5540871592078812,1.0956182448982157,-8.657424363596004,-9.211511522803885,0.1413648685635007,1.0,0.005725981008396187,4.493679454530971,0.22253478694206844,0.024438258660871005
18,285,3584,256,15.53125,1,16,94.140625,-0.001938774499620037,0.008769596709620638,0.005346816794971288,0.009518248335092218,100.0,0.0,100.0,-7.189338296623717,-0.07189338296623718,0.0,15.234375,0.0,6.738056307502998,6.906990548682856,49.024889846518896,49.58923519651073,45.566201108738966,47.50647881023663,44.87728613614432,48.77595030590561,46.992633424785474,-0.017204654410807013,0.10341002654454053,-13.744153895292122,-13.76135854970293,0.009645217004277552,1.0,0.0051598940807691795,0.09082490854168512,1.0,0.022531096088233074
18,286,3641,57,13.894736842105264,1,16,73.68421052631578,0.23499631702604332,1.7069263352521262,20.38393418212183,-0.6352834371922943,71.9298245614035,0.0,71.9298245614035,-6.273188479469507,-0.06273188479469506,0.0,16.666666666666664,0.0,6.966761746895013,7.000789823487011,53.151687733280646,49.66339037049453,46.10383501458608,47.86996802623013,45.53065802946501,48.97300330968737,47.387183767157126,3.4761208068221943,6.38497207231509,-13.107319906481186,-9.631199099658991,6.459323403327417,0.15481497636189975,0.006263197178323634,17.010184371992064,0.058788310469258594,0.019852395232644045
19,287,256,256,15.53125,1,16,94.140625,0.027549644949157424,0.028286087835326743,0.08649729814513288,-0.12686030530850745,100.0,0.0,100.0,-1.1732844477945896,-0.011732844477945894,0.0,0.0,0.0,4.167253065151479,4.296220009229464,82.95137548589742,46.38391136724857,33.06989363854353,37.57950742682612,31.470697547842725,42.07958308381798,36.46813048042591,0.4071164461935735,0.4159261909164482,-5.023729914954762,-4.616613468761188,0.17303010491043638,1.0,0.005960157973712492,1.8077735933463464,0.5531666153773785,0.021319897457356646
19,288,512,256,15.53125,1,16,94.140625,0.031502080148439214,0.03155273878921483,0.10593409341692346,-0.14686594195807987,100.0,0.0,100.0,-0.9504236226359146,-0.009504236226359146,0.0,0.0,0.0,4.424833170751432,4.597874624263878,85.93228226384115,47.08704146321606,34.897381112709986,39.27671373424751,33.450238495412066,43.36059737305649,38.11376835627966,0.4559040003103516,0.46029141512073296,-5.149209417207958,-4.693305416897607,0.06262168832192783,1.0,0.0052436705190439985,1.9934625399155046,0.501639724838966,0.02387177991986132
19,289,768,256,15.53125,1,16,94.140625,0.036837202896554205,0.03687109322429934,0.14453930887528998,-0.1772276505875202,100.0,0.0,100.0,-0.7858928005274979,-0.00785892800527498,0.0,0.0,0.0,4.723362981631177,4.888546121094753,88.28782517068029,47.75384007741298,36.90436730553457,41.05230674695181,35.623238271661855,44.645294435052094,39.865248693332404,0.5327451138781092,0.5376603181847996,-5.3499596037164245,-4.817214489838316,0.06699847050980808,1.0,0.004717886920875321,2.314881253963907,0.43198760121610613,0.026854896397542204
19,290,1024,256,15.53125,1,16,94.140625,0.038294602756206254,0.03866193948331879,0.15724286195513829,-0.18210508838091966,100.0,0.0,100.0,-0.6380085606885917,-0.006380085606885917,0.0,0.78125,0.0,5.1906233558969,6.729278313175967,90.6914280087049,48.407056680123816,39.447082398842575,43.10521669963677,38.39321249021907,46.02429227938018,41.98565861398611,0.552351834941813,0.5607902673105842,-5.7233891558071885,-5.171037320865376,0.05958438864735188,1.0,0.004347399685617245,2.405081564275361,0.41578631463224197,0.02967210840793574
19,291,1280,256,15.53125,1,16,94.140625,0.03693040508456141,0.04674922639607707,0.21305738703321414,-0.17377617262812958,100.0,0.0,100.0,-1.4747038384102558,-0.014747038384102558,0.0,25.065104166666668,0.0,7.828442141959517,8.592955340100168,84.40687377916116,49.839019266681646,47.66570300933786,48.83520468960715,47.39283136250498,49.46812958856226,48.460852452602964,0.525451363048988,0.6527746732728134,-9.274650027249614,-8.749198664200623,0.12753873670479837,1.0,0.004283220936255671,2.5257597639657794,0.3959204728282894,0.030933489850723292
19,292,1536,256,15.53125,1,16,94.140625,-0.10991855707580972,0.16089681067864264,1.6365265821273134,0.5258030044043126,100.0,0.0,100.0,-13.027836264057886,-0.13027836264057885,0.0,46.54947916666667,0.0,9.068944318286288,9.611951050698098,41.2019559715996,49.950041510463265,48.959207773804735,49.54413292070617,48.85133092106136,49.81112510711402,49.35189161793215,-1.621992610620345,1.8091581368842877,-22.010955801558275,-23.632948412178617,0.385905735398795,1.0,0.0029083594615488474,8.419367294664198,0.11877377064114465,0.02651982945061848
19,293,1792,256,15.53125,1,16,94.140625,-0.13160410771015102,0.19389465123391436,2.2726288066698626,0.6181752497111852,100.0,0.0,100.0,-23.408178743088772,-0.23408178743088773,0.0,47.4609375,0.0,8.938079283342622,9.705040896661657,27.72959172534763,49.940755798723295,48.832868321200536,49.48312928390999,48.728075853520636,49.780593907176325,49.260069156309875,-1.8661012946040745,2.1319609783811067,-32.23299993693135,-34.09910123153543,0.7191093358804846,1.0,0.003925001679103697,9.66273445974698,0.10349037367898291,0.024134777043262858
19,294,2048,256,15.53125,1,16,94.140625,-0.08131311771097116,0.08217790620981938,0.70397933472566,0.3886217659042668,100.0,0.0,100.0,-17.559319085218963,-0.1755931908521896,0.0,33.33333333333333,0.0,8.309164048689809,8.660918318166436,32.26879196191846,49.90863955214056,48.36696926762182,49.25522132399696,48.238068323518334,49.67361528552996,48.93845334447252,-1.1672391252201948,1.1865743421511017,-25.74984541874312,-26.91708454396332,0.20558037540931032,1.0,0.003912634854267386,5.8373805997707695,0.17130971381911766,0.021360208622387303
19,295,2304,256,15.53125,1,16,94.140625,-0.27641505281236356,0.3616066957425003,8.774134112313792,1.3378582142585485,100.0,0.0,100.0,-27.817171973952785,-0.2781717197395278,0.0,61.328125,0.0,9.712450631582499,10.180543795531019,25.939943403539576,49.97133616018843,49.29824280578976,49.71424135569737,49.24958205228239,49.885837877015646,49.56676781789501,-4.05409069275583,4.189065316347739,-37.44206562246087,-41.4961563152167,1.0163223419884382,0.9839397981190657,0.010476094381856194,21.68151914591548,0.04612222940975919,0.02157127119854701
19,296,2560,256,15.53125,1,16,94.140625,-0.3871511737037865,0.5982445779346446,16.131767615476996,1.8464667127261905,100.0,0.0,100.0,-45.14613659869769,-0.45146136598697695,0.0,89.2578125,0.0,10.295080979448711,10.425291423049499,18.635042307826318,49.983974454074314,49.52929331889258,49.820356631705806,49.501657096614096,49.93180952540099,49.716043317783345,-5.574104004143545,5.6800999314232135,-55.24581489747945,-60.81991890162299,0.5937099430789703,1.0,0.012585174968429036,30.90566313061725,0.03235652947402161,0.022794984699623738
19,297,2816,256,15.53125,1,16,94.140625,-0.09270272503817022,0.1673543438492105,1.3214092566216795,0.4373232291627678,100.0,0.0,100.0,-30.1366193784538,-0.301366193784538,0.0,51.3671875,0.0,9.241568013712445,10.34029537771853,23.67564236951997,49.953722122589326,49.009096016372276,49.582992737464764,48.96369061427913,49.825249584539506,49.36572000110159,-1.2813918892318146,1.6256747870479382,-39.034075061084906,-40.31546695031671,0.29231651180313156,1.0,0.010428147638913289,7.005014855713544,0.1427548721305514,0.02459028533723468
19,298,3072,256,15.53125,1,16,94.140625,0.06487039334749853,0.09754655812847235,0.4971824643622691,-0.30966308147216026,100.0,0.0,100.0,-7.746530542657999,-0.07746530542657998,0.0,7.356770833333333,0.0,6.3253987110936825,8.188687775949191,46.46188007331976,49.363017006193935,44.038844329301156,46.66151438418223,43.76472754029414,48.20409527025548,45.58251236482147,0.9316147092704369,0.9971784838856774,-13.614168649894939,-12.682553940624501,0.29494799047811743,1.0,0.0095236237617594,5.167125187390136,0.19353121198619347,0.02526343819191952
19,299,3328,256,15.53125,1,16,94.140625,-0.03336260419261168,0.09463294069293382,0.6740710716315418,0.13080431385359198,100.0,0.0,100.0,-3.892209902690749,-0.03892209902690749,0.0,0.0,0.0,4.4655074577470515,5.591221242510122,58.18501345635711,47.07842051875997,34.91572131668665,39.686609282100754,34.40953807749864,43.405896219774974,37.692548775785475,-0.5239038120564687,1.1610952343641254,-7.674669459510392,-8.198573271566861,0.5261699840250883,1.0,0.009277732308907747,4.968612094927183,0.20126344759756404,0.0256755912862272
19,300,3584,256,15.53125,1,16,94.140625,-0.005994302882940249,0.013067584997749926,0.011934327929025094,0.02583992396622562,100.0,0.0,100.0,-7.133400223992572,-0.07133400223992571,0.0,8.0078125,0.0,6.382541312226307,6.597509210018876,48.042186491375546,49.46993015680893,44.43053805187454,47.03054109229093,44.31153206956646,48.46570518474803,46.00948061541542,-0.07272633184361182,0.15449484087842608,-13.285284826434971,-13.358011158278583,0.02971390335629058,1.0,0.008385703010345271,0.380637277403155,1.0,0.023851395603255797
19,301,3655,71,14.309859154929578,1,16,78.87323943661971,0.18197320403328443,1.475520992954605,15.207318097046638,-0.7194066340943486,77.46478873239437,0.0,77.46478873239437,-6.143585065100804,-0.06143585065100804,0.0,16.666666666666664,0.0,6.674584223322744,6.721346158619051,52.70206825153046,49.59450020000061,45.270275302597966,47.585160141958895,45.23808816856994,48.7842903245724,46.66264378516289,2.695313186102709,5.514946617519818,-12.664748167884122,-9.969434981781411,2.94082978242427,0.3400400818763645,0.009309952079244874,13.22800896622741,0.07559716678096545,0.02070968124063524
20,302,256,256,15.53125,1,16,94.140625,0.04772263660189467,0.05072769429698857,0.27545836807984925,-0.2327007330195307,100.0,0.0,100.0,-0.2854580600447599,-0.0028545806004475986,0.0,0.0,0.0,4.498743194791102,4.93395051172348,95.05473872179056,47.38095170615229,35.14485795648305,40.14922706997453,34.86583731253991,43.897300300169135,38.106725929468965,0.7119968295181878,0.7422376547708278,-4.732792131445626,-4.020795301927439,0.2584661841536577,1.0,0.00828222549892385,3.0020378845243965,0.3331070554289247,0.021397772741839023
20,303,512,256,15.53125,1,16,94.140625,0.04494598647892093,0.04495418056844726,0.21453619440728133,-0.21848918664656586,100.0,0.0,100.0,-0.014700270496954316,-0.00014700270496954316,0.0,0.0,0.0,4.625127268698631,4.770796331113577,99.75342750103259,47.67085302986624,35.98932582870882,40.90480501446177,35.80021218356694,44.4504655516146,38.86651859605683,0.649228705589743,0.6550361736687239,-4.636559749940176,-3.9873310443504333,0.07519795777509922,1.0,0.007505165899729666,2.7079102229070546,0.36928846146400607,0.022990906082443908
20,304,768,256,15.53125,1,16,94.140625,0.047523167900737975,0.04753069532405604,0.23982571478309667,-0.22634550023674344,100.0,0.0,100.0,-0.012237564042765487,-0.00012237564042765484,0.0,0.0,0.0,4.877072563352582,5.0188786712544795,99.79806924054695,48.14037891984301,37.597540206258515,42.24634263385751,37.502701012193214,45.39828980301252,40.29687842107197,0.6864257573491805,0.6925687182989089,-4.886940800024092,-4.200515042674912,0.1234721220939211,1.0,0.006515096275991622,2.89172366940733,0.34581450868884506,0.02524597500412846
20,305,1024,256,15.53125,1,16,94.140625,0.045481552319430726,0.04587375516034607,0.2226331499089305,-0.21194574207975364,100.0,0.0,100.0,-0.013476751170509085,-0.00013476751170509086,0.0,1.171875,0.0,5.3008101475973035,6.778248043984201,99.78482114354186,48.642646360509474,39.80365792513106,43.912190841304806,39.798799813049655,46.50075366503545,42.18031876749552,0.6550846572962756,0.667282773506001,-5.312240966962314,-4.657156309666037,0.18645658192498446,1.0,0.005738467237178801,2.7965728548041793,0.357580528711104,0.027583340048795403
20,306,1280,256,15.53125,1,16,94.140625,0.00989645793914087,0.04103244330763109,0.1218613852482233,-0.04209410155125898,100.0,0.0,100.0,-3.0416522186564223,-0.030416522186564224,0.0,29.1015625,0.0,8.020726580195776,8.799171084128632,72.87505277435471,49.87218095092619,47.82315574489033,49.04658992787105,47.91080122877801,49.562727846051395,48.55680502313194,0.13132945496475884,0.49368286429290476,-11.006134849782683,-10.874805394817923,0.053354135829647216,1.0,0.004962861086626858,0.6110383484393535,1.0,0.02870843853699337
20,307,1536,256,15.53125,1,16,94.140625,-0.15601161209687697,0.21914241025020245,2.9376518029495973,0.7308580894904932,100.0,0.0,100.0,-17.1100466674366,-0.17110046667436601,0.0,53.3203125,0.0,9.28633411076143,9.780024184194358,35.310981985382256,49.96195161098237,49.0430833131247,49.6393472432902,49.11307195670327,49.8500095991844,49.40666151642796,-2.2805836030938678,2.4239025570140385,-26.298713852267575,-28.579297455361445,0.7240528895383652,1.0,0.003072854579380722,11.90045016671287,0.08403043464667681,0.025226402397800524
20,308,1792,256,15.53125,1,16,94.140625,-0.1396074940538526,0.2032678898446132,2.5660978860583676,0.660797851774586,100.0,0.0,100.0,-25.67597003523896,-0.2567597003523896,0.0,46.875,0.0,8.977850648712444,9.876304711877403,25.99169776671092,49.94615129871362,48.787231561164944,49.52747268043725,48.88164394544566,49.79596697362176,49.23357676952343,-1.9816895409168371,2.2654350072594744,-34.5412243913166,-36.522913932233436,0.894851844509391,1.0,0.003669537262506211,10.236415874585015,0.09769044285146729,0.023329613916477383
20,309,2048,256,15.53125,1,16,94.140625,-0.09721251825910598,0.09892701160137819,1.00927823019983,0.44605967725504914,100.0,0.0,100.0,-18.86456893701454,-0.18864568937014542,0.0,33.3984375,0.0,8.374997541447287,8.784405414137971,30.876577538331283,49.91945157681761,48.34042556782506,49.33355056600436,48.47417333384787,49.704378005556734,48.93395143701181,-1.3981167887561843,1.4207591141357003,-27.124112220825857,-28.52222900958204,0.1789781519586404,1.0,0.0031933144688767404,6.992338213856938,0.14301367717286162,0.02114918946579817
20,310,2304,256,15.53125,1,16,94.140625,-0.3090080326213335,0.40644479977337755,10.694732728916195,1.4501142001124756,100.0,0.0,100.0,-31.07637061171674,-0.31076370611716747,0.0,70.96354166666666,0.0,9.9178721801801,10.335858960785686,24.244753237531924,49.97820394166111,49.34680375948855,49.7728927450154,49.418038624860955,49.90910321724827,49.608102071514864,-4.513013134287577,4.62487464239112,-40.907292736751,-45.42030587103858,1.097301595508869,0.9113264795138243,0.007726639635639947,24.215398120633658,0.04129603795974396,0.021785969340337104
20,311,2560,256,15.53125,1,16,94.140625,-0.3759659150428584,0.5956750995526061,15.600134628966634,1.7976576533868212,100.0,0.0,100.0,-46.61657272287506,-0.4661657272287506,0.0,98.11197916666666,0.0,10.422408561411695,10.545622543210374,18.334670924866636,49.986735537832416,49.53272631592104,49.847353659246096,49.59129057621081,49.941434093078044,49.72691592576737,-5.4012704427755605,5.585720119906946,-56.84535383330042,-62.24662427607598,1.9096185201382363,0.5236647997777119,0.00525690760972388,29.96057339614043,0.03337719831920245,0.023380280371461646
20,312,2816,256,15.53125,1,16,94.140625,-0.07911650853029115,0.1280622246138635,1.2642740491148468,0.38173332293912576,100.0,0.0,100.0,-28.38606013837266,-0.2838606013837266,0.0,48.89322916666667,0.0,9.081350508871628,10.309102141476144,24.489882138863056,49.94585718874603,48.78684246377652,49.53695225311712,48.92217219047259,49.797536838625575,49.233590543578046,-1.133522969286378,1.590140905149507,-37.08205069088679,-38.21557366017316,0.38653283353662427,1.0,0.005332668461994425,6.194458326223866,0.16143461580273458,0.026109961596677982
20,313,3072,256,15.53125,1,16,94.140625,0.06391291854121386,0.10015199013705904,0.4924849030808673,-0.306599026967718,100.0,0.0,100.0,-6.5344794619748745,-0.06534479461974875,0.0,4.752604166666666,0.0,5.947753655063937,7.510166867001519,49.52561650810265,49.157700893748554,42.36087875839953,45.88513641859203,42.7964594824754,47.684730026773195,44.32254470217193,0.9349456389634869,0.992456450511424,-12.009448997148482,-11.074503358184995,0.28234751075776143,1.0,0.004989720419193566,5.277361932767159,0.18948861433796998,0.027240187243108362
20,314,3328,256,15.53125,1,16,94.140625,-0.04346408941929824,0.0964719399144634,0.7034999087791957,0.2108453602789887,100.0,0.0,100.0,-4.449726757505163,-0.044497267575051624,0.0,0.0,0.0,4.217465087517019,5.670423364165547,53.866873428451974,46.484209422178466,32.70640604268013,38.392621394806774,33.27591253692009,42.296722164925356,35.829039612641694,-0.6690749546382411,1.1861702312730629,-7.82942246150376,-8.498497416142001,0.2776549830306985,1.0,0.005010999240071581,6.197079354380305,0.1613663377237805,0.025766912622440397
20,315,3584,256,15.53125,1,16,94.140625,-0.004653797758416074,0.00976852198694038,0.006309206624848683,0.022093416027063956,100.0,0.0,100.0,-6.814425704897902,-0.06814425704897902,0.0,1.4973958333333335,0.0,6.212012003022499,6.402979130994555,48.56660397059299,49.42706740328892,43.587919054588184,46.83177839711591,44.157634378074995,48.33116120147544,45.518324376651535,-0.05494330998729802,0.11233171079306753,-12.790706977955189,-12.845650287942487,0.020380928310810245,1.0,0.004516826689089446,0.28467118771207583,1.0,0.024375785826905704
20,316,3636,52,13.692307692307692,1,16,71.15384615384616,0.23834965802356337,1.6738475533871247,19.54546733300017,-0.6969857685092017,69.23076923076923,0.0,69.23076923076923,-5.959271788166872,-0.05959271788166873,0.0,16.666666666666664,0.0,6.470492156453975,6.507101486754641,52.76792630675587,49.54355427370164,44.38592162513596,47.341395214212966,44.98140517101585,48.62911971591575,46.15214744839943,3.5299203980538016,6.25227435946315,-12.262168725068053,-8.73224832701425,6.470832498902759,0.15453962070097893,0.006294960546586644,17.434121550723717,0.05735878329691286,0.02122186484880105
21,317,256,256,15.53125,1,16,94.140625,0.04672349071580664,0.04980290687824941,0.2643960756708577,-0.2183419129697955,100.0,0.0,100.0,-0.5330140299191387,-0.005330140299191387,0.0,0.0,0.0,4.65622822583205,5.110737834227427,91.46644241926238,47.814526471515535,35.64362316059844,41.286186581731954,36.515844930647475,44.67860750892909,38.9463983223011,0.69847149364614,0.7271809618944348,-5.090641007429706,-4.392169513783566,0.12390392232034189,1.0,0.005426670642242151,3.000376450088208,0.33329151079378755,0.021403163766181694
21,318,512,256,15.53125,1,16,94.140625,0.04407693830416519,0.04408571649611033,0.20633978125436883,-0.2073692987546045,100.0,0.0,100.0,-0.20304784161165415,-0.002030478416116542,0.0,0.0,0.0,4.743206289170723,4.871538284031596,96.72950299138397,47.99461344851922,36.19283363503939,41.77395989714563,37.1365927127892,45.03045203992396,39.45860109181874,0.6367047726096894,0.642401402947361,-4.903577649513217,-4.266872876903528,0.13838728826365437,1.0,0.004669265077042858,2.696725649108278,0.37082007223488545,0.02281586310332479
21,319,768,256,15.53125,1,16,94.140625,0.046725641908505686,0.046733540461275064,0.2318560356574012,-0.2209279757231634,100.0,0.0,100.0,-0.16863222416077278,-0.0016863222416077278,0.0,0.0,0.0,4.963175480549442,5.089999817181783,97.3088654772782,48.356729233978456,37.55636259302534,42.862066817610554,38.54342969470764,45.78787721438129,40.66669201873718,0.6749227207035404,0.6809640749076286,-5.100435048961034,-4.4255123282574935,0.07217144513790644,1.0,0.004219816981402733,2.8754342174009504,0.34777356197140924,0.02497474373373213
21,320,1024,256,15.53125,1,16,94.140625,0.043543306656273845,0.04427526105370673,0.20777179118766037,-0.20824807326644865,100.0,0.0,100.0,-0.15370893052802564,-0.0015370893052802565,0.0,1.4973958333333335,0.0,5.368758206978541,6.8574469901525825,97.60380475715031,48.77987390511346,39.62449741880626,44.331875227942604,40.590627445801374,46.75008538192763,42.397826685621055,0.6266211391024128,0.6446267000173982,-5.500562422066066,-4.873941282963653,0.13798002082596286,1.0,0.003935951570324288,2.6935987530327763,0.37125054311600053,0.02726455785545548
21,321,1280,256,15.53125,1,16,94.140625,-0.014442379486824704,0.05707403344559652,0.1750197376925768,0.06549549113698697,100.0,0.0,100.0,-4.62786396769616,-0.0462786396769616,0.0,32.48697916666667,0.0,8.206253703160638,8.999136919036772,64.34344338931226,49.89640089731381,47.86738043745328,49.188757272390106,48.2509558931048,49.62917413506378,48.69200872904471,-0.22246042159062895,0.5916413401590136,-12.753830492888625,-12.976290914479256,0.20784857380648744,1.0,0.003384626061235963,1.1663371726663883,0.8573850027551456,0.02531892991062444
21,322,1536,256,15.53125,1,16,94.140625,-0.18458191675438876,0.25469692130146826,4.048014964698785,0.8402662733993191,100.0,0.0,100.0,-20.228831609303665,-0.20228831609303663,0.0,57.877604166666664,0.0,9.533803023354213,10.060930831542164,32.138090274419284,49.970771584295186,49.08685920333667,49.70583182853418,49.28922743990261,49.87826443903233,49.48092303264872,-2.703689008936495,2.845352338357689,-29.66511993073454,-32.368808939671034,1.1201105816524717,0.8927689965438275,0.0049219277543102544,14.163231535067862,0.07060535567211629,0.024396549988066132
21,323,1792,256,15.53125,1,16,94.140625,-0.1402790950398596,0.21228666108758917,2.4696470868323246,0.6960413570346637,100.0,0.0,100.0,-26.75017588725329,-0.2675017588725329,0.0,47.20052083333333,0.0,9.05449046721549,10.10504350203044,25.36617458548715,49.950482220131896,48.70444117190822,49.553888144362915,48.97712954236934,49.80567026121993,49.236168610441695,-1.944571533809131,2.22245228827632,-35.695135806547164,-37.63970734035629,0.31721288177187246,1.0,0.0038647649833745477,10.003589662447009,0.09996411625658252,0.02418071033397951
21,324,2048,256,15.53125,1,16,94.140625,-0.10749449045436403,0.1120098941129197,1.2633321985650028,0.5199804297489156,100.0,0.0,100.0,-19.48309145828137,-0.1948309145828137,0.0,35.48177083333333,0.0,8.491762095395844,8.992540556582561,30.475282589416775,49.92824718289924,48.28014531026396,49.38613303608183,48.63209564928395,49.72624497748535,48.96556277400431,-1.5489017346755816,1.5895484884488442,-27.864424457690834,-29.413326192366412,0.11805791124941757,1.0,0.0037290378473509526,7.743446064519952,0.12914146901364051,0.02409709696298221
21,325,2304,256,15.53125,1,16,94.140625,-0.32696869516709504,0.43680671868252624,11.783888475068668,1.5151795573411544,100.0,0.0,100.0,-33.13818947255653,-0.33138189472556534,0.0,79.6875,0.0,10.209416477692553,10.589900680004018,23.596970062138496,49.983607652289265,49.38918373902263,49.81683728025246,49.538662423112584,49.92717530103752,49.662239464114855,-4.759117330531865,4.854665482825499,-43.26579408630786,-48.024911416839714,1.682625454927919,0.5943093259829701,0.009051071674239039,25.62487651397972,0.03902457830204361,0.02509130440028382
21,326,2560,256,15.53125,1,16,94.140625,-0.3532590147692836,0.5862130963843499,14.524494261226081,1.6994206004941623,100.0,0.0,100.0,-46.96340924596821,-0.46963409245968213,0.0,98.37239583333334,0.0,10.65653443387628,10.793736458108205,18.552460103409956,49.98910877069926,49.53796949685257,49.868248436656415,49.65698350989225,49.949299470529255,49.74972665313905,-5.084064146259445,5.389711357990533,-57.44000727923733,-62.52407142549677,1.4866578954554492,0.672649708488342,0.003472829133646829,28.184244342869786,0.035480816438954337,0.02675151512169117
21,327,2816,256,15.53125,1,16,94.140625,-0.06672268647597374,0.11707676067248814,1.22162332680243,0.3078627238732648,100.0,0.0,100.0,-26.66472943067987,-0.26664729430679873,0.0,46.15885416666667,0.0,9.023638099035136,10.435557518761637,25.580812055654487,49.93561506654977,48.52277268646449,49.47060278034208,48.839031892766386,49.75957852202406,49.10137740309732,-1.006845505331463,1.563088818207353,-35.27502598198603,-36.281871487317495,0.1651975533047366,1.0,0.0032732037835286314,5.463084784856681,0.1830467655878114,0.030197911366704206
21,328,3072,256,15.53125,1,16,94.140625,0.060470716312999384,0.09739978933486174,0.4634218351591467,-0.2879666796147554,100.0,0.0,100.0,-5.512537936523493,-0.05512537936523494,0.0,2.408854166666667,0.0,5.564870469614902,6.8952778605804905,52.62254994363288,48.803136943901336,40.01767611965159,44.6035878446279,41.18137743500797,46.80914477825322,42.5844848908596,0.898592409114691,0.9627272045176107,-10.575068056519044,-9.676475647404352,0.23382128330733803,1.0,0.003263089120786472,5.225820445063908,0.19135751228202993,0.03251213862691973
21,329,3328,256,15.53125,1,16,94.140625,-0.05524282474200565,0.10454171433106102,0.8391238327191548,0.2631393285327203,100.0,0.0,100.0,-4.991586752161101,-0.04991586752161101,0.0,0.0,0.0,3.9699249435532153,5.728136077383085,50.448990677394725,45.445816680141334,29.970754141009536,36.31608118632031,31.35889026660022,40.474727374868074,33.45858742803928,-0.8386334040054544,1.295471985586068,-7.869186063482666,-8.70781946748812,0.299966962818708,1.0,0.004144734909827297,8.102263979988638,0.12342229313557891,0.02836418821408519
21,330,3584,256,15.53125,1,16,94.140625,-0.004347408092705458,0.0074941790645038885,0.0043969935862204525,0.01920932431405052,100.0,0.0,100.0,-6.713759446173606,-0.06713759446173606,0.0,0.0,0.0,6.137657951807362,6.3286827015781695,48.722420250093066,49.378067452940286,42.72720677239267,46.57178587861962,43.902214883091865,48.162355085403355,45.06044571509344,-0.055109702172533304,0.09377626124153653,-12.597194310756018,-12.652304012928552,0.025631602875351635,1.0,0.0036584109359267055,0.2874843687787945,1.0,0.026760823030784073
21,331,3621,37,12.756756756756756,1,16,59.45945945945946,0.3290419594438049,1.9684039228912398,26.98946904580681,-0.9715878766675777,56.75675675675676,0.0,56.75675675675676,-5.930751186261201,-0.059307511862612,0.0,4.954954954954955,0.0,6.395709334620304,6.422796426364628,52.677497957770115,49.49997886285835,43.567433723100585,47.098349564399705,44.724396446615835,48.476443242731435,45.72746084173082,4.873714045064287,7.347036007235409,-12.141254961933733,-7.267540916869448,4.583709655980589,0.21816390545052333,0.00500756869074615,24.4014798072782,0.04098112114092897,0.023056190768527936
22,332,256,256,15.53125,1,16,94.140625,-0.018135306000247597,0.06736432705985053,0.3433032891990301,0.08621890169886368,77.734375,0.0,77.734375,-3.4266179185509085,-0.03426617918550909,0.0,0.0,0.0,2.7200238043344482,3.3712677181328283,70.36803688384363,38.34578800907258,20.310446642207687,26.17877261631476,21.488575987630657,31.11162603269592,23.761542208395102,-0.17930342248882147,0.8286172689475281,-3.8654251628823837,-4.044728585371205,0.13757040322573996,1.0,0.004512979040936806,3.202223073841135,0.31228305366011827,0.03242729427165355
22,333,512,256,15.53125,1,16,94.140625,0.02585562663499861,0.025914224226219074,0.07149866400320327,-0.12492714947373704,100.0,0.0,100.0,-0.6297895757114995,-0.006297895757114995,0.0,0.0,0.0,3.5937385003066185,3.7875292343754285,90.17538818335865,44.68548737652317,26.94470894570248,34.21391805813394,28.763462339442313,38.856774603249846,31.06217413139798,0.37439043093298496,0.37814987505803377,-3.985276440395543,-3.610886009462558,0.09435547726902258,1.0,0.0042777692618200715,1.6090298798971858,0.6214924983642307,0.028887695885502634
22,334,768,256,15.53125,1,16,94.140625,0.031475617484928387,0.03151369828378548,0.10561918069319268,-0.1466786543892341,100.0,0.0,100.0,-0.5265870085781204,-0.005265870085781204,0.0,0.0,0.0,3.975177610323614,4.161653359513354,91.74411736280608,46.11088526796557,29.812433031938923,37.26421304356364,31.9378474070123,41.249834048612904,33.93454064984776,0.45533894802650177,0.45960674645438504,-4.332896456569092,-3.87755750854259,0.11513203018874058,1.0,0.003762538142878062,1.9583285743866232,0.5106395387777122,0.02752955606009793
22,335,1024,256,15.53125,1,16,94.140625,0.031886748343073645,0.03255615427114798,0.11136975101789007,-0.15275187981279514,100.0,0.0,100.0,-0.4307862747911942,-0.0043078627479119416,0.0,0.26041666666666663,0.0,4.5752108223664125,6.484065429553231,93.4640260214868,47.41714652859953,33.75974182753581,40.700891076145766,35.99519474207,43.780995471949794,37.5574623237637,0.45928715640790385,0.4719528599720317,-4.895157010799641,-4.435869854391738,0.11186527742512757,1.0,0.0032105822325349024,1.9824385217840088,0.5044292617458289,0.027711132082415477
22,336,1280,256,15.53125,1,16,94.140625,0.030593428332145227,0.042886367567801224,0.16989033902474332,-0.1476411941912169,100.0,0.0,100.0,-1.7412630496719037,-0.017412630496719036,0.0,26.171875,0.0,7.923745458557234,8.882018529159671,82.28142211493697,49.85177855064032,47.02337244209852,49.010837688030044,47.909766918438656,49.47283790289089,48.21621206534819,0.4349933217724584,0.5829070921248828,-9.630054093485091,-9.195060771712631,0.07809999411944699,1.0,0.002946354426474799,2.081274398480266,0.48047484787695166,0.028422932701322685
22,337,1536,256,15.53125,1,16,94.140625,-0.11535414019263432,0.1650619093888644,1.7589047824508623,0.5618252547923395,100.0,0.0,100.0,-13.849014515076494,-0.13849014515076494,0.0,56.0546875,0.0,9.500674171362682,10.143701313471956,40.82047028399049,49.966451634173254,48.85905726078822,49.70980761001475,49.289393028196514,49.85638478199856,49.385545449677075,-1.6972800567225639,1.8755824601711664,-23.27428886846701,-24.971568925189572,0.33469045278479226,1.0,0.0032367475542110463,8.7816229528038,0.11387416715274931,0.024808572875755667
22,338,1792,256,15.53125,1,16,94.140625,-0.13025028460275256,0.1917109532845503,2.208373911997596,0.61351893781903,100.0,0.0,100.0,-23.93523683239354,-0.23935236832393536,0.0,55.46875,0.0,9.322370742011886,10.274733463383908,28.10694128407577,49.956723562508714,48.65309986877203,49.653313140166276,49.16876848050359,49.820209921215266,49.260567204100276,-1.8304421708607252,2.1016060106488066,-33.16750352801127,-34.997945698871995,0.5199577116653887,1.0,0.0049076969651356975,9.414962392658365,0.10621391337471339,0.02320033991787863
22,339,2048,256,15.53125,1,16,94.140625,-0.08284549708165513,0.08373952898520103,0.7301639684618799,0.39239336193111435,100.0,0.0,100.0,-17.92698460888873,-0.17926984608888732,0.0,35.67708333333333,0.0,8.584093072645178,9.046161743422372,32.5060896733009,49.929581397733855,48.044585764044406,49.47915748658749,48.78780132346927,49.71819565393818,48.89783426109897,-1.189737235285218,1.2084402910047976,-26.40764594855524,-27.597383183840464,0.0986374585828206,1.0,0.004574616341582424,5.91211675210858,0.16914415630295968,0.021284052227671997
22,340,2304,256,15.53125,1,16,94.140625,-0.27899480814700117,0.36241311306910745,8.860287355160303,1.3391558969762412,100.0,0.0,100.0,-28.668747719002024,-0.2866874771900202,0.0,77.08333333333334,0.0,10.316893759111469,10.845856018454294,26.506109411050343,49.98273375450306,49.26319709587156,49.843252400760036,49.58701803002959,49.920370371269556,49.62128467995064,-4.084518187083602,4.209581298694753,-38.922701174735124,-43.00721936181873,1.1109324362343205,0.9001447499270583,0.004931345639040847,21.79882819345422,0.04587402548088715,0.022049979330443534
22,341,2560,256,15.53125,1,16,94.140625,-0.3805750010405974,0.5960497904602482,15.545601759212245,1.7803126959949307,100.0,0.0,100.0,-45.74343944909497,-0.45743439449094975,0.0,96.2890625,0.0,10.989604121443836,11.131706481869251,19.420827428771915,49.99127321355926,49.52318652954513,49.91110067977223,49.748770350769234,49.956049229522286,49.7660030334728,-5.445000388063519,5.575948665332608,-56.5866936501519,-62.03169403821542,2.6127029663328494,0.38274538395138924,0.004495961431055132,30.100499258708357,0.03322204031917147,0.023026175366983766
22,342,2816,256,15.53125,1,16,94.140625,-0.08109777367185246,0.1612824803502878,1.1823348520216754,0.386048862051764,100.0,0.0,100.0,-29.701890488848512,-0.29701890488848515,0.0,56.8359375,0.0,9.65899394425387,10.946361840263036,24.747125140557845,49.9657646874803,48.82215904354673,49.732921369699,49.33490787825066,49.85380746339318,49.364756899472965,-1.1045599069111942,1.5377482576947863,-39.030771814475656,-40.13533172138685,0.502950270475584,1.0,0.005795121037774405,5.985920158222061,0.1670586933282819,0.0262757927937867
22,343,3072,256,15.53125,1,16,94.140625,0.0595356522866768,0.10681296298500066,0.4556134589435746,-0.2821622309222993,100.0,0.0,100.0,-7.508589003463482,-0.07508589003463481,0.0,4.231770833333334,0.0,5.849649809226779,7.763798034040322,45.98841363975377,48.96681924485827,40.006234545537765,45.811212038485266,42.699643369148674,47.10373086336901,42.93137750933351,0.8639125320563233,0.9545820645115585,-12.719833858696454,-11.855921326640132,0.30260355547608614,1.0,0.0059017809934635524,5.30391089184229,0.18854012075090773,0.028385596684390817
22,344,3328,256,15.53125,1,16,94.140625,-0.04677905595148468,0.10975886782343341,0.9030374729114976,0.22535278301511574,100.0,0.0,100.0,-4.11011103778646,-0.041101110377864604,0.0,0.0,0.0,3.7392051434217435,5.121683732356028,55.64453526749742,44.73695840106966,27.012927723652105,36.0860523967296,30.650120939291483,38.98544272686013,31.109617838208838,-0.7199617236603815,1.3439028781214046,-6.7198065819876724,-7.439768305648054,0.30491449962460754,1.0,0.004892573549800389,8.097504426873067,0.1234948383209665,0.027806168764980658
22,345,3584,256,15.53125,1,16,94.140625,-0.010516562267064614,0.01650225913653894,0.022482084881353594,0.048906811698729596,100.0,0.0,100.0,-6.9917656615342265,-0.06991765661534227,0.0,0.0,0.0,6.02083828588242,6.2682347586572975,47.40225727944651,49.28410046166135,41.15063841783402,46.756238252311604,43.96571843430755,47.84583841600276,44.165193409548166,-0.13740720383679675,0.21204756485917772,-12.701585602534248,-12.838992806371046,0.0705216568378781,1.0,0.004511705107725581,0.7605913118378816,1.0,0.027912469462069288
22,346,3651,67,14.208955223880597,1,16,77.61194029850746,0.18319124120596333,1.4694996090625356,15.026060780235827,-0.6069451748675839,76.11940298507463,0.0,76.11940298507463,-6.063657790989445,-0.06063657790989446,0.0,0.0,0.0,6.373655418296628,6.4276251581527335,52.09376482256902,49.478340548150555,42.493577831462794,47.477711526226294,45.119806595530726,48.35536956621619,45.221805338397196,2.718135686301514,5.481981535947714,-12.234967927553809,-9.516832241252297,5.757916491489477,0.17367393248548427,0.006605368746508248,13.795978313018242,0.07248489214109405,0.022797237813753844
23,347,256,256,15.53125,1,16,94.140625,0.026416668936249693,0.14543436580572872,1.1502089667202426,-0.12035932525293884,83.984375,0.0,83.984375,-4.089726077934142,-0.04089726077934141,0.0,0.0,0.0,3.075301018255976,4.795492131167993,53.17340103279225,41.54003485187549,21.64349689188992,30.83195759130001,25.19229099351459,34.145189880210864,25.848133504103927,0.5876882182079218,1.5167128711263993,-5.783532665814295,-5.1958444476063725,0.16647965796070716,1.0,0.0057447268867631945,5.1006025334195995,0.19605526865657763,0.03607752757614189
23,348,512,256,15.53125,1,16,94.140625,0.006402863192467259,0.006937685126349745,0.005160530431403939,-0.031184355291513362,100.0,0.0,100.0,-1.5338549827066168,-0.015338549827066169,0.0,0.0,0.0,3.0751370629262222,3.2923187970177024,79.45632569803885,41.99308368998958,21.503914804461132,30.966302383430644,24.89398512610741,34.5382012294264,25.876314901816325,0.0943012658920552,0.1015926220884562,-3.8702230891128697,-3.7759218232208145,0.010736802403056049,1.0,0.0051865326175457764,0.44825556296018604,1.0,0.03332105003986127
23,349,768,256,15.53125,1,16,94.140625,0.014945097351404237,0.01513976492845698,0.024504997166720725,-0.07003801840156425,100.0,0.0,100.0,-1.3011783495758344,-0.013011783495758345,0.0,0.0,0.0,3.487553277508484,3.699963711260821,82.0902373012342,44.19242333846246,24.51933007910514,34.31765609936333,27.938740334855414,37.808696190647595,29.189557787823063,0.21741566171630775,0.22138200995889762,-4.24843853808186,-4.031022876365553,0.04316443408059854,1.0,0.004668473072495659,1.0177164215182215,0.9825919861921927,0.032879902987099086
23,350,1024,256,15.53125,1,16,94.140625,0.017694742147866666,0.019327006064138536,0.0384941953855892,-0.08213488107528052,100.0,0.0,100.0,-1.0863019450015914,-0.010863019450015911,0.0,0.0,0.0,4.124851333244664,6.183836848666663,85.10378407974166,46.18117909258879,28.96474830652267,38.29321202824383,32.221637874114776,41.32511704066968,33.574172342052776,0.2549395104810466,0.27746781934339415,-4.846848325075308,-4.591908814594261,0.02990087394766339,1.0,0.004132407687463027,1.16923609911757,0.8552592592331919,0.03371250385851213
23,351,1280,256,15.53125,1,16,94.140625,0.04168044137278644,0.04809444407322009,0.23337849957425177,-0.19258963209751406,100.0,0.0,100.0,-1.0964237424729837,-0.010964237424729838,0.0,23.111979166666664,0.0,7.753753224041517,8.864733251313726,87.90272224378332,49.815088174153914,45.93195071587171,48.85642709070748,47.2821831230213,49.34403730515839,47.665045850970145,0.6000215187542274,0.6831961644714521,-8.820834015285437,-8.220812496531208,0.18271643489311337,1.0,0.003843369130135626,2.8761138015598036,0.3476913881007315,0.03452357153039988
23,352,1536,256,15.53125,1,16,94.140625,-0.08979603590570161,0.14022800385127826,1.1754911318873753,0.42612765944220216,100.0,0.0,100.0,-11.55515347691966,-0.11555153476919658,0.0,51.236979166666664,0.0,9.545971212851509,10.291512580880145,45.39061025211635,49.965454301863964,48.54408759991011,49.70152560275146,49.122434186356585,49.84846637321007,49.27314975012857,-1.33481917538706,1.5332913173219076,-21.03071793886363,-22.365537114250692,0.17338666999701918,1.0,0.00402029697814578,6.872385174916576,0.1455098884227104,0.029600025278428328
23,353,1792,256,15.53125,1,16,94.140625,-0.11964564400272087,0.17184299775987288,1.9429171920487398,0.5531322897742622,100.0,0.0,100.0,-22.524462284836886,-0.2252446228483689,0.0,50.9765625,0.0,9.531393728087796,10.462483491483088,29.80861922114938,49.96128585006092,48.43515305294751,49.671344157018225,49.03177137220719,49.833069382022956,49.20840763894519,-1.717595626028959,1.9712519839171956,-31.97529431797773,-33.692889944006694,0.5379545603998672,1.0,0.006137880680492438,8.820308522855598,0.11337471896915545,0.026946353348113974
23,354,2048,256,15.53125,1,16,94.140625,-0.07335088250960287,0.07422395777780454,0.5728982006494004,0.34646704822691055,100.0,0.0,100.0,-17.210829576353156,-0.17210829576353157,0.0,34.765625,0.0,8.69760220837059,9.071417277184354,33.69784787151027,49.93260862621695,47.63034136956687,49.46150300784414,48.46404113581193,49.72253682864579,48.75572535746977,-1.0523799323767937,1.070418797153152,-25.810556927951318,-26.862936860328112,0.23523581343818456,1.0,0.005778111702099862,5.215453162703926,0.1917378929123687,0.024542648644338465
23,355,2304,256,15.53125,1,16,94.140625,-0.2596282689196085,0.3443534123705026,7.784439031052693,1.222832659841282,100.0,0.0,100.0,-26.64637429802982,-0.2664637429802982,0.0,73.2421875,0.0,10.469819439267118,11.098936719809014,28.252498498390768,49.983068923823495,49.06900640095684,49.82927064624999,49.42948504443453,49.92028471461488,49.557808148442064,-3.8169703962396886,3.9457417632310134,-37.05803024770878,-40.87500064394847,0.7935314948006197,1.0,0.007524868892368653,20.281527544857312,0.049305950835718246,0.02421285545287315
23,356,2560,256,15.53125,1,16,94.140625,-0.3807945893218345,0.5857670632639412,15.555139228328319,1.8899270459827011,100.0,0.0,100.0,-44.604082155129255,-0.4460408215512926,0.0,83.33333333333334,0.0,11.276975891665504,11.440822027607632,20.233635923989286,49.99263627653174,49.43827693444513,49.910761276495585,49.66543116341559,49.96137630831033,49.74927632421522,-5.531242153557292,5.577658868795817,-55.73380846640302,-61.26505061996031,1.4244239614813927,0.7020381761621068,0.013334904020920446,30.54916119460504,0.03273412299702027,0.02434055593377253
23,357,2816,256,15.53125,1,16,94.140625,-0.09289756796113875,0.1619359723300427,1.4132073359721593,0.45097527643709245,100.0,0.0,100.0,-31.464470341714012,-0.31464470341714007,0.0,57.942708333333336,0.0,10.072742732097577,11.369919315629188,24.44717263375379,49.97456461026864,48.75503010710898,49.75597269187279,49.198872310190566,49.88546832860839,49.38775378583041,-1.318972036161683,1.6811944182468364,-41.20207634231827,-42.521048378479954,0.3855872227876239,1.0,0.012337215502314475,7.203424451327952,0.13882286220349682,0.026196321552943613
23,358,3072,256,15.53125,1,16,94.140625,0.05793926321116862,0.12158739682524469,0.466444044331159,-0.26774859583174987,100.0,0.0,100.0,-8.752187691466819,-0.0875218769146682,0.0,5.924479166666666,0.0,6.054389401973641,8.671037901479098,43.18145447678826,49.001688667618104,38.95180812953946,45.50367933648475,41.000298593737824,47.17346249762876,42.4057582852866,0.8482176240025863,0.965861319580776,-14.020809338944604,-13.172591714942016,0.20137447508377543,1.0,0.011321192153791466,5.476296722991278,0.18260515282191964,0.02933614932477415
23,359,3328,256,15.53125,1,16,94.140625,-0.03872206502690877,0.11026843065287498,0.8540852267387368,0.1809803891112557,100.0,0.0,100.0,-3.638704354964289,-0.036387043549642895,0.0,0.0,0.0,3.6350201738191927,4.530374059911181,59.82443399277598,44.212884598456796,24.22928737912738,34.01990848921497,26.49290848079181,38.03807183780434,28.77262734241856,-0.6066559282346853,1.3069699512526955,-6.076146368987184,-6.682802297221869,0.41143936000378944,1.0,0.010351046947557289,7.635342173621613,0.13096989987623275,0.02983829139312586
23,360,3584,256,15.53125,1,16,94.140625,-0.016224773139363866,0.027226238305686597,0.048012678938900606,0.0773632321766484,100.0,0.0,100.0,-6.982632565917469,-0.06982632565917468,0.0,0.0,0.0,5.830045176977927,6.142936543806277,46.92910619237617,49.09814649656428,38.41593350491134,45.54603322394618,40.630367078793725,47.35261422436996,42.36783523884676,-0.20056958391688057,0.3098795860940201,-12.423090167280968,-12.623659751197849,0.042243641485404174,1.0,0.009422852388138126,1.2088308634842404,0.8272455892776244,0.028968286875934213
23,361,3665,81,14.518518518518519,1,16,81.48148148148148,0.14875309921136204,1.3130030369967796,11.991993032179325,-0.695433193068371,80.24691358024691,0.0,80.24691358024691,-5.991029113224391,-0.0599102911322439,0.0,0.0,0.0,6.268719340983093,6.339555418331367,52.106211273986084,49.40305025255888,40.41451888609592,46.685744248747675,42.49178138177589,48.12790027661806,43.985166108918314,2.2088535908808575,4.897344797373231,-12.030656591055466,-9.82180300017461,1.455368356287569,0.6871112702703343,0.010460791918215777,11.437083518746112,0.0874348778131187,0.023532645973689176
24,362,256,256,15.53125,1,16,94.140625,-0.005869812172627359,0.009990359352866079,0.010047317953061066,0.0277114935963773,100.0,0.0,100.0,-5.577217417567527,-0.055772174175675274,0.0,0.0,0.0,5.802844416679253,5.9495255181598194,55.26986989665318,49.10268805200194,37.849738425584704,45.40612213991451,40.25038735699736,47.31568368295301,42.083887062784264,-0.08997121705447503,0.14175554982476746,-10.499109962679032,-10.589081179733508,0.05839231282984907,1.0,0.009543384895846432,0.5547536276943948,1.0,0.022119892613848176
24,363,512,256,15.53125,1,16,94.140625,0.009091854391934287,0.009631242612995335,0.009953000171377813,-0.04380681723912041,100.0,0.0,100.0,-4.697259616943546,-0.046972596169435464,0.0,0.0,0.0,6.039239376374902,6.102633199798632,59.88150147940288,49.270783510210606,38.946984222055484,46.04015253843461,41.279002670421065,47.74353916638648,43.0079404776159,0.13351814579878524,0.141088625844735,-10.085317213450613,-9.951799067651828,0.0019880181839701696,1.0,0.008604761838722181,0.7220066454481263,1.0,0.01915947817673128
24,364,768,256,15.53125,1,16,94.140625,0.01933936694005941,0.01952995304129838,0.04075241269042159,-0.08972152290913066,100.0,0.0,100.0,-3.9135447073214586,-0.03913544707321459,0.0,0.0,0.0,6.181035798012233,6.250487337295245,64.46368626639625,49.354886138856784,39.539387001122066,46.36961897455089,41.83598100432323,47.96399610466211,43.47517505770966,0.2810681027004377,0.2854904996332508,-9.58839954089671,-9.307331438196272,0.0292549472383657,1.0,0.007791245705810068,1.4492786294236824,0.6899984445348913,0.01836204029888708
24,365,1024,256,15.53125,1,16,94.140625,0.01644478589601253,0.026115343601359538,0.06378147246791209,-0.07815978820007062,100.0,0.0,100.0,-3.3268394278614943,-0.03326839427861494,0.0,5.078125,0.0,6.56025359578622,8.277247625818541,68.86799028217862,49.499121299268836,40.974475670546724,47.03095072300716,43.085025076577224,48.37331540802289,44.48012719068035,0.23416502832734484,0.35715955109141934,-9.525838591929777,-9.291673563602432,0.03564052245230716,1.0,0.006866201195348655,1.1876503327882961,0.8419986694671809,0.02013290429544212
24,366,1280,256,15.53125,1,16,94.140625,-0.10001817835532166,0.1495470185956733,1.3342351211503805,0.4695638286472431,100.0,0.0,100.0,-12.083050682776568,-0.12083050682776568,0.0,47.13541666666667,0.0,9.691199605206856,10.519997520627806,44.81401549986223,49.96486696475022,48.17856277014516,49.646065744417925,48.826272083398074,49.84383605838491,49.11969022298267,-1.4752611412795198,1.633545298515092,-21.625376563804352,-23.100637705083873,0.6006549924164147,1.0,0.007960222419004442,7.651734863337323,0.13068931658772184,0.01837702965070954
24,367,1536,256,15.53125,1,16,94.140625,-0.2707940053392144,0.3885970632475463,8.24178723794033,1.2800610791546898,100.0,0.0,100.0,-30.657881640383582,-0.30657881640383583,0.0,71.94010416666666,0.0,10.936670052521142,11.326287963446209,26.348882010108397,49.989137556307,49.11433669858071,49.86043749601036,49.46703538328447,49.94392660486937,49.60369236628512,-3.94688032578701,4.059996856634332,-41.507150278047604,-45.45403060383462,0.9522051957454205,1.0,0.010751551038161606,21.07973285131739,0.04743893136850187,0.019244930464094864
24,368,1792,256,15.53125,1,16,94.140625,-0.11784185046262702,0.16925896170686983,1.5391574890088302,0.5610241149610792,100.0,0.0,100.0,-28.487464652814204,-0.284874646528142,0.0,54.622395833333336,0.0,9.82029625070999,11.235061278051418,25.692237176194272,49.96826365700988,48.25800500626476,49.66834759803149,48.88803369198459,49.855254040535904,49.1373299297969,-1.6294936579849697,1.754512746610198,-38.22281486568717,-39.852308523672136,0.6837944987800094,1.0,0.00922160243576752,8.292525079779095,0.12059053067423935,0.01977608437153282
24,369,2048,256,15.53125,1,16,94.140625,-0.13950284051593903,0.15438596227727058,2.4211640442385276,0.6583180517273819,100.0,0.0,100.0,-21.690083860987208,-0.21690083860987208,0.0,51.106770833333336,0.0,9.600738230193487,10.96395123400706,30.75523410852961,49.9630589070212,48.05582448194398,49.62070155808179,48.749228752284935,49.83368363312396,49.01428858604285,-2.021947480263741,2.200529047405886,-31.21659941301124,-33.238546893274986,0.3835531553131433,1.0,0.00842883920834032,10.246211779722762,0.09759704576661186,0.021656198964942922
24,370,2304,256,15.53125,1,16,94.140625,-0.36793147659827863,0.5170639412997324,14.311756227987647,1.8177534526810888,100.0,0.0,100.0,-39.29755305310438,-0.39297553053104384,0.0,82.87760416666666,0.0,11.500966814118334,11.783571883133924,22.677233912304064,49.99305869336665,49.32931592549602,49.90127234638349,49.60532003028978,49.962129648472654,49.69564474812186,-5.295847913820778,5.35009462121702,-50.71591561208095,-56.01176352590173,0.9465997174589669,1.0,0.010986531792824434,28.85207505874894,0.03465955214534095,0.023251932982531847
24,371,2560,256,15.53125,1,16,94.140625,-0.2817454592079873,0.5336868314081241,11.569488406503725,1.359470818302085,100.0,0.0,100.0,-46.64300887995974,-0.46643008879959746,0.0,80.20833333333334,0.0,11.664685660317911,11.958268978336417,20.075460292399274,49.99346063697961,49.362773156326725,49.90644992264952,49.625835548909805,49.96428802351379,49.70726666968242,-4.057829699210864,4.810299035715706,-58.104200304359914,-62.162030003570784,1.8530375146606832,0.5396544819456145,0.01350615356050487,22.627478159214714,0.04419405436892509,0.025078072593119883
24,372,2816,256,15.53125,1,16,94.140625,-0.05298647097374608,0.13200262182269296,1.1656921706174757,0.2572259472069845,100.0,0.0,100.0,-23.455384407376393,-0.23455384407376395,0.0,37.82552083333333,0.0,9.203712407083437,10.53298783916894,28.77523782871884,49.88393605136599,46.745158677227394,49.15033964263744,47.723540865288626,49.5737095920321,48.0693344880174,-0.7427241720401009,1.5268871409619478,-31.984835231831735,-32.72755940387184,0.4664989475302496,1.0,0.011462712812131886,4.088329036654388,0.2445987079401839,0.030501144214654684
24,373,3072,256,15.53125,1,16,94.140625,0.05711454441170208,0.10170770185558675,0.4162664072359877,-0.26439031037601757,100.0,0.0,100.0,-3.5141192040668807,-0.0351411920406688,0.0,0.4557291666666667,0.0,5.117559186535464,6.899589956164311,63.20657566463873,47.97616867491159,32.37164521862961,41.67974106040886,35.12962031597538,44.69375356193829,36.552408085746364,0.8195065536715593,0.9124323615874085,-8.09656136679227,-7.277054813120711,0.413958894239625,1.0,0.009944091798941429,5.195952459226528,0.19245749606971202,0.03429485967076583
24,374,3328,256,15.53125,1,16,94.140625,-0.06239878797915721,0.1086867532577794,0.832597909477282,0.2901350142467286,100.0,0.0,100.0,-6.091900485508965,-0.06091900485508966,0.0,0.0,0.0,4.328386444295004,6.2290545159296675,47.46080465600825,45.48820888871242,26.86549429520901,36.46393623577619,29.492402887562868,40.350996107028294,31.026597951853837,-0.9336124162472922,1.2904246661291638,-9.119917952649075,-10.053530368896368,0.21415660081987242,1.0,0.009244210381377693,9.347899604301206,0.10697590285842122,0.03088623205702996
24,375,3577,249,15.518072289156626,1,16,93.97590361445783,0.0506007868989074,0.7576050300998033,4.018375646689347,-0.07871168290977754,93.57429718875501,0.0,93.57429718875501,-6.209921589213642,-0.062099215892136427,0.0,0.2008032128514056,0.0,6.404717633740394,6.629159077480242,51.77883893212718,49.40170308432075,39.439888911856,46.43687033747039,42.025185641978155,48.078256520864144,43.106919881641566,0.7510642870857609,2.8349164526276067,-12.369372828417099,-11.618308541331338,4.426167776691047,0.22592907690173206,0.01042363494140109,3.9081340141748946,0.2558765887692122,0.026735176547526746
25,376,256,256,15.53125,1,16,94.140625,-0.05823468491623538,0.05941863512276702,0.35427442167703926,0.2741042136853249,0.0,0.0,0.0,-4.387781664094684,-0.04387781664094684,0.0,0.0,0.0,1.7626572830248564,1.9759425912982072,61.002065638202616,29.24106164272765,10.382963128039194,16.12151567435583,11.369766829254992,20.255449962490896,12.704212815812024,-0.8235365663600764,0.8417534338237526,-2.8895042562640536,-3.71304082262413,0.09771956735488278,1.0,0.009649984952740328,4.606085423959523,0.21710409338009443,0.024378344264586925
25,377,512,256,15.53125,1,16,94.140625,-0.04271130240799363,0.04301182575181759,0.19448551486739268,0.20261072982649955,81.25,0.0,81.25,-3.6928256138149154,-0.03692825613814915,0.0,0.0,0.0,2.1956710205594856,2.455701771625906,65.45391838367381,34.05451818609383,12.671178712493596,19.95251185983095,14.130370364816123,24.734936577590204,15.67065690468287,-0.6127629689520346,0.6236754201784654,-3.354529529751045,-3.9672924987030798,0.12038330053237035,1.0,0.008447229126210534,3.5053889160116958,0.2852750504893373,0.025520103498744243
25,378,768,256,15.53125,1,16,94.140625,-0.025279154170519312,0.025687988375822743,0.0689943460194986,0.1225494657142942,100.0,0.0,100.0,-3.168498071886107,-0.03168498071886107,0.0,0.0,0.0,2.7706262678712656,3.031319341021158,68.66683894846304,39.13678148710806,15.993834831789407,25.106579966268733,18.094213964400815,30.34294207186651,19.918139032494608,-0.3615270407486581,0.37146829210445026,-4.034882499761962,-4.3964095405106205,0.05342646782656181,1.0,0.007779971298068895,2.109836354681276,0.47397040902305704,0.02836664952578126
25,379,1024,256,15.53125,1,16,94.140625,-0.015565366739514398,0.019647501799402303,0.040420820229568125,0.07471801792314077,100.0,0.0,100.0,-2.6813499196306716,-0.02681349919630672,0.0,0.0,0.0,3.6912733037707626,6.268551084093712,72.3454230544602,43.707989759757346,21.87741029532332,32.18523827043111,24.70949045856775,36.96678634619879,26.726742017959552,-0.22433815151899558,0.28432664394870955,-5.102290024611571,-5.3266281761305665,0.06402480630038725,1.0,0.0069611429024691845,1.2924807075003046,0.7737059394364417,0.032461566051391326
25,380,1280,256,15.53125,1,16,94.140625,0.05825981277663127,0.06118872653037463,0.38836121166925824,-0.2823786903773973,100.0,0.0,100.0,-0.7044228479550207,-0.007044228479550208,0.0,22.265625,0.0,8.057642900728212,9.355500265834094,92.38525741792054,49.80814332415699,44.33671161255016,48.544861230692504,46.255913919630196,49.281655778641635,46.95925121849277,0.8412341239370258,0.8813185708576192,-8.721784325693962,-7.880550201756936,0.14656319482716348,1.0,0.006363790827526696,4.108496731322651,0.24339802740406935,0.025855170529907472
25,381,1536,256,15.53125,1,16,94.140625,-0.045705117984391815,0.09133033670959612,0.4695833774557887,0.2167456654464606,100.0,0.0,100.0,-8.684451311718075,-0.08684451311718075,0.0,49.54427083333333,0.0,10.242328479369124,11.062574389386098,54.2680077221765,49.97276686129189,48.12926747175203,49.68636985673048,48.96855738484249,49.86743659332319,49.200875023571896,-0.6955930254451324,0.9691061628694647,-18.873603268806974,-19.56919629425211,0.49014694121581315,1.0,0.004799597408433481,3.5982282631752445,0.27791455318000124,0.026084276708040206
25,382,1792,256,15.53125,1,16,94.140625,-0.09853300198958098,0.15144565228914497,1.3155043978536294,0.45655414549410883,100.0,0.0,100.0,-20.29444254660323,-0.20294442546603225,0.0,57.096354166666664,0.0,10.470718397278855,11.41646115112668,34.0976774126002,49.97467051109281,48.21623865724362,49.70771518571549,49.03974201602455,49.87563670226458,49.26250584427956,-1.3809376005417455,1.6220384692439507,-30.708010608985305,-32.08894820952705,0.6256048087801347,1.0,0.00518222716278381,7.129340707443978,0.1402654243969386,0.026869970681412964
25,383,2048,256,15.53125,1,16,94.140625,-0.051880004950348974,0.052908970366910155,0.29059629047702906,0.24318493177056516,100.0,0.0,100.0,-16.03021459310417,-0.16030214593104167,0.0,46.74479166666667,0.0,9.58996581574971,9.87185189367477,37.53380219929378,49.95490248751251,47.30194085914766,49.52049825890815,48.511643947098925,49.78844435603892,48.85888677274184,-0.7423003394920935,0.7623598762750162,-25.550211419641762,-26.292511759133856,0.12705318301011195,1.0,0.0042864710817885196,3.697278414454665,0.27046921759812786,0.027226794995992936
25,384,2304,256,15.53125,1,16,94.140625,-0.2193508748767307,0.2941728578183843,5.78719736780087,1.0673447778507976,100.0,0.0,100.0,-24.082326395287108,-0.24082326395287107,0.0,73.69791666666666,0.0,11.469005077086395,12.235141158132256,32.29768766908004,49.98840940285056,48.882667479844926,49.844582395427146,49.446240859214996,49.93752954213032,49.59368656335505,-3.2292169847286107,3.40211621429982,-35.51029781016232,-38.73951479489094,0.6895714367253473,1.0,0.004771459069389034,17.212101849913875,0.058098656905461184,0.02832741844891711
25,385,2560,256,15.53125,1,16,94.140625,-0.36307920862222104,0.5589561485567586,14.139695446794992,1.7255670256592024,100.0,0.0,100.0,-43.12325663644742,-0.4312325663644742,0.0,83.33333333333334,0.0,12.445046589953037,12.641501323343723,22.44193234784524,49.99558366057056,49.355644243461455,49.92636728055505,49.706479976316594,49.97270371076725,49.79205627206649,-5.270379419712787,5.317837050304379,-55.454434123842056,-60.72481354355484,2.292977731301509,0.43611413506069835,0.005986689708525616,29.15523779187998,0.03429915431108265,0.02890319693085488
25,386,2816,256,15.53125,1,16,94.140625,-0.11367383195483094,0.2263478437822734,2.0569925598276937,0.5480585791657087,100.0,0.0,100.0,-33.57841778229846,-0.33578417782298464,0.0,68.09895833333334,0.0,11.448282001634533,12.69490042006095,25.56437226610481,49.987679519517144,48.79997529013472,49.83475478521484,49.41716922371549,49.93319671095193,49.57846799572078,-1.5615342972927353,2.028296112419335,-44.78217529641257,-46.3437095937053,0.7606820423779116,1.0,0.0041448604037797755,8.480782440616862,0.11791364853444626,0.030612958654643755
25,387,3072,256,15.53125,1,16,94.140625,0.06823013642917855,0.1325035682363535,0.6202487979007835,-0.3321216830014606,100.0,0.0,100.0,-10.342289285880927,-0.10342289285880928,0.0,14.84375,0.0,7.280425971352492,10.38731627977566,42.93489652519555,49.45414105766139,39.908808266336564,46.80145750298834,43.14004861567365,48.191813713400606,44.43261586836576,0.9946497054364148,1.1137762772664745,-16.956896512095025,-15.962246806658609,0.3927177393041004,1.0,0.004495053607321638,6.400663274707869,0.15623380844786602,0.02990616562218384
25,388,3328,256,15.53125,1,16,94.140625,-0.015292328822485941,0.1029789468216341,0.6581596834046779,0.08475161596479153,100.0,0.0,100.0,-3.0213806511013437,-0.030213806511013436,0.0,0.0,0.0,4.552082681628409,5.416188977635283,67.11775799923988,46.477169240134366,25.546039758092135,37.35454459802936,30.017831736307105,41.35896428634814,32.52329641561396,-0.2546036403669102,1.1473096211613305,-6.782232925122383,-7.036836565489292,0.41797765418426225,1.0,0.006225442782774594,4.416809681807598,0.22640776307815597,0.03678013136822757
25,389,3584,256,15.53125,1,16,94.140625,-0.007438996824009024,0.039381489597212646,0.10509000870810978,0.03351420451555928,100.0,0.0,100.0,-6.986838204114897,-0.06986838204114897,0.0,12.6953125,0.0,6.965619167647697,7.399698888030728,50.95665731387571,49.45992008503587,39.14300749772587,46.7104568050702,42.83106489891056,48.191042973689534,44.3443274890387,-0.06843368575481193,0.45845394252445854,-13.669694078914649,-13.73812776466946,0.16878430482009116,1.0,0.0050982088184188855,0.7522838546551355,1.0,0.0369417206173789
25,390,3681,97,14.762886597938145,1,16,84.5360824742268,0.1530383648759692,1.3307498717239328,12.559801124961384,-0.6233125300966545,83.50515463917526,0.0,83.50515463917526,-5.884384903355472,-0.05884384903355471,0.0,16.666666666666664,0.0,7.580994246970099,7.666741723576432,56.8437619266414,49.71815430333879,41.66968177673838,47.911682975620245,44.970506142000474,48.93265162033449,46.101821163328715,2.2560949795345873,5.011945954409601,-13.33654562967455,-11.08045065013996,3.798764534970237,0.26324348108294504,0.0063517414744101155,11.593537179822366,0.08625495260759769,0.029186922427714663
26,391,256,256,15.53125,1,16,94.140625,-0.09932853566230823,0.1414867641116734,1.5595496664552917,0.46079677228233945,64.453125,0.0,64.453125,-7.119666092858511,-0.0711966609285851,0.0,0.0,0.0,2.248911304055734,2.9315151848571794,54.1553235257873,32.39870474398979,11.585733798120415,19.154151825723197,13.890752023558,23.510722142115696,16.010356345198044,-1.289592096922766,1.766097203698195,-4.152705879385732,-5.442297976308499,0.3669910142073227,1.0,0.006839471645102773,11.141265439096243,0.08975641101690851,0.03775973680572206
26,392,512,256,15.53125,1,16,94.140625,-0.022094304710588267,0.022677636375858973,0.05353160784734132,0.10442120567383252,100.0,0.0,100.0,-3.4461772790804344,-0.03446177279080435,0.0,0.0,0.0,3.2939370498437004,3.578028158191168,66.95049823312382,41.674477895166056,17.040212370987955,28.133080495348132,20.863493053003317,33.231047907307115,23.56964449825763,-0.3151822238762931,0.32720515841698256,-4.919958979803412,-5.235141203679705,0.06313132082034878,1.0,0.006167312480210272,2.0071925784592186,0.4982082988607053,0.039092186351397204
26,393,768,256,15.53125,1,16,94.140625,-0.004340007370671216,0.00616997039664959,0.0037333823120663688,0.020509685638818574,100.0,0.0,100.0,-2.9280273177977754,-0.029280273177977753,0.0,0.0,0.0,3.9491558356033156,4.222774657695743,70.23125360822088,44.84401276300906,20.990108943206863,33.43448704278444,25.762909017695584,38.08639942518104,28.550931458184976,-0.05943452905341809,0.08641044279560624,-5.6230746750347755,-5.682509204088195,0.013579257693113234,1.0,0.0055534544079997245,0.3648183806888654,1.0,0.037283636314912764
26,394,1024,256,15.53125,1,16,94.140625,0.00661008531468962,0.015736076820701137,0.019153968249904178,-0.03101295558690325,100.0,0.0,100.0,-2.4395479356625493,-0.02439547935662549,0.0,1.1067708333333335,0.0,4.935680735110073,7.4864797383013695,74.60369108775697,47.202116724472276,27.024936502415446,39.15862807592509,32.30334495667714,42.68301115986941,34.79720213890583,0.09629694684894663,0.19572413366728272,-6.615866672473603,-6.519569725624656,0.02242474638816243,1.0,0.00494256089233962,0.5042419939250241,1.0,0.031205629663482785
26,395,1280,256,15.53125,1,16,94.140625,0.06770908491356548,0.0703448019848785,0.5205612458667179,-0.32262913564933743,100.0,0.0,100.0,-0.7380855392602901,-0.007380855392602901,0.0,32.94270833333333,0.0,9.14508571811997,10.32788957738317,92.73263104305732,49.906405224510664,45.42373685759411,49.17029191296014,47.73725591995803,49.58674837021396,48.2755621587789,0.9807181410557525,1.0203541011499075,-9.861777472779515,-8.881059331723762,0.08298238457095432,1.0,0.004513179411789033,4.854316536592122,0.20600222347717573,0.027950970819743452
26,396,1536,256,15.53125,1,16,94.140625,-0.045695377027625855,0.10008704644630152,0.48939710517848656,0.21950562544474075,100.0,0.0,100.0,-9.251074952909025,-0.09251074952909025,0.0,62.109375,0.0,11.147058645584885,11.913693438998411,54.74694475947384,49.9837808113992,48.27983999821131,49.795581843430256,49.31851477573872,49.90887252948419,49.492899456698936,-0.6954454363361258,0.9893402904749069,-20.361060684862984,-21.056506121199106,0.2727782702476639,1.0,0.004170563637253088,3.6389030630146033,0.2748080898784818,0.025440142825072506
26,397,1792,256,15.53125,1,16,94.140625,-0.0923138306897552,0.14627316508778473,1.2517416325126227,0.4527340024553815,100.0,0.0,100.0,-20.861225875632936,-0.20861225875632933,0.0,67.1875,0.0,11.320321158921077,12.232455481800148,35.22101313700336,49.98452456179064,48.32998815823992,49.806934619453074,49.35726858269914,49.912490016149704,49.51601424287918,-1.3172784580710566,1.5822399517852042,-32.140816378242945,-33.458094836314004,0.6249450140094291,1.0,0.005964463185818339,6.871045043335999,0.14553826873393402,0.024506490138430734
26,398,2048,256,15.53125,1,16,94.140625,-0.04630886474490313,0.04751937013849473,0.2325336381890554,0.21790282362042795,100.0,0.0,100.0,-16.375545210528728,-0.16375545210528725,0.0,50.0,0.0,10.493257347996327,10.807475730291767,39.123507862660524,49.97368060372115,47.57978809624453,49.697747801575986,49.04088340211878,49.85761090873919,49.267549126078464,-0.6620125707925074,0.6819584124989667,-26.82084997294195,-27.482862543734463,0.11534506512638774,1.0,0.0051855244530149185,3.332473919295141,0.3000773672105774,0.024681113777963733
26,399,2304,256,15.53125,1,16,94.140625,-0.21852929234738883,0.2983495104368656,5.765524329338822,1.0636401657583225,100.0,0.0,100.0,-24.917826324822244,-0.24917826324822243,0.0,77.99479166666666,0.0,12.28854902849779,12.982200780043083,33.05532975494822,49.99284388203898,48.932770581548,49.89825141803257,49.633330914150875,49.95535096587118,49.726497397374544,-3.2196339458897927,3.395739780766136,-37.17569638420641,-40.3953303300962,0.27059441063846734,1.0,0.005758975130633775,17.298743796571202,0.05780766579121258,0.02462324378707187
26,400,2560,256,15.53125,1,16,94.140625,-0.357081418131388,0.5549201545595188,13.618965999418108,1.6361362814390774,100.0,0.0,100.0,-43.5562925021696,-0.435562925021696,0.0,83.33333333333334,0.0,13.166267326004176,13.3417796488479,23.2466042991246,49.99693354805143,49.33288210250565,49.94784562178128,49.79333514802846,49.97830200495391,49.84782465080857,-5.150783008630992,5.2189972215777445,-56.63737876116376,-61.78816176979475,1.770350639289662,0.5648598519450596,0.008125991124308167,28.55625084351022,0.03501860259878138,0.02486409878985358
26,401,2816,256,15.53125,1,16,94.140625,-0.09912336340051378,0.2121633822824133,1.5788037821107888,0.449318452645889,100.0,0.0,100.0,-33.03142677570446,-0.3303142677570446,0.0,78.90625,0.0,12.168026363684364,13.383054921465027,27.02541484400702,49.99180639974248,48.8091293120663,49.88677837756613,49.598168875985934,49.949063546410066,49.695455289187386,-1.3338131276906946,1.776965830909975,-45.024383284842216,-46.358196412532905,1.3236832571796804,0.7554677409236561,0.007720488601692496,7.195897491533445,0.13896807190160518,0.026156603959063666
26,402,3072,256,15.53125,1,16,94.140625,0.08212503329558382,0.1294845795387143,0.82852933443659,-0.3899183898172386,100.0,0.0,100.0,-9.81198952027805,-0.0981198952027805,0.0,20.052083333333336,0.0,8.273809846615789,10.94652588052784,46.74955253548218,49.74346005831019,41.88349883752487,48.25139434807855,45.87247171850411,48.98400214908028,46.59854104379006,1.1994290204564142,1.2872679087405154,-17.69815837346485,-16.498729353008436,0.16679032752037828,1.0,0.007171429090106776,7.132514220110023,0.14020301525379567,0.02351623126906131
26,403,3328,256,15.53125,1,16,94.140625,-0.004587281526468402,0.09815576777949846,0.5849824050008787,0.020923792153124315,100.0,0.0,100.0,-3.0615938779218945,-0.03061593877921894,0.0,0.0,0.0,5.6985485809137515,6.629649491091203,68.40549618765742,48.44458192968996,30.220494895197497,42.8947193840083,37.05004275150439,45.25107982636534,38.76784593257021,-0.10727355311693743,1.0816491159344408,-8.330541986393712,-8.43781553951065,0.2444113714387501,1.0,0.006585524511403911,2.3418390658658073,0.42701482547447706,0.035555919140299055
26,404,3584,256,15.53125,1,16,94.140625,0.007942673952674131,0.03189816799371041,0.05680615547675727,-0.0380803541293353,100.0,0.0,100.0,-7.048417121790653,-0.07048417121790654,0.0,15.885416666666666,0.0,8.055208404091296,8.418748222639627,53.862319537333605,49.76238713422728,41.54581863286974,48.30998509768077,45.91348646251396,49.03864003832038,46.68007616753255,0.15841439234493238,0.33706425344956786,-14.955182905756569,-14.796768513411635,0.11207451086613228,1.0,0.005842662834763887,0.7909447186773737,1.0,0.029295786297626913
26,405,3676,92,14.695652173913043,1,16,83.69565217391305,0.18165908339565515,1.4801062151624105,15.689954880578284,-0.6499617214935075,82.6086956521739,0.0,82.6086956521739,-5.961926479543804,-0.05961926479543802,0.0,16.666666666666664,0.0,8.545963223418422,8.624149903591249,59.22605753135028,49.853419780337816,43.14635626207406,48.82788893451994,46.979228086756386,49.35552071546805,47.54243393353762,2.6687638654914703,5.601777375186965,-14.429397430167905,-11.760633564676432,4.301227519086193,0.23249177021271655,0.00897273558649164,13.64920704143474,0.07326432934633577,0.024655679120083065
27,406,256,256,15.53125,1,16,94.140625,-0.020064523098586248,0.07344157860716961,0.18593245600040229,0.09582600016921056,81.25,0.0,81.25,-4.676835505372376,-0.04676835505372376,0.0,0.0,0.0,3.704594765815794,4.318487930090234,62.612983312216755,42.655642675135866,17.905321962408003,30.989822822105804,23.894527496687548,34.91678958927545,26.13840456463012,-0.17222796421132058,0.6098072744735049,-5.916655891227867,-6.088883855439188,0.0939341018212241,1.0,0.00816634805309315,2.487352340478093,0.4020339152304375,0.0360039563836192
27,407,512,256,15.53125,1,16,94.140625,0.017259932029095388,0.017587097669694057,0.03311613454418354,-0.08056501934966033,100.0,0.0,100.0,-2.031541178194903,-0.02031541178194903,0.0,0.0,0.0,4.63441215059728,4.901731241205464,77.63659878678075,46.699756494309824,23.290917430124637,37.99413131386861,30.80813386882949,41.2355303081516,32.80780625383407,0.251540560269046,0.2573563076521869,-5.969365251722471,-5.717824691453426,0.06339881090650075,1.0,0.00759705266603843,1.369951843692666,0.729952665565622,0.03076342851978167
27,408,768,256,15.53125,1,16,94.140625,0.028242894574991344,0.028391733114377513,0.08596738137449533,-0.1322362344952328,100.0,0.0,100.0,-1.717953342683266,-0.01717953342683266,0.0,0.0,0.0,5.173523869771134,5.428021896161499,80.6072545040979,47.83638325825994,26.60091612821652,41.12540709128346,34.63777970846102,43.68442360074201,36.17180339437988,0.40965748546725633,0.41465016911728214,-6.418186429495776,-6.00852894402852,0.11350806375972188,1.0,0.007248039645347123,2.126897101728084,0.47016849060892946,0.027856752443558307
27,409,1024,256,15.53125,1,16,94.140625,0.03320539437115689,0.0346428246218073,0.12277985916163178,-0.15251625116683973,100.0,0.0,100.0,-1.421351882870474,-0.014213518828704742,0.0,2.408854166666667,0.0,5.988601366857324,8.369728606218125,84.1464099012355,48.7105574380301,31.22750651626299,44.11561425916386,38.957927124264174,45.902446942204584,39.942995984679676,0.47919447712656793,0.49553982516369316,-7.1168827926066935,-6.6376883154801245,0.07795634708722081,1.0,0.0064203806706272645,2.3752393260487628,0.4210102068592436,0.027048643434488952
27,410,1280,256,15.53125,1,16,94.140625,0.06651759644410901,0.07022134776735621,0.5123857176172901,-0.30679718872119893,100.0,0.0,100.0,-0.9901279249196505,-0.009901279249196506,0.0,42.3828125,0.0,9.917341266375296,11.053387983846385,91.04848874536911,49.94550879955157,46.00080270829757,49.53025721417336,48.66536699197428,49.72655512356279,48.76941442780492,0.9580593276995151,1.0123099501805661,-10.892373287063164,-9.93431395936365,0.1251620036901907,1.0,0.005946867340739573,4.782866724515415,0.2090796289334859,0.027858437289930153
27,411,1536,256,15.53125,1,16,94.140625,-0.06236813967318396,0.11825588312767904,0.7219535542050171,0.306833934102002,100.0,0.0,100.0,-11.097830151005383,-0.1109783015100538,0.0,75.13020833333334,0.0,11.780119690638784,12.55890050203166,51.56867968365288,49.98932417154204,48.36319140920959,49.87722486040056,49.58554778921021,49.932730062645774,49.59803334878475,-0.9363467015797051,1.201626859058183,-22.843554969612782,-23.779901671192487,0.22807659108643463,1.0,0.005093428866377982,4.923161461269356,0.20312151203388856,0.023693535831308968
27,412,1792,256,15.53125,1,16,94.140625,-0.09665538562808447,0.16066692346409883,1.4163243419967992,0.4728421934154124,100.0,0.0,100.0,-22.361156838666865,-0.22361156838666865,0.0,69.59635416666666,0.0,11.81949404603139,12.754522302806443,34.61346473550538,49.98879723657299,48.3232096653677,49.87590487189669,49.58633494941642,49.9299343519536,49.58124612503577,-1.3841743559702353,1.6830474396147004,-34.147098929126656,-35.53127328509689,0.41489540448419887,1.0,0.004307951938045125,7.256808877139254,0.13780161734040533,0.021431906018692413
27,413,2048,256,15.53125,1,16,94.140625,-0.05019000174134326,0.051414299816726884,0.2722787743065901,0.23894829187825514,100.0,0.0,100.0,-17.23064224700638,-0.17230642247006378,0.0,50.1953125,0.0,10.991902123670675,11.371048602351276,39.00174179086355,49.98116517932142,47.616676709758984,49.808483629766656,49.390049573637626,49.887601591606135,49.364122165185336,-0.718217136780591,0.7379414262752703,-28.183105725410474,-28.901322862191066,0.26159652266691785,1.0,0.004224614235352547,3.6379124616672005,0.27488291995396585,0.01993424291269984
27,414,2304,256,15.53125,1,16,94.140625,-0.2373476302343781,0.3280330612764351,6.600142935748604,1.1000330325645886,100.0,0.0,100.0,-26.72541526747019,-0.2672541526747019,0.0,83.07291666666666,0.0,12.760427960501605,13.389725528258067,32.33905238579877,49.994881275309346,48.92713573978182,49.937187598083966,49.7742299407623,49.96458091887294,49.755809510749664,-3.4960291459123582,3.6332197664739754,-39.458261820019075,-42.954290965931435,1.2133995130903354,0.8241308729827649,0.0071699859977052095,18.86082352601964,0.05301995422524578,0.019660179190560883
27,415,2560,256,15.53125,1,16,94.140625,-0.3625745058815629,0.5741255593174756,14.138366564112705,1.7494067254702774,100.0,0.0,100.0,-44.90321413329389,-0.449032141332939,0.0,83.33333333333334,0.0,13.556217658925801,13.719385027118038,23.22144985201328,49.997626940627754,49.2930975330088,49.9665422355296,49.86946710549507,49.98155224876501,49.853380368483485,-5.272279204058647,5.317587152856586,-58.37799855442914,-63.65027775848778,1.2554194476220402,0.7965465262579416,0.005628631416448782,29.28167397441559,0.03415105300584026,0.01998181145398163
27,416,2816,256,15.53125,1,16,94.140625,-0.07399448132803832,0.15292099655711208,1.0764077058401793,0.3657171022727008,100.0,0.0,100.0,-31.999378670659166,-0.3199937867065917,0.0,81.0546875,0.0,12.398978826479961,13.656669826557495,28.03907850452143,49.99280835672902,48.6695670153721,49.91870269291247,49.718791181909,49.95197171609247,49.67884351086731,-1.0453684069628486,1.467247563187739,-44.22035062414968,-45.265719031112525,0.7052080486430178,1.0,0.007509987502171331,5.628173975430026,0.17767752105132714,0.021488672017789076
27,417,3072,256,15.53125,1,16,94.140625,0.08726973269842586,0.1351434597448632,0.9180344794430049,-0.41070005881282257,100.0,0.0,100.0,-8.912121226471157,-0.08912121226471156,0.0,21.484375,0.0,8.359856882351275,11.102190897338062,49.44052543471812,49.7606771407431,41.154463100791816,48.58741145446153,46.69348235925036,49.00104123108704,46.362416324307745,1.2759941562665496,1.3550162208940562,-16.90891593251721,-15.632921776250662,0.7363251941793201,1.0,0.006955488626592111,7.61060848221013,0.1313955385219867,0.022106273970833364
27,418,3328,256,15.53125,1,16,94.140625,-0.010781707450108802,0.09802303142015782,0.5516707270390996,0.056218473219583995,100.0,0.0,100.0,-3.418468145000733,-0.03418468145000733,0.0,0.06510416666666666,0.0,5.923986600256722,7.045321189775493,66.1446560714993,48.709872474415214,30.134437659327553,44.517321391936164,39.7070742571068,45.77816039636618,38.99865280620649,-0.1993145857342884,1.0504006159928692,-8.956107646630088,-9.155422232364375,0.17791718207258483,1.0,0.006753776093096664,2.5770754485734138,0.38803675715182023,0.02969512184641801
27,419,3584,256,15.53125,1,16,94.140625,0.01589897926205562,0.020518410672619173,0.03930632311233426,-0.07609787650471095,100.0,0.0,100.0,-6.876809052406137,-0.06876809052406135,0.0,16.666666666666664,0.0,8.22590229033781,8.520920930821909,54.9159584381366,49.80313937901511,41.18513968512639,48.76488594110488,46.985264059853804,49.14009407221002,46.62385043441056,0.24758163795380395,0.2803794682651861,-14.979074433535336,-14.73149279558153,0.08479750524310832,1.0,0.006185313282581044,1.2861065748304443,0.777540539462553,0.025450916302062764
27,420,3665,81,14.518518518518519,1,16,81.48148148148148,0.20370743244475883,1.577250679954825,17.827068714814224,-0.6111259960598787,80.24691358024691,0.0,80.24691358024691,-5.8840634603864155,-0.058840634603864156,0.0,16.666666666666664,0.0,8.60004935332942,8.670706909107826,59.69542153299017,49.858519556532386,42.3964124470187,49.057422347878635,47.61343135557428,49.34841149020096,47.24977238352963,2.9901849862524035,5.971108559524643,-14.406547658896546,-11.416362672644144,6.316951583263102,0.15830420525139394,0.006846919482444437,15.418922193963526,0.06485537623320375,0.024060084597805665
28,421,256,256,15.53125,1,16,94.140625,0.08145108117642996,0.114662845533986,1.191109858265342,-0.3988456398453328,100.0,0.0,100.0,-2.6658642335560154,-0.026658642335560152,0.0,5.924479166666666,0.0,7.168036060862484,8.612622383436024,74.32029432816388,49.52695858316041,36.40496507736454,47.50661533906431,44.5691282689608,48.161870995250084,43.92541159196759,1.277398378382435,1.5434441086513901,-9.644789657602495,-8.36739127922006,0.31699618899472937,1.0,0.005539419431478692,6.237063552333403,0.1603318599544943,0.024634273008975145
28,422,512,256,15.53125,1,16,94.140625,0.058885994150870855,0.05890025822212268,0.36833034445553,-0.27232137551179586,100.0,0.0,100.0,-0.9592958620064065,-0.009592958620064065,0.0,7.486979166666667,0.0,7.018209532973639,7.150224071248176,89.34316725622112,49.4988675799227,35.75118956459293,47.37014697981039,44.2953574892385,48.05125618667927,43.56215669396569,0.8506799160679146,0.8582893969466592,-7.855339975631934,-7.00466005956402,0.18362119045693698,1.0,0.005368356210295325,4.041197819544165,0.24745138561734573,0.02521535608656562
28,423,768,256,15.53125,1,16,94.140625,0.06284746243920375,0.06285990477101061,0.41952628112832396,-0.29670552379020976,100.0,0.0,100.0,-0.802821499587583,-0.00802821499587583,0.0,16.666666666666664,0.0,7.238296928423228,7.371202281341409,91.05192608561683,49.58586381427952,36.821373166232135,47.7442383491754,44.97840396460177,48.33688300311253,44.238792630231174,0.9078703861438505,0.915998123500615,-7.94963625658726,-7.04176587044341,0.17664881975349256,1.0,0.00462946464014483,4.2880065219812655,0.23320860051722866,0.02654754351510033
28,424,1024,256,15.53125,1,16,94.140625,0.05811355160796716,0.059531431995008245,0.37547257310692367,-0.27671167173691286,100.0,0.0,100.0,-0.7020635600571492,-0.007020635600571493,0.0,18.294270833333336,0.0,7.717500305154939,9.597223747278075,92.35354456961905,49.696999375421406,38.785039551655615,48.269116261308035,46.0123270675174,48.73419833958933,45.33322496895542,0.8359949685512225,0.8665709123977375,-8.35647439534629,-7.520479426795065,0.16008691270785566,1.0,0.004628325241972492,3.937640172318757,0.253959213193198,0.028162644915190205
28,425,1280,256,15.53125,1,16,94.140625,-0.014810270827358793,0.06730933945727634,0.21802392969022014,0.06753224077618569,100.0,0.0,100.0,-6.6336589762872915,-0.06633658976287292,0.0,63.4765625,0.0,11.19279054839335,12.231939228839082,62.99526239786853,49.98161112008787,47.453580003977805,49.83023869883756,49.470697232598305,49.88846888548722,49.31452252322015,-0.231699330737852,0.6603392002451772,-17.767670333209157,-17.999369663947007,0.1760789389623988,1.0,0.004980790624972277,1.2425032448701685,0.8048268719849435,0.025399385465340433
28,426,1536,256,15.53125,1,16,94.140625,-0.19182890979114217,0.28408384357977556,4.351231778625706,0.9122069584453846,100.0,0.0,100.0,-23.669737246833346,-0.23669737246833347,0.0,83.33333333333334,0.0,12.697844312447202,13.245930574242657,34.958292314036264,49.99519092926097,48.78228744285293,49.94361864348414,49.798393314825056,49.964636877923766,49.72320645499401,-2.819775934622611,2.949993823256485,-36.322839223324515,-39.14261515794713,1.1784448765782387,0.8485759664072065,0.004057061773490181,15.085011642978689,0.06629096640210082,0.023245422658990943
28,427,1792,256,15.53125,1,16,94.140625,-0.11280270973669715,0.18326688669942315,1.7280026154558659,0.5232413180998257,100.0,0.0,100.0,-28.26097363858579,-0.28260973638585785,0.0,74.08854166666666,0.0,11.97223723262365,13.271494718052315,29.78402584916775,49.99027109682905,48.20542594940649,49.899860889892366,49.66790433030354,49.934996730647924,49.546436273023694,-1.5726807015257451,1.8590334130702793,-40.19684005531504,-41.76952075684079,0.6840157114683489,1.0,0.0073270672018352695,8.209273416908864,0.12181346012185107,0.021725778266580054
28,428,2048,256,15.53125,1,16,94.140625,-0.09821097085700227,0.10721593307536419,1.169806222365604,0.47243189213705084,100.0,0.0,100.0,-20.87984800977753,-0.2087984800977753,0.0,68.68489583333334,0.0,11.411646671227665,12.533448401734697,35.380404950672364,49.98641344603029,47.76403390222022,49.865885200139104,49.56681757966423,49.91189658746029,49.407647682612655,-1.4181590447742853,1.5295791724298575,-32.254143747472284,-33.67230279224657,0.16185672475673496,1.0,0.006367281669433367,7.2585335999376595,0.13776887386848888,0.021499691934895718
28,429,2304,256,15.53125,1,16,94.140625,-0.32561251445302564,0.45420190341259714,11.613220659728167,1.5148103869749032,100.0,0.0,100.0,-36.17155179545625,-0.36171551795456247,0.0,83.33333333333334,0.0,13.387414840552328,13.768111760505764,27.033075247033207,49.997244944118776,49.12071261034718,49.96462737881322,49.86650834672611,49.978063466776234,49.807573893387016,-4.740155990605763,4.81938183997246,-49.522352592946504,-54.26250858355227,1.873886387945894,0.5336502823397816,0.011582430772497829,25.9142565516307,0.03858879756043294,0.02158744906724736
28,430,2560,256,15.53125,1,16,94.140625,-0.3036812251403297,0.5582444136574153,12.096469847951148,1.4559397473224465,100.0,0.0,100.0,-47.99085871933398,-0.4799085871933398,0.0,83.33333333333334,0.0,13.764968888545674,13.93883424184949,22.326118941964776,49.997974327755784,49.26497467392876,49.97255564636766,49.893215638226984,49.98314533377446,49.84317767313097,-4.3662929891153945,4.918631892701699,-61.654105329846054,-66.02039831896144,0.6061729295064187,1.0,0.012673551283037791,24.337552061922626,0.04108876675253434,0.02227696061521353
28,431,2816,256,15.53125,1,16,94.140625,-0.046513932290048465,0.1134568609157087,0.9934715298195375,0.21853483716506622,100.0,0.0,100.0,-26.23910784928398,-0.2623910784928398,0.0,70.1171875,0.0,11.628838263687783,13.075143247110908,30.957282173186464,49.97942966430495,47.60131729480537,49.82646235335311,49.483125658765815,49.88117170965752,49.28698053253091,-0.6904444799590401,1.4095896777569972,-37.564144677274214,-38.254589157233255,0.3579512550650118,1.0,0.012962977565006258,3.770993894559788,0.2651820787730913,0.026199872223396335
28,432,3072,256,15.53125,1,16,94.140625,0.0835689751507209,0.13294024006498137,0.8258993578556817,-0.38742581982574514,100.0,0.0,100.0,-4.975680269071207,-0.04975680269071206,0.0,8.723958333333332,0.0,7.125509660621788,9.30499514191106,60.72892065193393,49.40926145534593,35.57137741283801,47.13743757107048,44.07154252180226,47.77366565408505,42.77804200715579,1.1990389932953978,1.2852232162979953,-11.733305291990025,-10.534266298694627,0.5841960239484074,1.0,0.01321749522906795,7.527758417096688,0.13284167006858874,0.03002656427783349
28,433,3328,256,15.53125,1,16,94.140625,-0.033088699550103934,0.0962990349673445,0.46609283068254626,0.16436762256804874,100.0,0.0,100.0,-5.141071843340114,-0.05141071843340115,0.0,3.515625,0.0,5.862279824166499,7.8602248994548365,56.04916168933508,48.43437165812371,28.786166504586443,43.90703636983085,39.09272266753073,45.05007675133863,37.377028450651856,-0.5156764328856704,0.965497623697279,-10.459174851997762,-10.974851284883433,0.17217134329332245,1.0,0.011884317962720891,4.742428470219423,0.21086243182782932,0.027963909393680295
28,434,3584,256,15.53125,1,16,94.140625,0.021076427636538317,0.02147103164782721,0.04935625722383999,-0.09830477800788452,100.0,0.0,100.0,-6.259464961271533,-0.06259464961271534,0.0,16.666666666666664,0.0,8.117992926097784,8.347486302275756,56.93932506536642,49.78884799733971,40.17613252910935,48.70380343386298,46.87648166539528,49.05355300334446,46.04726480571796,0.308276035729098,0.3141854777797344,-14.257269324457775,-13.948993288728676,0.012994145841221473,1.0,0.010700444722738716,1.6304142607563887,0.6133410532952992,0.025109801051702792
28,435,3606,22,10.545454545454545,1,16,31.818181818181817,0.6524232371187376,2.931556370306441,61.30717123540541,-0.9914494698482469,27.27272727272727,0.0,27.27272727272727,-5.60772804882759,-0.05607728048827591,0.0,16.666666666666664,0.0,8.366338223414486,8.386119428834789,60.2619930416506,49.826955896286535,41.00485411708519,48.895647152939176,47.283048758138285,49.1978736054805,46.50080730060037,9.551589356488892,11.073136072080521,-13.883275014870515,-4.3316856583816215,14.13930935729454,0.07072481227550871,0.012352844534955757,50.08493781045311,0.019966082493393697,0.02477869725085285
29,436,256,256,15.53125,1,16,94.140625,0.06254961220114949,0.08007695747476057,0.5482082326750962,-0.2961490601224904,86.71875,0.0,86.71875,-3.8197850651787255,-0.03819785065178725,0.0,0.0,0.0,5.991753461293378,6.689769760301786,67.95889932332523,48.43748930818425,29.25571706145431,44.186879507849994,39.67459105931276,45.26755504538698,38.06473581179978,0.8979216216953749,1.0470990714111976,-8.816731172744076,-7.918809551048701,0.144708728345483,1.0,0.011260150110522331,6.8746828876901915,0.1454612549170232,0.02691293336691144
29,437,512,256,15.53125,1,16,94.140625,0.0546683568846976,0.05468965221761964,0.3177602361293775,-0.257403579451689,100.0,0.0,100.0,-1.101000673198707,-0.011010006731987071,0.0,0.0,0.0,6.796206807628122,6.931504380119147,87.97459093813194,49.38884491718109,33.779120296191685,46.86458958371769,43.429746469115855,47.624466212891676,42.11066194032766,0.7900866222551157,0.7971953789747874,-7.725192848475475,-6.935106226220359,0.11011565227319954,1.0,0.009850592370955183,3.826611249354808,0.26132782632900237,0.027624213921290823
29,438,768,256,15.53125,1,16,94.140625,0.05897893805010956,0.058994110631435254,0.3695622508074048,-0.28206828873897705,100.0,0.0,100.0,-0.9274643022863691,-0.009274643022863693,0.0,6.184895833333334,0.0,7.01348945638001,7.147509900272895,89.79923946931737,49.49003766188304,34.8865636334418,47.23945932797069,44.087147544407244,47.95211990313615,42.87497731234898,0.8520921592920356,0.8597235030024535,-7.810188034806666,-6.958095875514631,0.18538293812846524,1.0,0.00913421311698869,4.088199987186814,0.24460642902357702,0.02900279285056925
29,439,1024,256,15.53125,1,16,94.140625,0.05479556813662302,0.05603748802647352,0.33289599945738824,-0.2621277025642358,100.0,0.0,100.0,-0.8017503874533729,-0.008017503874533727,0.0,17.513020833333336,0.0,7.483324677476455,9.382121397964317,91.33082624764414,49.620161381965545,36.960905913109904,47.81194225522718,45.17103236870335,48.4140433105145,44.13260633438575,0.7883021055891156,0.8159607827063605,-8.193646094020185,-7.405343988431071,0.05271875489090303,1.0,0.008088375695959405,3.7578062980944855,0.26611270530550807,0.030574667198737554
29,440,1280,256,15.53125,1,16,94.140625,-0.017022093071734072,0.06905929591064179,0.21418638165723414,0.08478656246945067,100.0,0.0,100.0,-6.7165525468552065,-0.06716552546855208,0.0,61.002604166666664,0.0,11.281995474080283,12.345889259268526,62.91604989489356,49.98104521960778,47.23316317545764,49.81078558529022,49.42470380314304,49.88091775255684,49.21848959623627,-0.2557262363995663,0.6545019200235155,-17.931824221208714,-18.187550457608282,0.19918667753253713,1.0,0.006682771101553188,1.3648790633547496,0.7326656455130099,0.029039789555827634
29,441,1536,256,15.53125,1,16,94.140625,-0.19088474368206426,0.2832660236974816,4.292502889516571,0.9233203462970407,100.0,0.0,100.0,-23.786151824126375,-0.23786151824126375,0.0,83.33333333333334,0.0,12.912783748949032,13.506918753659294,35.231755004974254,49.995601544153175,48.740372605778134,49.940999988551546,49.79254407226912,49.96560571677958,49.703108803697106,-2.807037401389273,2.930018050973943,-36.65098076188915,-39.458018163278425,0.9667328160142031,1.0,0.007464585662499425,15.010334033669203,0.06662076924850119,0.027696714788218956
29,442,1792,256,15.53125,1,16,94.140625,-0.11586439509972266,0.1860201482257282,1.8320153169074405,0.5445053945325893,100.0,0.0,100.0,-28.689919480329486,-0.28689919480329484,0.0,68.9453125,0.0,12.121531338020102,13.538225435739937,29.72941549997591,49.99032352403476,48.078122101065574,49.886938641659,49.635147599152084,49.93231772157974,49.49072018988842,-1.6165221202796465,1.9141657801284822,-40.77285454209459,-42.38937666237425,1.0187792840332126,0.9815668768225558,0.005220237064546149,8.429904575546646,0.1186253048345039,0.026230865758521352
29,443,2048,256,15.53125,1,16,94.140625,-0.10035258909484797,0.10925647122301678,1.2028413262450508,0.4700282266995094,100.0,0.0,100.0,-21.186654622535073,-0.21186654622535073,0.0,55.208333333333336,0.0,11.465301696162319,12.732710583522103,35.15820703711583,49.985831488462225,47.535629029856416,49.840143352118304,49.500128632899475,49.90422036066094,49.311519133565696,-1.4487574439378388,1.5510263223072978,-32.6105983847772,-34.059355828715034,0.6252287513785616,1.0,0.004259614997564683,7.405159557827023,0.13504097949422725,0.02565921291155845
29,444,2304,256,15.53125,1,16,94.140625,-0.3251158459934934,0.45339758960393833,11.58856152057433,1.5318079632863264,100.0,0.0,100.0,-36.26418598020662,-0.36264185980206615,0.0,83.33333333333334,0.0,13.645206510295706,14.044275216961898,27.36052230992012,49.997505758067355,49.100474686258735,49.961284609438586,49.857483903218935,49.97879717286253,49.794684920050805,-4.743764275431939,4.814262460766827,-49.87187874461138,-54.61564302004331,2.083977989947103,0.47985151706203133,0.008290538874046429,25.914361474632855,0.03858864132071645,0.025734814492307235
29,445,2560,256,15.53125,1,16,94.140625,-0.30840862654968276,0.5635239083040839,12.379882338463005,1.4823504111201742,100.0,0.0,100.0,-48.49386778844182,-0.48493867788441813,0.0,83.33333333333334,0.0,14.066068775587032,14.2457407240443,22.522838114755476,49.99822777741795,49.26199478307934,49.97025358645439,49.88703772991026,49.98415013072227,49.83603353209895,-4.449025928338475,4.975918475711395,-62.452470261160705,-66.90149618949918,2.486823815245587,0.40211935959011424,0.0074355562963863975,24.810075436508274,0.04030620553972561,0.02615678336096055
29,446,2816,256,15.53125,1,16,94.140625,-0.04673124935344673,0.12327269784789906,1.0671871367543706,0.22180098563835873,100.0,0.0,100.0,-26.807697425137775,-0.2680769742513778,0.0,66.47135416666666,0.0,11.675954459840343,13.389164806608036,30.646283206092416,49.973574581267954,47.23083979242553,49.757176276637594,49.32538438254498,49.84948509391711,49.098212392605575,-0.7063353151378848,1.4609497847320905,-38.09908817105491,-38.8054234861928,0.36356985032252925,1.0,0.008046686039326907,3.8546427645322012,0.2594274128853961,0.03060714922757242
29,447,3072,256,15.53125,1,16,94.140625,0.07079904596938935,0.1455752340222865,0.7049291521637571,-0.3433476316718497,100.0,0.0,100.0,-5.377891901944339,-0.05377891901944337,0.0,4.4921875,0.0,6.330265817208705,8.878522348595332,57.31966390252739,48.78644464209534,30.49348386006791,44.48243393725078,40.0307744053454,45.87518562160072,38.471116949110105,1.0151053544421815,1.1873745425633455,-11.043794373905227,-10.028689019463044,0.4258609679942332,1.0,0.009159660699889096,7.180804557309278,0.13926016117262358,0.03549777298574508
29,448,3328,256,15.53125,1,16,94.140625,-0.04385756076485227,0.1098952887916071,0.6379548049911878,0.20784549567657826,100.0,0.0,100.0,-5.0895047960886695,-0.05089504796088669,0.0,1.171875,0.0,5.1517490747352515,7.4102850654965415,55.170152023410644,47.10456233523936,23.9003119693394,39.69731217898259,33.81661254057594,41.863995902849794,32.1420563941125,-0.6689343665416596,1.129561689321294,-9.33792800235385,-10.006862368895511,0.21666467973973,1.0,0.008571623943436605,7.2206740615325975,0.13849122553909443,0.029025794111953822
29,449,3584,256,15.53125,1,16,94.140625,0.01716929648307927,0.017803091390647084,0.03399252717768788,-0.0831467767492318,100.0,0.0,100.0,-6.142060669199465,-0.06142060669199465,0.0,16.666666666666664,0.0,7.705855506943223,7.951123507368402,56.34823625081268,49.68582990422176,37.69032412490036,47.92026831969815,45.37471217044694,48.62056175377779,44.44517088974074,0.25375822470190335,0.26073943766790586,-13.675415629059883,-13.42165740435798,0.022706003597050613,1.0,0.007741408457398811,1.3948864243615706,0.7169042457759188,0.02647625614810342
29,450,3609,25,11.2,1,16,40.0,0.5523640181352277,2.6409398335738965,49.62757626000858,-1.304042315656456,36.0,0.0,36.0,-5.495712700979304,-0.05495712700979304,0.0,16.666666666666664,0.0,7.968587623401765,7.9929510641912325,59.75827972950794,49.74519773419313,38.686172902469046,48.220105545859795,45.95161500913143,48.83593751823344,45.07863365687127,8.097658095921553,9.962688016796328,-13.334700495849399,-5.237042399927847,2.911684546734873,0.34344379823747995,0.009253457085719032,43.856056482207755,0.022801867751280746,0.026464887927124515
30,451,256,256,15.53125,1,16,94.140625,0.04206355686178955,0.07005640010025752,0.3663186944442386,-0.194393353358799,100.0,0.0,100.0,-5.150641171527998,-0.051506411715279976,0.0,16.666666666666664,0.0,7.604454215264658,8.83386054178853,62.283751985460825,49.64096682600335,36.68341647652667,47.64741734764696,44.88073205951845,48.42933903062487,43.89831592958846,0.6893248392026893,0.8559423981136097,-12.209370779460748,-11.52004594025806,0.17742425942633838,1.0,0.007785940783870012,3.7888158739165965,0.26393470500488436,0.025405287296062486
30,452,512,256,15.53125,1,16,94.140625,0.03465403066624271,0.03474352718917451,0.1285230990469448,-0.16583178408547822,100.0,0.0,100.0,-3.596493904922294,-0.03596493904922293,0.0,16.666666666666664,0.0,7.402638844890133,7.487584219132258,70.3416737500411,49.598210408794756,35.769670553231514,47.39125383941176,44.40268193794786,48.25292016123921,43.31529866256442,0.5018488274973849,0.5069972367714538,-10.523830967109745,-10.02198213961236,0.09680202483846533,1.0,0.006969113818607329,2.7208380528823626,0.3675338188322654,0.02656767212541883
30,453,768,256,15.53125,1,16,94.140625,0.04220776174733922,0.04226739147856677,0.19004661941869938,-0.19878413523375735,100.0,0.0,100.0,-3.0192631270976626,-0.03019263127097662,0.0,16.666666666666664,0.0,7.525136089202352,7.616969883737287,74.03444800027663,49.638799755752956,36.33086484508813,47.58102884122232,44.74862167126602,48.393077409882515,43.63333248044475,0.6107131008607432,0.6165170223419616,-10.164371171071924,-9.553658070211181,0.15893665459991183,1.0,0.006578827586090864,3.2060417394274685,0.3119110982561877,0.02850000375070956
30,454,1024,256,15.53125,1,16,94.140625,0.035876122347993186,0.04179948029979614,0.17726498503056348,-0.16662564934206542,100.0,0.0,100.0,-2.6042130271275976,-0.026042130271275978,0.0,18.815104166666664,0.0,7.99840883515682,10.349041555173907,77.43002477206909,49.723105059410095,38.16248180775336,48.055782375413905,45.677931219446734,48.72556678510459,44.63422905120579,0.5137440722824128,0.595424193379079,-10.32985441849173,-9.816110346209317,0.04619760839130566,1.0,0.005941272065100855,2.6420305729395115,0.3784967555797072,0.03092521854666131
30,455,1280,256,15.53125,1,16,94.140625,-0.06139644480425482,0.10690805115123722,0.6438175057553852,0.2851134849286874,100.0,0.0,100.0,-10.9298078034522,-0.10929807803452199,0.0,66.47135416666666,0.0,11.995289174342496,13.004144811751885,52.546918307235174,49.98853668330345,47.7145300215394,49.85012940837962,49.53745130528983,49.916964274676985,49.33371804818223,-0.9148181301386629,1.1347400634113394,-22.827769088583956,-23.74258721872262,0.4499272127720778,1.0,0.0045000923690740905,4.807518916232323,0.20800750187868322,0.0274526033073922
30,456,1536,256,15.53125,1,16,94.140625,-0.24277809633140762,0.35771618979212777,6.56334993514949,1.170442655920744,100.0,0.0,100.0,-29.578595399263577,-0.29578595399263574,0.0,83.33333333333334,0.0,13.472673243273103,13.950408302575777,31.331672194384517,49.99691677871567,48.870989600504465,49.94690234729545,49.81417510159209,49.97254841064179,49.710945666670355,-3.5086855401697434,3.6230787833414526,-43.00017298689781,-46.508858527067545,2.083953104611439,0.4798572471650958,0.008260799004887071,18.91349262312618,0.052872307612675695,0.02569291061585066
30,457,1792,256,15.53125,1,16,94.140625,-0.10504852118200261,0.1571621546841698,1.3213417068963729,0.5075313994094232,100.0,0.0,100.0,-29.36482274962493,-0.2936482274962493,0.0,61.5234375,0.0,12.128165769930837,13.887843880284505,29.261506321273117,49.989522512626294,47.80164006617155,49.857778731020105,49.559872893909656,49.92156434556383,49.33085541761034,-1.461040253259969,1.625633234709707,-41.44751003851657,-42.90855029177655,0.405763785395727,1.0,0.006585050349491798,7.546028454436309,0.13252004097759534,0.023441197646504094
30,458,2048,256,15.53125,1,16,94.140625,-0.12544400419087126,0.14210616304595497,2.0264867632887666,0.6073432988529335,100.0,0.0,100.0,-22.465279258720642,-0.22465279258720638,0.0,57.552083333333336,0.0,11.75824331110206,13.522418339279582,34.40126740966543,49.98692043828417,47.474250319147565,49.82708120991197,49.47510948812142,49.90403781445479,49.19516104114878,-1.8184870222754699,2.0131998228138044,-34.17968056548535,-35.99816758776082,0.4482652947781412,1.0,0.0070947952403254124,9.352735353446128,0.10692059191341685,0.023084375120876913
30,459,2304,256,15.53125,1,16,94.140625,-0.3446314161359323,0.4890327808183491,12.877087078494899,1.6661137539914905,100.0,0.0,100.0,-40.0030122750935,-0.400030122750935,0.0,83.33333333333334,0.0,14.089981531388624,14.41858049049404,26.07188962442461,49.99809331894813,49.14697900279357,49.9632214771963,49.866353511385405,49.981576812290264,49.775772163962095,-4.980213567615314,5.074857057788899,-54.04280907276041,-59.02302264037574,1.8389627219926994,0.5437848130583095,0.01392163827087835,27.33383816250991,0.03658469015784118,0.023252465735177166
30,460,2560,256,15.53125,1,16,94.140625,-0.27571902541509785,0.5505912279113309,10.884543116886995,1.2937948630002118,100.0,0.0,100.0,-47.9266728417456,-0.479266728417456,0.0,83.33333333333334,0.0,14.248499660001794,14.578813095262216,22.971134542670136,49.9981715115057,49.18578195141633,49.96464726886117,49.871784730256735,49.98232775748373,49.78110415727104,-3.879716052956991,4.665735336876063,-62.027844700201584,-65.90756075315858,2.432603258496426,0.41108224142480704,0.018932687910450517,21.69272981126577,0.046098393733769095,0.02386814714482863
30,461,2816,256,15.53125,1,16,94.140625,-0.03769455070959586,0.17349222183583152,1.4023925931346182,0.16680057588502986,100.0,0.0,100.0,-24.852627455472543,-0.24852627455472545,0.0,48.37239583333333,0.0,10.939189311357932,12.82914565899927,31.300195246682744,49.8851984814133,44.81832065794529,49.20215830229801,48.24590494379988,49.473042248206795,47.53922239290696,-0.523395614004045,1.6747492905713488,-34.94926860725346,-35.4726642212575,0.7952577786772365,1.0,0.018063535307354262,3.0412665562912484,0.3288103760360539,0.03494864894947815
30,462,3072,256,15.53125,1,16,94.140625,0.039371976838442076,0.15954274140528915,0.5114528768277962,-0.18854759453997222,100.0,0.0,100.0,-4.344094114930656,-0.04344094114930656,0.0,0.13020833333333331,0.0,4.756881364554092,7.232723497946456,60.66177765679144,46.35923040650886,20.73773397603303,37.075697544893906,30.732087757066928,39.731448907272934,27.674478551527223,0.5711374914703922,1.011388033177965,-7.841645181364926,-7.270507689894534,1.1054513454278863,0.9046078817814733,0.01726932455117996,4.496128261785462,0.22241358381597615,0.04346577445983273
30,463,3328,256,15.53125,1,16,94.140625,-0.06771819582774659,0.13488992939186428,1.215382088724244,0.3265847419630836,92.1875,0.0,92.1875,-5.962514976363287,-0.05962514976363287,0.0,0.0,0.0,4.488339854756383,7.047865515235591,51.36912909585549,44.089095131463694,19.639373627584355,34.1184626868281,28.385624840836464,36.72415000611694,25.80235030452203,-1.006068970062942,1.559090817575579,-8.737426414960394,-9.743495385023337,0.42645999518625377,1.0,0.015459528429213954,12.071153783851893,0.08284212246038515,0.032982542520067264
30,464,3584,256,15.53125,1,16,94.140625,0.00985091232716244,0.010742460471968567,0.012174187371671074,-0.04705715588623389,100.0,0.0,100.0,-6.253719428232755,-0.06253719428232755,0.0,8.919270833333332,0.0,7.221042625373766,7.492821427371208,54.67955026001795,49.51455720885666,34.33484089881922,46.81537858956341,43.469400362899904,47.888452846769326,41.36786037982489,0.1435277025907146,0.1560396575981316,-13.206111957826106,-13.062584255235393,0.03144033866460808,1.0,0.01396879254130535,0.8395512645828588,1.0,0.030137149111181854
30,465,3586,2,1.5,1,2,0.0,6.426403057827541,9.075775722760255,81.66271509180194,-6.187664754061126,0.0,0.0,0.0,-5.668128086863012,-0.05668128086863011,0.0,16.666666666666664,0.0,7.486353572536804,7.4874234427005435,57.81316105773789,49.60619993696453,35.43440792092996,47.26439027212896,44.24573366867068,48.212211700105534,42.229919432300434,12.779764126420613,12.779883809471974,-12.949220273667786,-0.16945614724717276,12.23322782161486,0.08174457425153993,0.013916738432147776,73.23978368134819,0.01365378145231562,0.029568266904504217
31,466,256,256,15.53125,1,16,94.140625,-0.0029655217372690154,0.03356358382748423,0.03254889889320185,0.017228308059081494,100.0,0.0,100.0,-6.912474751347537,-0.06912474751347536,0.0,10.416666666666668,0.0,7.099592033400664,7.565844471530054,55.98332191512782,49.38159343522716,32.87952841810509,46.21508707650371,42.57753593885815,47.43173447933823,40.2864117532099,-0.0972664584258849,0.2551427008291707,-12.68161979413053,-12.778886252556415,0.1390201772143357,1.0,0.012357460325153075,0.8345000102489458,1.0,0.026778012832140163
31,467,512,256,15.53125,1,16,94.140625,0.014766977879102146,0.015188410763881133,0.02472715470508665,-0.07115798973834506,100.0,0.0,100.0,-5.577354824818032,-0.05577354824818032,0.0,16.666666666666664,0.0,7.637387097760751,7.700365767045494,61.63895017788989,49.64293706518886,35.535190913470544,47.41429808196152,44.540926018923415,48.3135107127178,42.522865225713254,0.21573139200564923,0.22238324894239067,-12.390521051574154,-12.174789659568507,0.04259373559974286,1.0,0.01112825808738552,1.3314452240196435,0.7510635675878518,0.02505852487702915
31,468,768,256,15.53125,1,16,94.140625,0.025737232158243313,0.02591323378121823,0.07166472911628737,-0.12535128524724928,100.0,0.0,100.0,-4.706729556013575,-0.04706729556013574,0.0,16.666666666666664,0.0,7.750208506454796,7.820261607981222,65.7291584589676,49.67397640797239,35.979905990186424,47.58012128814126,44.88099678109607,48.42595342595102,42.8411441594215,0.3735879533145157,0.3785887719314649,-11.791126933859923,-11.417538980545407,0.07112692969673602,1.0,0.010205923601145571,2.1835829102790627,0.4579629174109078,0.02537049855322552
31,469,1024,256,15.53125,1,16,94.140625,0.021357316646765392,0.031303398606503836,0.09079259471900279,-0.10205462631313664,100.0,0.0,100.0,-4.037195556182017,-0.040371955561820175,0.0,18.619791666666664,0.0,8.21220723652922,10.476720931701404,69.80826770657036,49.74507726693756,37.700685856172285,48.02802241950841,45.77211052335384,48.727918233513684,43.88014966245632,0.3043357698109914,0.42612813734604005,-11.763946458388176,-11.459610688577186,0.04344441958857291,1.0,0.009074678887083288,1.751518962749976,0.5709330137253826,0.027868952108476
31,470,1280,256,15.53125,1,16,94.140625,-0.08932313181908633,0.14412164850026424,1.0970303419490435,0.4455789232963123,100.0,0.0,100.0,-13.266940886469909,-0.1326694088646991,0.0,67.51302083333334,0.0,12.528960270347786,13.533091048094303,48.812758461627205,49.99124648779919,47.78706649211208,49.86700796515893,49.60863528687075,49.92804815844944,49.27922532610593,-1.3093375672548322,1.481236201251538,-25.667388332902924,-26.976725900157753,0.47973449407261715,1.0,0.011083674455813946,6.936363954095612,0.14416775224280795,0.025322782079450303
31,471,1536,256,15.53125,1,16,94.140625,-0.2565470131323849,0.3806618405554209,7.441038740422117,1.2560152456510378,100.0,0.0,100.0,-32.31208735758453,-0.3231208735758453,0.0,83.33333333333334,0.0,13.986744364180804,14.422838256003597,30.247501605376033,49.99760934181447,48.8749809970845,49.951790196785815,49.84195543901534,49.975566163754685,49.67383053975354,-3.739470667059633,3.857729575909156,-46.240990567283326,-49.980461234342954,1.285340634002143,0.778003879707994,0.007284456357205389,20.24907443565988,0.04938497328247941,0.024136148324540807
31,472,1792,256,15.53125,1,16,94.140625,-0.10590691095441607,0.16414125705730143,1.284289414990825,0.4859940635510159,100.0,0.0,100.0,-30.041197646164314,-0.3004119764616431,0.0,60.15625,0.0,12.339568565281281,14.239216698714348,29.150678189702358,49.98957839922272,47.51772216212312,49.844404380513325,49.558381370378704,49.91439395111377,49.136412905247155,-1.452297841835972,1.6026786421430999,-42.330296691485906,-43.782594533321884,0.5610843547793463,1.0,0.00684742226247007,7.499848014767311,0.1333360353477811,0.02254130910479623
31,473,2048,256,15.53125,1,16,94.140625,-0.13888010448606297,0.16397263727208952,2.479053149789652,0.6519369682158296,100.0,0.0,100.0,-23.376837545483475,-0.23376837545483475,0.0,58.463541666666664,0.0,12.073237520953727,13.961838517105399,34.10256832129068,49.9876390311205,47.24911048234571,49.81994102481481,49.499769421431736,49.90011848944359,49.007372112263354,-2.015992345980444,2.2266805562494376,-35.4027221856374,-37.41871453161785,0.6156631759856712,1.0,0.007732615720925353,10.414008457227533,0.09602450431139987,0.02312555575063836
31,474,2304,256,15.53125,1,16,94.140625,-0.3575209681777928,0.5129721917470912,13.792050949907093,1.706699966017703,100.0,0.0,100.0,-41.63778574956308,-0.4163778574956307,0.0,83.33333333333334,0.0,14.57271096786825,14.888404536345117,25.953356061440576,49.998435277827994,49.1152430747721,49.96531110924363,49.88557374549408,49.98270016010856,49.73614874691792,-5.181893403330216,5.252056920846744,-56.149620624668344,-61.33151402799855,3.7975463538437078,0.2633279246184433,0.0069315063392724275,28.522557763993536,0.03505996931531805,0.023497311455096884
31,475,2560,256,15.53125,1,16,94.140625,-0.26595685635579286,0.5306968369941792,10.644376785179501,1.2830637479184057,100.0,0.0,100.0,-48.44295767284095,-0.48442957672840953,0.0,81.90104166666666,0.0,14.639876261074502,15.060815907894323,23.277308387550345,49.9982870286793,49.1018108666386,49.96337510487403,49.88178754874366,49.98155402765646,49.723009724426504,-3.809645305044067,4.6139737288327725,-62.893338084159694,-66.70298338920375,2.754392235167323,0.36305649835643405,0.010452971056191489,21.390594407149948,0.04674951901597196,0.024209437139717307
31,476,2816,256,15.53125,1,16,94.140625,-0.037560220511202905,0.23269242962900596,2.138779565285043,0.19550754695730654,97.265625,0.0,97.265625,-25.185085321895805,-0.25185085321895806,0.0,44.07552083333333,0.0,10.63653116958066,13.008134004818684,31.053222803572126,49.63975057704542,42.199465018684194,48.15920162761384,46.83163652205652,48.65336044946311,45.256921333431634,-0.5132387537648806,2.068226083040751,-34.25258381992195,-34.76582257368683,0.7846604884257482,1.0,0.010692672063942628,2.9126868329593956,0.3433256156083089,0.0377260397223714
31,477,3072,256,15.53125,1,16,94.140625,0.005369299267914742,0.1840225327255053,0.41696836563716255,-0.05596335835315572,83.984375,0.0,83.984375,-4.6133957947783975,-0.04613395794778398,0.0,0.0,0.0,3.5957189022413965,5.745559086335721,60.58774012254126,41.85007003843184,13.471225716266236,28.14422616312077,22.36072319227778,31.198604759848862,18.061151115857488,-0.0031987700866641933,0.9132013640344199,-5.934730186286703,-5.937928956373366,1.19897592104346,0.8340451067021489,0.010456514961095746,2.004660541527026,0.49883757338699447,0.05134056937644137
31,478,3328,256,15.53125,1,16,94.140625,-0.09953784981686105,0.16920921356982113,2.6764764632464013,0.46235283999716775,69.140625,0.0,69.140625,-6.224508117102076,-0.062245081171020754,0.0,0.0,0.0,3.2416931132207547,6.512150177182647,49.96053314814609,35.15985632051727,13.326434268335468,24.57105284768916,20.449081896445787,26.698790781710784,17.25642400584261,-1.4789736860403786,2.3136449439127005,-6.48850784599973,-7.967481532040109,0.883308332127558,1.0,0.012622974964733772,14.454052052504174,0.06918475154008798,0.04210477421458466
31,479,3584,256,15.53125,1,16,94.140625,-0.00822734230734621,0.009982961833580365,0.00968711866426944,0.04010425335026174,100.0,0.0,100.0,-7.37489343567383,-0.0737489343567383,0.0,0.0,0.0,6.780102120501545,7.082626432328973,49.60612108375632,49.3170735660367,30.411600119595903,45.36361279369939,41.66555030469843,46.74379134552332,37.54525721978191,-0.11426852934507109,0.13919136944702742,-13.667873988885033,-13.782142518230103,0.07737690373600037,1.0,0.011428400503508988,0.7817441754788202,1.0,0.0396555161510031
31,480,3590,6,3.5,1,6,0.0,2.233708168282191,5.465297352726096,85.36372488597705,-1.4797403194337209,0.0,0.0,0.0,-6.69531478580605,-0.0669531478580605,0.0,16.666666666666664,0.0,7.175703278690986,7.181894000701945,53.05474469983002,49.516208971802655,32.28493591856992,46.286541351617906,43.088373160816126,47.44407370515893,39.247468574450636,13.064434398248125,13.066271456385486,-13.525092466826962,-0.46065806857883845,40.71932704960119,0.02455836263654053,0.010795582410470307,82.20841027270845,0.012164205543967075,0.03392130527792027
32,481,256,256,15.53125,1,16,94.140625,0.008721374170663189,0.017722220474035075,0.02221777239783794,-0.04056974909507862,100.0,0.0,100.0,-1.3077574015420772,-0.01307757401542077,0.0,0.0,0.0,2.926764522144028,3.335703225897887,87.71377027227734,38.78658437442954,10.561048386555985,22.764933879256674,17.586259000273913,25.803247107493764,14.4749582051403,0.15066233091617565,0.21079740225077698,-3.336721831770417,-3.186059500854242,0.0626809394712548,1.0,0.009723352206224263,0.7999025835924347,1.0,0.030209538773483192
32,482,512,256,15.53125,1,16,94.140625,0.013954150224848902,0.014147685682697496,0.021398830673918692,-0.06528176381360162,100.0,0.0,100.0,-1.032398044291397,-0.01032398044291397,0.0,0.0,0.0,3.3308410832882167,3.597526236786421,90.60187881398889,41.55761983026882,12.103471428356604,25.98483484529233,20.343697662211078,29.165362097137773,16.674568151913224,0.2030338433148876,0.20687595642760756,-3.6763487986012233,-3.473314955286336,0.04185049027267157,1.0,0.00882361284739498,1.0557519638527142,0.9471921760398524,0.028503642569674015
32,483,768,256,15.53125,1,16,94.140625,0.02163523442636769,0.021751128849798133,0.050449865910096925,-0.10150990651404318,100.0,0.0,100.0,-0.9153187641532387,-0.009153187641532386,0.0,0.0,0.0,3.844417135845094,4.1085951266303775,91.40753425225722,44.217983815911765,14.278021657532358,29.995043494211245,23.97834118138352,33.19010866353905,19.669450567940697,0.3138025613204927,0.3176471813509351,-4.205798971926824,-3.891996410606331,0.06084475955352213,1.0,0.007878687713843419,1.6431622677122948,0.6085826212357333,0.028433998733219112
32,484,1024,256,15.53125,1,16,94.140625,0.01985223750660543,0.023880864945509204,0.058802553240857924,-0.09317058395713163,100.0,0.0,100.0,-0.7957037647399228,-0.007957037647399226,0.0,1.4322916666666665,0.0,4.781909007066801,8.167535067197436,92.42936031307194,46.52962538518064,18.96209191432464,35.49000116134455,29.874042606410384,38.22926109614001,25.218008129376912,0.2842476347135746,0.3429360093103608,-5.173582280424496,-4.889334645710921,0.1379403271180161,1.0,0.007170619624844027,1.4765785689630169,0.6772413070455762,0.029644662990570836
32,485,1280,256,15.53125,1,16,94.140625,0.060250581383216865,0.06578696139321778,0.4369535040801659,-0.2794649722482515,100.0,0.0,100.0,-1.2975604569139132,-0.012975604569139132,0.0,39.38802083333333,0.0,10.61338499603395,12.220768622326903,89.35878687873225,49.96101453582469,43.995142218002414,49.415940813804085,48.656010974259026,49.64006189129171,47.35153630520723,0.8731544468537717,0.9348299354215888,-11.877270682330604,-11.004116235476832,0.34464077785670744,1.0,0.007304310811964471,4.497186286735681,0.22236125796022077,0.030815811610243635
32,486,1536,256,15.53125,1,16,94.140625,-0.06526807610250991,0.121646117337575,0.7591245978020777,0.30175374067026917,100.0,0.0,100.0,-12.383086119574205,-0.12383086119574205,0.0,68.5546875,0.0,13.157546482209549,14.168560450898932,51.63157504795736,49.99614500987319,47.9175089505937,49.89562791474245,49.7083605107026,49.94225451101997,49.289780295991164,-0.9794836012112129,1.2321725510674857,-25.483527221449897,-26.463010822661104,0.464914172423625,1.0,0.005645118076381613,5.178244953068714,0.19311562296939688,0.026266477893244548
32,487,1792,256,15.53125,1,16,94.140625,-0.0926421734394325,0.15401544983619728,1.3165558927329122,0.4056940231595953,100.0,0.0,100.0,-23.513459070480334,-0.23513459070480333,0.0,66.015625,0.0,12.911467694758452,14.37357109767076,35.48595295467068,49.994234882689724,47.4744738958281,49.85822941166188,49.62140942386678,49.91913855087799,49.09521167254522,-1.3205449536697804,1.6226865949609075,-36.38472865939771,-37.70527361306749,1.0785925235848788,0.9271341847209699,0.006416124052103347,6.904708981996274,0.14482869627198716,0.02376656608610972
32,488,2048,256,15.53125,1,16,94.140625,-0.0554526921759356,0.05660355096303054,0.33081138224831635,0.26162228189277026,100.0,0.0,100.0,-18.291601585817443,-0.1829160158581744,0.0,50.716145833333336,0.0,11.663755670005088,12.329932197149256,39.00852651172118,49.98891929220679,46.09129152143474,49.747735541020944,49.35470086428952,49.85269794387307,48.506888426633424,-0.7947890112242716,0.8134019698135927,-29.90052871261465,-30.695317723838926,0.18556650718488232,1.0,0.006050027947683639,4.069918960009945,0.2457051380692741,0.021950678922344313
32,489,2304,256,15.53125,1,16,94.140625,-0.24303549291000331,0.3279756488307898,6.846406764030162,1.1634526989053215,100.0,0.0,100.0,-28.376023999172993,-0.28376023999172995,0.0,79.62239583333334,0.0,14.336447154512996,15.181638978735839,33.59209646977035,49.99834822429142,48.62907836326346,49.9442123720586,49.8365911398936,49.96991298524084,49.56493085414732,-3.573503473598096,3.7003801869619184,-42.67803638696507,-46.25153986056317,1.633865449165228,0.612045502590754,0.011021807250237782,19.27264987874976,0.051887000816769425,0.021524371883387947
32,490,2560,256,15.53125,1,16,94.140625,-0.36424641659265566,0.5749141828445014,14.364063176656936,1.7005177659335748,100.0,0.0,100.0,-47.033553459188106,-0.47033553459188104,0.0,83.33333333333334,0.0,15.352058347714987,15.553492795804358,24.661343332556033,49.999438625619014,49.15482315782258,49.974021618744914,49.9167793612568,49.986736462256914,49.7569535296064,-5.2782925550288775,5.3598625311955415,-62.25150893320708,-67.52980148823596,5.62986447869985,0.17762416906897519,0.004593799452154936,29.496235692672823,0.03390263118382969,0.02136929592744806
32,491,2816,256,15.53125,1,16,94.140625,-0.07783730704698177,0.1563304989735857,1.2102676668774102,0.36707004422834727,100.0,0.0,100.0,-33.93391267452796,-0.3393391267452796,0.0,69.27083333333334,0.0,13.515800859369962,15.452457051796722,28.739334050941743,49.996440547677636,47.91832702685122,49.89647066693021,49.71730979004218,49.94176799257847,49.27736476111265,-1.080505889578818,1.5558069718814158,-47.0289284901752,-48.10943437975401,0.3619458952705039,1.0,0.005513357154884487,6.121667146343165,0.16335419357084113,0.023552029463985838
32,492,3072,256,15.53125,1,16,94.140625,0.02656113869332503,0.28031200000751594,1.5136256887899853,-0.15661229765504017,91.796875,0.0,91.796875,-10.809507353995993,-0.10809507353995995,0.0,5.2734375,0.0,5.436395820769975,11.386624404063232,41.72540094647624,46.684075597204625,21.085429142411105,36.308009057821195,31.611698718609954,38.501520851615645,26.70794504360933,0.3276902384066618,1.7398998182596521,-13.028984018017171,-12.70129377961051,1.6221854548139216,0.6164523279582164,0.007583639521031077,2.4802736025788263,0.4031813260280097,0.039799821161579846
32,493,3328,256,15.53125,1,16,94.140625,-0.03255722553466093,0.10643002191410936,0.8325904866367136,0.14838726342988778,65.234375,0.0,65.234375,-3.444659996264478,-0.03444659996264478,0.0,0.0,0.0,2.610685795210833,3.6400366892527605,73.65649370397635,34.82680108496302,9.235851153347731,20.293800438105503,16.07841537884982,22.57843860250583,12.45074458042421,-0.4964215817365494,1.2904189138699989,-3.544406832211041,-4.04082841394759,0.29682543956393603,1.0,0.007689881517226815,3.715588643767078,0.2691363592354353,0.03501666122799512
32,494,3584,256,15.53125,1,16,94.140625,-0.06605629565553282,0.13584433927506778,1.4822895868284025,0.316640527438491,100.0,0.0,100.0,-7.863100828893867,-0.07863100828893865,0.0,0.0,0.0,6.031060811338403,6.764737386157857,47.06273617424056,48.18271464708562,24.718303394704563,41.57827911366006,37.28560975121623,43.354811384900316,31.96926030692289,-0.8412686695239997,1.7217953344276447,-12.814938742638297,-13.656207412162296,0.4614811288002416,1.0,0.007263864328018175,9.218178047422981,0.10848130670241918,0.030987341926802133
32,495,3680,96,14.75,1,16,84.375,0.13524454217287266,1.3513794031510484,12.635247034508671,-0.41845751188510244,83.33333333333334,0.0,83.33333333333334,-6.921288953808087,-0.06921288953808087,0.0,16.666666666666664,0.0,6.963282312078429,7.090991071969173,51.80956252782951,49.561476265891265,29.181001134866364,45.4950241169488,41.974370151083214,46.824118141415944,36.853347305796255,2.016437886535208,5.026976633028777,-13.440148830320853,-11.423710943785649,7.501447877190839,0.133307598262548,0.007126422426314066,13.317225592747285,0.07509071563258729,0.02603856871662316
33,496,256,256,15.53125,1,16,94.140625,-0.008196915156567314,0.03175547640623574,0.046179831450532664,0.03578833465492859,100.0,0.0,100.0,-7.125304269025287,-0.07125304269025287,0.0,14.322916666666666,0.0,7.509179693614529,7.926282699796155,57.49459248611195,49.6857772191377,31.21182518265514,46.44069264822705,43.47088945439353,47.523531466257964,38.813710357268945,-0.16569710083769768,0.30390732617208377,-13.06067121952104,-13.226368320358738,0.11903853928504579,1.0,0.0065379152107071644,1.4431034922928438,0.6929509943955382,0.026702163075295816
33,497,512,256,15.53125,1,16,94.140625,0.0126262273666424,0.013168891078705726,0.018599551251141766,-0.05965380232133913,100.0,0.0,100.0,-5.952703728904332,-0.059527037289043315,0.0,16.666666666666664,0.0,8.035474603429867,8.100371569651138,62.12100875477216,49.81855958102166,33.68211459228754,47.490890111911035,45.12632469732601,48.308801363543935,41.047971037723485,0.18492576758527052,0.1928706885513803,-12.935196585668095,-12.750270818082823,0.024004098160374993,1.0,0.005928343000332409,1.2462988383539981,0.8023757779640652,0.022649722974874092
33,498,768,256,15.53125,1,16,94.140625,0.024726544905460418,0.024934751884096513,0.06638427129517017,-0.11548964825891073,100.0,0.0,100.0,-5.0578457296162505,-0.050578457296162505,0.0,16.666666666666664,0.0,8.185620435608346,8.2571389211398,66.03554584547425,49.84269888257344,34.26236482275807,47.70325166642114,45.50701231554128,48.4603876176371,41.51532542021083,0.3591383179707599,0.3643741793683251,-12.395779168333092,-12.036640850362332,0.03155345636663324,1.0,0.005417125477565803,2.2675363030555635,0.4410072723653748,0.021075079740169683
33,499,1024,256,15.53125,1,16,94.140625,0.01993371283437064,0.03269304812053721,0.09394845262545204,-0.09434744174500086,100.0,0.0,100.0,-4.3654335708791,-0.043654335708791,0.0,19.3359375,0.0,8.712821232897946,11.252095521167668,69.91760114346053,49.883702518841304,36.23709723034619,48.1741011446146,46.36904708153503,48.78857668757478,42.805934945157546,0.2833672553647056,0.4334707663163735,-12.461556303999235,-12.178189048634529,0.038248195741031756,1.0,0.004874268736579965,1.7736993323484178,0.5637934128756634,0.02188319755731655
33,500,1280,256,15.53125,1,16,94.140625,-0.08945793830921996,0.1461514872158712,1.1088599009627798,0.43033242868771077,100.0,0.0,100.0,-13.867623257729646,-0.13867623257729647,0.0,65.69010416666666,0.0,13.3962256162447,14.477040569863815,49.41970192323133,49.99729551393069,47.47490170300867,49.89217950675213,49.7129882418607,49.93955895385704,49.146468238420134,-1.3142232246125067,1.4892010616184637,-27.107054666283553,-28.42127789089606,0.44802192975496197,1.0,0.005190523898417405,7.034074940413252,0.1421651046471862,0.017167440750928693
33,501,1536,256,15.53125,1,16,94.140625,-0.24923948943129973,0.3731378915888626,7.050033204790343,1.1949711777090484,100.0,0.0,100.0,-32.88370775903515,-0.3288370775903514,0.0,82.87760416666666,0.0,14.96267338088192,15.392694235636876,31.313121027929682,49.99938858179182,48.71060597367911,49.962914322758614,49.890333972617306,49.980489582924626,49.61303256374483,-3.6400384258957303,3.7550055139214757,-47.78403713745426,-51.42407556334999,1.6386117636300745,0.6102726845953215,0.006223647940283081,19.77020707528832,0.05058115963033819,0.015086662319223261
33,502,1792,256,15.53125,1,16,94.140625,-0.09749551960010452,0.14959789223581435,1.0826052126740628,0.4588819279142234,100.0,0.0,100.0,-30.0597629590629,-0.30059762959062897,0.0,69.27083333333334,0.0,13.241546893503644,15.167630862384515,30.608360032602086,49.997092023886395,47.23816152458309,49.88003760670191,49.68687083710394,49.93201101120752,49.01030101482276,-1.328501580651574,1.4714654006629329,-43.261209941988355,-44.58971152263993,0.4512239807255881,1.0,0.00411719893749806,6.905863148359941,0.14480449127311304,0.014597390551486497
33,503,2048,256,15.53125,1,16,94.140625,-0.13381340025627567,0.16079675726892836,2.3776946742152756,0.6312473966508698,100.0,0.0,100.0,-23.60769686655525,-0.2360769686655525,0.0,68.09895833333334,0.0,13.019820272949545,15.01742521097788,35.58256907977811,49.99665329818683,46.997039533417826,49.864303016493004,49.651109101989384,49.922668640733,48.88560713382307,-1.9440396677280982,2.180685522589296,-36.59044473084105,-38.53448439856915,0.5686274875814912,1.0,0.003335823180126641,10.122905239353953,0.0987858699014968,0.016067494666020903
33,504,2304,256,15.53125,1,16,94.140625,-0.3480400314670777,0.5079738154570712,13.140238108628632,1.6294222934733371,100.0,0.0,100.0,-42.03536500462317,-0.4203536500462317,0.0,83.33333333333334,0.0,15.58978433160934,15.922006293334027,27.08605714491201,49.99963629967823,48.980524607668926,49.973795925412425,49.921263166083975,49.98647005167701,49.68447713217651,-5.048818916281112,5.126448694491857,-57.55649206602154,-62.605310982302655,1.2543107748475524,0.7972505857820913,0.007712618448105309,27.85869576497471,0.035895434891724115,0.01679444184101014
33,505,2560,256,15.53125,1,16,94.140625,-0.25565990273823735,0.5256449024459942,9.965799066506875,1.1964316869251004,100.0,0.0,100.0,-48.31413785728323,-0.48314137857283224,0.0,81.11979166666666,0.0,15.64037149337793,16.072429869022226,24.541892978497152,49.99959507380788,48.95897853443075,49.972050451018546,49.91751126759762,49.98543591429589,49.66640212284353,-3.6406538202541063,4.46448184373212,-63.729279184297404,-67.36993300455151,2.3397354952859617,0.4273987388808581,0.006128177168333498,20.563774877652666,0.04862920382807405,0.017859130584719208
33,506,2816,256,15.53125,1,16,94.140625,-0.03271325242358394,0.22616821926427624,2.0052927545408226,0.15348801542572543,100.0,0.0,100.0,-25.191003377483085,-0.25191003377483084,0.0,47.265625,0.0,11.592798578300137,14.015714448761399,32.88746991955471,49.88683488621027,42.24079694247179,48.68370834714216,47.71613920654822,49.04751179036279,45.36143775325455,-0.445028083912998,2.0026446287550983,-35.24989488901706,-35.694922972930065,1.2261073171265922,0.8155892930673644,0.006846359237428511,2.5382278935417353,0.39397565622235853,0.02659063155798096
33,507,3072,256,15.53125,1,16,94.140625,0.015526129820568802,0.18523501721986915,0.4149921964860916,-0.08212854823062962,97.65625,0.0,97.65625,-4.814977434586399,-0.04814977434586398,0.0,0.0,0.0,4.156241372729164,6.6090214512842,61.61996384685879,46.13258919075794,13.674166961642872,31.048379833064814,25.602866451358484,33.90531874896901,18.272611265727328,0.05511212316064176,0.9110347924048693,-6.744959122433885,-6.689846999273243,0.8157984459347688,1.0,0.00908801589210006,1.5061097859075714,0.6639622219819832,0.04400616412830057
33,508,3328,256,15.53125,1,16,94.140625,-0.08401842995549155,0.16033917426462124,2.14215205573346,0.39888091855300845,73.828125,0.0,73.828125,-6.23030276966119,-0.062303027696611904,0.0,1.8229166666666667,0.0,4.000171489733017,6.988817649313724,52.505323769658325,41.79082888975963,14.262835965663703,28.72800030308242,24.55566860009326,30.929466570029867,18.591627782952614,-1.2458891144992124,2.0698560605672367,-7.618601700813867,-8.86449081531308,0.7680248410844845,1.0,0.009029112212627147,13.68454126863415,0.07307515687734921,0.03911073293027014
33,509,3584,256,15.53125,1,16,94.140625,0.005128360057992644,0.007169104280219824,0.005346375701102646,-0.024009210701324286,100.0,0.0,100.0,-6.574388029950349,-0.06574388029950348,0.0,16.666666666666664,0.0,7.263156642833781,7.598340587911333,54.02236562699375,49.69254017532303,28.962763983957487,45.85441317529167,42.80212013655865,47.055920576430154,36.204523090740516,0.07559400651762674,0.10340576097203333,-13.444721567699261,-13.369127561181635,0.014472983787642835,1.0,0.00810663538604709,0.49191179867320495,1.0,0.034379669288038185
33,510,3585,1,1.0,1,1,0.0,13.23169806195013,13.23169806195013,87.53891680130741,-51.575901457461235,0.0,0.0,0.0,-5.976138424890471,-0.05976138424890471,0.0,16.666666666666664,0.0,7.6565309626149185,7.6565309626149185,57.347046858744186,49.78331974698607,30.73830809667629,46.678948690095794,44.053343184648206,47.668474317116946,37.95070186390582,13.23169806195013,13.23169806195013,-13.35122099918117,-0.1195229372310398,1046.9672623341055,0.0009551397030033233,0.009741631956043632,83.8149554275438,0.011931044941788203,0.030628969740401118
34,511,256,256,15.53125,1,16,94.140625,0.054406534576797685,0.0738474338246082,0.48090201092745355,-0.25073241522664724,100.0,0.0,100.0,-2.064222070105091,-0.02064222070105091,0.0,3.8411458333333335,0.0,6.554105595153881,7.819526721670049,81.45549348155065,49.44944956851114,24.58995021808851,43.65083219408082,39.71075516521459,45.2565238778557,32.23432618456924,0.85805705224284,0.9807160760663134,-8.046241346065088,-7.188184293822249,0.20812723340421188,1.0,0.008691708673888061,4.894527009084476,0.20430983384992096,0.026858570138804327
34,512,512,256,15.53125,1,16,94.140625,0.047429647114423906,0.04746201834882704,0.2393758299827204,-0.22488833250228268,100.0,0.0,100.0,-1.2652534031164993,-0.012652534031164994,0.0,5.729166666666666,0.0,6.5554331255799045,6.721563350037333,88.8897440642935,49.481885863388186,24.507693873068597,43.75350301523242,39.8313669196572,45.33002350737448,32.249585609028614,0.6856885954316052,0.6919188246936492,-7.374791315450738,-6.689102720019132,0.2109310235433496,1.0,0.007329424377684442,3.764139528123021,0.2656649660642754,0.025305787066536425
34,513,768,256,15.53125,1,16,94.140625,0.05310070950779272,0.05312696006258358,0.29987550781764816,-0.24933678070847073,100.0,0.0,100.0,-1.100406492069682,-0.011004064920696822,0.0,16.666666666666664,0.0,6.866369596282252,7.032573703376476,90.17967637046362,49.60689041831194,26.04561947590914,44.72607757252388,41.17692115337513,46.0975895000411,33.848481981632986,0.7675099350223213,0.7744359338481759,-7.614098733371792,-6.846588798349471,0.1638924793277982,1.0,0.006544865778374135,4.133720653507927,0.24191281506924942,0.02534335115392821
34,514,1024,256,15.53125,1,16,94.140625,0.047015154406912146,0.04975415131904217,0.26003598722514915,-0.22101505725380277,100.0,0.0,100.0,-0.9857265579131348,-0.009857265579131348,0.0,16.927083333333336,0.0,7.5709535609498735,10.316286199650701,91.17409238186283,49.73947579011004,29.36539706073716,46.08312441769215,43.22787068250037,47.138467364613035,36.7781296161548,0.6748908705048071,0.7211601586681687,-8.303843079940497,-7.62895220943569,0.16694923294244157,1.0,0.005417862416007867,3.569488434051484,0.28015218944552456,0.026508015380499857
34,515,1280,256,15.53125,1,16,94.140625,-0.013376696963372355,0.06774877247638564,0.19039748916011678,0.0654006283797253,100.0,0.0,100.0,-7.359110452122131,-0.0735911045212213,0.0,62.5,0.0,12.936104444621128,14.386034207792596,64.14518405164584,49.99639155245191,46.25673613783934,49.82662612057055,49.580620917555734,49.893264799415135,48.560276485634034,-0.19594867793875576,0.6170858759688425,-20.16691453282877,-20.36286321076753,0.07330286018815547,1.0,0.004621347085974565,1.0765251933922197,0.9289146284156319,0.023148865582955144
34,516,1536,256,15.53125,1,16,94.140625,-0.17906105672997097,0.27233140991761495,3.8337242955848145,0.8498136870031276,100.0,0.0,100.0,-24.674874216097333,-0.24674874216097334,0.0,75.32552083333334,0.0,15.025868296225855,15.735693709454027,37.91329040481045,49.99951905860215,48.40828796799494,49.95756523111627,49.88180889205791,49.975604339085265,49.489105758703886,-2.635073314102935,2.769015816345156,-39.63219265801147,-42.26726597211441,0.8225402149139605,1.0,0.006101065287409676,14.199722412224906,0.07042391188852215,0.02052425141607648
34,517,1792,256,15.53125,1,16,94.140625,-0.09648937579307781,0.16602280961102514,1.281867233918235,0.4428687629540292,100.0,0.0,100.0,-28.79362961719843,-0.28793629617198435,0.0,70.5078125,0.0,13.83555632115495,15.73772419544568,32.48196608487662,49.99843433252259,47.28017876553472,49.89972611574272,49.74426762959898,49.939060228329225,49.01283707038402,-1.3316040637198432,1.6011665959032715,-42.59457781897227,-43.92618188269211,0.717950011781263,1.0,0.010056029115109895,6.972044137759401,0.1434299583079474,0.01918040601801619
34,518,2048,256,15.53125,1,16,94.140625,-0.09366206190603207,0.1045160939128378,1.1148618459757802,0.4369097264438361,100.0,0.0,100.0,-21.742167033934685,-0.21742167033934687,0.0,66.66666666666666,0.0,13.117538729236268,14.763642222203378,37.67017791502193,49.997724138105724,46.58500885463856,49.861908573367,49.655451494876175,49.91491400640462,48.70545249904765,-1.354128115609854,1.4932259346634589,-34.822077981228006,-36.17620609683786,0.48293862183552166,1.0,0.011375144869221808,7.0375983952956265,0.14209392804631518,0.019267683705112122
34,519,2304,256,15.53125,1,16,94.140625,-0.3139026624046519,0.44059344044158655,10.753644728500047,1.481706156881696,100.0,0.0,100.0,-37.525754296686955,-0.37525754296686953,0.0,82.74739583333334,0.0,15.918471052216153,16.36519481507589,29.814992235448905,49.99977564942067,48.872193781007596,49.97460098401545,49.92609108993487,49.98558200404598,49.64789840060486,-4.553799692247419,4.637595223496774,-53.39082742838916,-57.94462712063658,1.4714648283200655,0.6795949048552352,0.010752970293775189,24.9879253284548,0.04001932881003362,0.019435194329984275
34,520,2560,256,15.53125,1,16,94.140625,-0.29595272033378883,0.5631397328097626,11.856743760276165,1.4141325872645716,100.0,0.0,100.0,-49.76969559975166,-0.49769695599751657,0.0,83.33333333333334,0.0,16.36604740323692,16.60940225632342,24.81728683910905,49.99984633986701,49.05476244635277,49.98040781112834,49.94162527669769,49.98898865083334,49.70975447880838,-4.236302342415434,4.869649630163584,-65.94615885829228,-70.18246120070772,1.9744855661778444,0.5064610332582845,0.004634740719406921,23.90402344450733,0.0418339616475644,0.019999253912188087
34,521,2816,256,15.53125,1,16,94.140625,-0.04075166386035696,0.16220688380263726,1.3905636453358623,0.18981451872061406,100.0,0.0,100.0,-28.220220522887885,-0.28220220522887884,0.0,56.770833333333336,0.0,13.153315215957907,15.283593209099807,32.50116973930452,49.98891167179535,45.524394556425904,49.663781724704066,49.29665955307988,49.767852732445775,47.897022315535374,-0.5911696007091285,1.667671217797958,-40.47028252048189,-41.06145212119101,0.47593562472406176,1.0,0.004254163261354142,3.3897449862253546,0.2950074427615124,0.024816146588992147
34,522,3072,256,15.53125,1,16,94.140625,0.022344760697544076,0.23713702690582805,0.7949424264675052,-0.10636016579431432,100.0,0.0,100.0,-6.825067716688102,-0.06825067716688102,0.0,2.018229166666667,0.0,4.807867359774374,9.070761316932845,53.63560271279587,47.584671586476475,15.766581045523449,34.16681962216326,29.11064347418823,36.33295243474854,20.992976250248425,0.2115244168566079,1.260906361683932,-8.963947670205556,-8.752423253348947,0.9401382315030875,1.0,0.006297441092116466,1.0278022179594246,0.9729498365798213,0.043105928728424406
34,523,3328,256,15.53125,1,16,94.140625,-0.08562004064363009,0.16991410709196433,2.557638886598591,0.4207483868545122,68.75,0.0,68.75,-5.218292825502852,-0.05218292825502852,0.0,0.0,0.0,3.188950640292227,6.149625582626374,58.544989602776425,38.74153787301351,10.299044841962445,23.519120009754467,19.508279862797735,25.42230143043911,13.774267322790864,-1.2874639238376484,2.2616979845233938,-5.447008637167808,-6.734472561005456,0.8398201923916867,1.0,0.007322959438614173,12.99832524196597,0.07693298801075023,0.03239759909446425
34,524,3584,256,15.53125,1,16,94.140625,-0.011175111994709525,0.017197897006448432,0.02188086436980578,0.051864171635334674,100.0,0.0,100.0,-7.307763512484075,-0.07307763512484075,0.0,15.950520833333334,0.0,6.873705170715679,7.243097399889295,50.66833809720921,49.640159982329706,25.353379814285137,44.50270352753289,40.90072609422603,45.84119574383437,33.01404470954357,-0.1422654836923302,0.20919304180495957,-13.566075835225153,-13.708341318917483,0.03550253082847545,1.0,0.006579887212172239,1.120879046043054,0.8921569223104105,0.031063145718052174
34,525,3623,39,12.923076923076923,1,16,61.53846153846154,0.34735879080646676,2.140619510939271,31.870514613218972,-0.795923928430364,58.97435897435898,0.0,58.97435897435898,-6.562008718116936,-0.06562008718116938,0.0,16.666666666666664,0.0,7.3643382794692815,7.420379579929826,54.49652216443197,49.76542711265508,27.46090700811608,45.77094386791192,42.69027412561317,46.87961327032919,35.36532023295866,5.150005075750842,7.983797919939979,-13.513409639699422,-8.363404563948581,10.202284568879097,0.09801726204054195,0.007741283505577994,35.43211188852771,0.02822298606264512,0.02684661231378753
35,526,256,256,15.53125,1,16,94.140625,-0.012036308813265853,0.04913427119632025,0.0879075031554087,0.06218400107146617,100.0,0.0,100.0,-8.365368137156661,-0.08365368137156663,0.0,14.973958333333334,0.0,8.057811460281705,8.678379758093493,55.80999142108381,49.82193433679176,29.89575156723055,46.68161925102358,44.16927625599483,47.55558410692801,37.81834921088602,-0.24977522969402186,0.4193030005983947,-14.43793710607459,-14.687712335768612,0.1618675627410197,1.0,0.007399515508251982,2.4365732183198814,0.4104124565111742,0.02677512096748765
35,527,512,256,15.53125,1,16,94.140625,0.011302047208143297,0.012032672596412858,0.01553984108190534,-0.053212398708003414,100.0,0.0,100.0,-6.726506095294831,-0.06726506095294832,0.0,16.666666666666664,0.0,8.792322452709843,8.853839103776648,61.40149416528701,49.92707241952016,33.14932842673639,48.02659475344462,46.218117751526506,48.60842985483957,40.970812714065346,0.16613087000907564,0.1762943055342704,-14.319394946712116,-14.153264076703042,0.04278034846205877,1.0,0.006573737134930423,1.197315138858528,0.8352020011651734,0.022462412806040725
35,528,768,256,15.53125,1,16,94.140625,0.024595222658978573,0.024845386302941638,0.06595074227625763,-0.11487579813402793,100.0,0.0,100.0,-5.733566597129469,-0.05733566597129469,0.0,16.666666666666664,0.0,8.939931356423,9.008530207569072,65.23913409003279,49.93634758228713,33.61415765996994,48.184320796921725,46.50379895533236,48.724934019050934,41.42825401188103,0.3574645751209914,0.36318243976342696,-13.703326203081591,-13.345861627960598,0.1456972603900729,1.0,0.005955668543075777,2.403082740414412,0.4161321552447045,0.02071351122800772
35,529,1024,256,15.53125,1,16,94.140625,0.02022465527513307,0.03311605059978026,0.09679508965207509,-0.09245910092170784,100.0,0.0,100.0,-4.955822523364347,-0.04955822523364346,0.0,20.8984375,0.0,9.485669713747104,12.07266687598478,69.08209755159193,49.952790360395355,35.51279439066154,48.55094050026446,47.17326329011394,48.990684842145214,42.70201876115745,0.2874793980178834,0.4399888399768228,-13.731009986578666,-13.443530588560783,0.06966691022296634,1.0,0.005484234334812865,1.9172458312598895,0.5215815226693516,0.021767177411381494
35,530,1280,256,15.53125,1,16,94.140625,-0.09086349784896085,0.14853090277404704,1.119733991691836,0.43202036193205423,100.0,0.0,100.0,-14.800437927347906,-0.14800437927347904,0.0,66.66666666666666,0.0,14.488377927245999,15.595373352076788,49.75448219113425,49.999173625468146,47.240225311578314,49.92215111867402,49.80071252831822,49.953060024386744,49.13402705241854,-1.3283106263403877,1.4964852098780235,-29.119744170159773,-30.448054796500163,0.32689439231585216,1.0,0.005044308158465,7.175961079089917,0.13935415604662446,0.019135045213795637
35,531,1536,256,15.53125,1,16,94.140625,-0.24942892380822143,0.3862590287054189,6.936800980868248,1.1809600032091132,100.0,0.0,100.0,-33.82708747791763,-0.3382708747791764,0.0,82.48697916666666,0.0,16.102430595044066,16.533357472221223,32.2903449993556,49.99982889911368,48.536997941220235,49.97330539240663,49.92460166004834,49.98472474371884,49.5981491658415,-3.6486679774189668,3.7247284413412607,-49.86763255507309,-53.51630053249205,0.8008810701428672,1.0,0.008067956683137702,19.90155461212788,0.05024733089899451,0.017976762615700897
35,532,1792,256,15.53125,1,16,94.140625,-0.08163169328407682,0.10908600404914164,0.8719048588588942,0.3741818411528876,100.0,0.0,100.0,-30.111480109258288,-0.3011148010925828,0.0,69.01041666666666,0.0,14.248887869108792,16.284084713550534,32.14413486185254,49.99906708891337,46.886295364923,49.91008792145355,49.77452287239798,49.94507324547431,48.97412859771671,-1.169253244343968,1.3205338760205239,-44.32811127238904,-45.497364516733,0.4365204977132515,1.0,0.008041405880030909,6.127405237198526,0.16320121834429283,0.017061534267234783
35,533,2048,256,15.53125,1,16,94.140625,-0.12846753775003353,0.1574019216283849,2.286072472809783,0.6030919241607631,100.0,0.0,100.0,-23.858476691913918,-0.23858476691913919,0.0,68.22916666666666,0.0,14.087311112787212,16.306406425819436,37.153774875541906,49.998941860153586,46.677289856682364,49.90050294829219,49.75382362092391,49.93898599925855,48.873435664300715,-1.8683820038707366,2.138257455410729,-37.916231015494475,-39.78461301936521,0.8932757241506878,1.0,0.006364255190845577,9.815002210199188,0.10188484715376399,0.018261980114499417
35,534,2304,256,15.53125,1,16,94.140625,-0.33803167365105674,0.5002149737751165,12.462976532069256,1.565078022829619,100.0,0.0,100.0,-42.517903760008345,-0.4251790376000835,0.0,83.33333333333334,0.0,16.746164895084142,17.068841875505193,28.29070767184129,49.99989807428777,48.815863245215695,49.9809730440702,49.94555582004836,49.98927764342244,49.67097529628049,-4.903362764831032,4.992589815330167,-59.19316366819687,-64.09652643302792,2.1951956071127676,0.4555402701972653,0.010141268310081374,27.138207186406646,0.03684841791984304,0.018915447626728053
35,535,2560,256,15.53125,1,16,94.140625,-0.24390527199554712,0.5203277024325875,9.27870682302425,1.162063224804766,100.0,0.0,100.0,-48.33668668735939,-0.48336686687359387,0.0,80.79427083333334,0.0,16.75942057919811,17.245076846417742,25.84006714979719,49.99987898262747,48.76974261812836,49.97905020322649,49.94124872473945,49.988074367550105,49.6461433467077,-3.4418421000047,4.307831664079795,-64.85827022833278,-68.30011232833749,1.636717877517603,0.61097884597967,0.008613469514068403,19.51366286599138,0.0512461451685122,0.01964203515236703
35,536,2816,256,15.53125,1,16,94.140625,-0.013668873461197335,0.24627581254841294,1.914831991854568,0.06104230285041262,100.0,0.0,100.0,-25.05545778683427,-0.2505545778683428,0.0,48.11197916666667,0.0,12.348249879347122,15.091918055142303,34.566194369841526,49.92932991682438,41.057854965510785,48.67705766759491,47.800964073153054,48.98415393857966,44.802798755776465,-0.16377819120820303,1.9569527290430742,-35.72348678951126,-35.887264980719465,0.9061840257185801,1.0,0.010598804869927776,3.3699922406099594,0.29673658827742666,0.02883899112346342
35,537,3072,256,15.53125,1,16,94.140625,0.004205815282304317,0.1734722587345525,0.39390432310090784,-0.025999723362584076,95.703125,0.0,95.703125,-4.876890491468981,-0.0487689049146898,0.0,0.0,0.0,4.109932135028605,5.855127403186468,62.531206251051884,46.8134544272017,11.205367163979503,29.451426773435614,24.412883283903135,31.881157527542896,15.713432491596752,-0.018439813581073605,0.8875858528625925,-6.572609711905995,-6.591049525487068,0.6540559029568087,1.0,0.013058322858984261,2.519828359367847,0.3968524269846981,0.032684656330011046
35,538,3328,256,15.53125,1,16,94.140625,-0.10829335172854411,0.18273315086473835,3.178790611370383,0.480907310077244,60.546875,0.0,60.546875,-6.524192053350681,-0.06524192053350683,0.0,1.6927083333333333,0.0,3.150877291292211,6.799176140098825,51.213044507055294,35.71631637654191,9.715059715066538,22.224820434677877,19.055588747596005,23.828848837497027,13.135937417910357,-1.606362805663675,2.5214244431949107,-6.152489705739198,-7.758852511402873,1.4445853113571807,0.6922401827971689,0.015462582466063057,14.387884098096976,0.06950292295809261,0.027065053866151396
35,539,3584,256,15.53125,1,16,94.140625,-0.009900235674819298,0.011904877322090113,0.01374691374592419,0.04559827132509896,100.0,0.0,100.0,-7.675736029992855,-0.07675736029992855,0.0,16.666666666666664,0.0,7.136801033888006,7.528901710331229,50.27522628526168,49.72071699902993,24.131089950155882,44.73257805374696,41.50620866279189,46.030131845296104,32.058116006022345,-0.13758633744079202,0.16581262766100893,-14.195462778016733,-14.333049115457523,0.01696113357331211,1.0,0.013915831116911683,1.0920606315323789,0.9157000729866075,0.027993454820886388
35,540,3589,5,3.0,1,5,0.0,2.8152235034746984,6.289350675462319,95.1180276961043,-1.584782791322561,0.0,0.0,0.0,-6.984690370984512,-0.06984690370984512,0.0,16.666666666666664,0.0,7.639004304553882,7.645407505637718,53.778325917466645,49.817694977601505,26.31573508341814,45.96291126683293,43.24741861502652,47.02450083612317,34.3890431219869,13.79127950547532,13.792608723233203,-14.204615287350943,-0.4133357818756262,47.21532397222666,0.021179564511475707,0.010057665671799524,97.96978710905266,0.010207228468169217,0.021786800465762157
36,541,256,256,15.53125,1,16,94.140625,0.05369098548984874,0.061543813040064475,0.38469983954976306,-0.26031034804924635,100.0,0.0,100.0,-0.4379598223515959,-0.004379598223515959,0.0,0.0,0.0,5.235428148428993,6.176199471150569,94.54543351581339,48.657450179575186,14.969632282619846,36.40553782096775,31.44197260632342,38.81636651433051,21.25298471066733,0.8195073463349156,0.8771543074622197,-5.5374733117632085,-4.717965965428293,0.09132300146534728,1.0,0.009246744368844675,4.452468290809147,0.2245945248086809,0.017889881863048376
36,542,512,256,15.53125,1,16,94.140625,0.05140649642877883,0.05142799543564767,0.28093490878867455,-0.24498943084303923,100.0,0.0,100.0,-0.09461088750197844,-0.0009461088750197844,0.0,0.0,0.0,5.47805645295537,5.724062117009768,99.22622260856157,48.91949819420255,15.843695429965026,37.7859956686635,32.96437055847951,40.09211922776775,22.467957356520344,0.7428996446187008,0.7495797606508257,-5.520774961439179,-4.777875316820479,0.21151311969336017,1.0,0.008444864647559471,3.904195176050452,0.25613473581810436,0.017092451432770245
36,543,768,256,15.53125,1,16,94.140625,0.05639253667610655,0.05641190537680907,0.33799214571968683,-0.2680332784599456,100.0,0.0,100.0,-0.08444287997683207,-0.0008444287997683207,0.0,0.0,0.0,5.954405365833387,6.196730443662927,99.29223997447747,49.27207259272667,17.784217188387153,40.174910003029055,35.72546292272655,42.21462499325931,25.019387487972843,0.8148720276095822,0.8221826387362929,-5.996848663464471,-5.1819766358548875,0.266740026366993,1.0,0.007137471451990003,4.279502870066359,0.23367200124917634,0.018272747824664027
36,544,1024,256,15.53125,1,16,94.140625,0.05011082281975479,0.05244064049163494,0.28973082109489784,-0.23926722948711746,100.0,0.0,100.0,-0.0863206951961807,-0.000863206951961807,0.0,5.403645833333334,0.0,6.885468636225328,10.369040975138578,99.20738369639082,49.56519428170088,21.9508785717599,43.07115953797627,39.48265472941577,44.63896635229557,29.61841952122941,0.719567179071138,0.7612237793118366,-6.940480012351966,-6.220912833280828,0.19442171216607843,1.0,0.006332744170317226,3.763750128131022,0.265692451931333,0.02054915520217764
36,545,1280,256,15.53125,1,16,94.140625,0.032933081617257005,0.05723632869366703,0.2228551533921367,-0.14987946035465005,100.0,0.0,100.0,-4.280778089784707,-0.042807780897847064,0.0,60.091145833333336,0.0,13.307027950337012,14.882153652348562,76.0774278929241,49.99722274713319,44.647637766823465,49.79404107317001,49.544519666248384,49.869851607361966,47.91396552775717,0.4784990697830389,0.66761538836689,-17.491427245760878,-17.01292817597784,0.3163936798483036,1.0,0.006126469152500554,2.5669017151406948,0.38957471339925803,0.023152126832820103
36,546,1536,256,15.53125,1,16,94.140625,-0.11830086184304986,0.19284452221712944,1.8384860305210466,0.5582569686833527,100.0,0.0,100.0,-19.562716822133524,-0.19562716822133525,0.0,68.81510416666666,0.0,15.804507457978552,16.686361919527226,44.77729102796963,49.99975890637856,47.834126035722605,49.960180367280486,49.89732517603846,49.976799576464764,49.341935655743605,-1.7366304609254235,1.917543235768647,-35.295809762378084,-37.0324402233035,0.6816416663506067,1.0,0.007480222287313367,9.357101692573382,0.10687069916037012,0.018607830387682427
36,547,1792,256,15.53125,1,16,94.140625,-0.0854277484373609,0.16697345588617707,1.1705915310702402,0.39767964193577215,100.0,0.0,100.0,-27.077514772647845,-0.2707751477264784,0.0,69.66145833333334,0.0,14.865105828139619,16.739459125322934,35.46440423369468,49.99933091668263,46.71138510184271,49.919641381841544,49.80666707442504,49.95111620941343,48.9031159857511,-1.1682764768820704,1.5300925011712463,-41.91556618344741,-43.08384266032949,0.39844305949881953,1.0,0.005788428298295766,6.170589290860643,0.1620590761859837,0.01597403657728454
36,548,2048,256,15.53125,1,16,94.140625,-0.06342125719168956,0.06800701044822219,0.4684744384077133,0.2981902776799325,100.0,0.0,100.0,-20.40757226107123,-0.2040757226107123,0.0,66.66666666666666,0.0,13.80912434766315,14.854052195551523,40.395602560350504,49.998855058631456,45.49891305448431,49.87504149373267,49.70737983004878,49.92306496287934,48.424381056377385,-0.9131385542664905,0.9679611959244165,-34.18472178260616,-35.09786033687266,0.3158323806508107,1.0,0.005562925985026244,4.784505807195723,0.209008002142256,0.014614033462468694
36,549,2304,256,15.53125,1,16,94.140625,-0.2770463695985541,0.39187409557494823,8.415351646877502,1.2958299849745925,100.0,0.0,100.0,-34.03576303061406,-0.34035763030614063,0.0,80.20833333333334,0.0,16.848731229115607,17.416076647894318,33.14164969312967,49.99989629426538,48.44813301749254,49.977827997721214,49.94030835905511,49.987460448152845,49.56800217010156,-4.017800679538383,4.1025240150125875,-50.83854118646478,-54.85634186600316,1.5088940482385191,0.6627370564337494,0.007901303689630818,22.01258902021818,0.045428549957550086,0.014620931859866432
36,550,2560,256,15.53125,1,16,94.140625,-0.3153196438912451,0.5660499224437795,11.855922300445418,1.4700430961082556,100.0,0.0,100.0,-49.29768281852469,-0.4929768281852469,0.0,83.33333333333334,0.0,17.520144686344278,17.71119478028138,26.296449707382585,49.99994591493059,48.79237725059909,49.985546119788154,49.95952773651759,49.99202330458408,49.68151829920791,-4.558604231682935,4.869480937522072,-66.62551363892135,-71.1841178706043,3.777490988851231,0.2647259789504115,0.008585428320121815,25.7908854739546,0.03877338763765472,0.015395346843891324
36,551,2816,256,15.53125,1,16,94.140625,-0.02383106845513612,0.15629343016282982,1.1205211410357336,0.11029141584745451,100.0,0.0,100.0,-29.92255735957037,-0.2992255735957037,0.0,62.5,0.0,14.655759201910275,17.15324658871661,33.43680424754685,49.99813474715698,45.90693494339334,49.8586604034874,49.690441076053474,49.908760445933396,48.48113436908936,-0.38508225748637215,1.4970111162150626,-43.831219913863386,-44.21630217134976,0.416199142993385,1.0,0.008428448836651463,2.3813623491980254,0.4199276940515883,0.022119226751477754
36,552,3072,256,15.53125,1,16,94.140625,0.011777352726847025,0.26252367160755274,1.0107162986082223,-0.04775979159437915,85.9375,0.0,85.9375,-8.528608383157726,-0.08528608383157726,0.0,2.734375,0.0,4.942483167498584,9.833884138001817,50.2327102321255,47.744453014951105,13.46987060179191,33.02594067174131,28.5748297308605,35.195193811771816,19.019496606732396,0.043706640010492306,1.4217709369713691,-9.839172811220728,-9.795466171210236,0.9737561863891051,1.0,0.009048584537076463,1.5489014403068053,0.6456188715286627,0.04246117863113888
36,553,3328,256,15.53125,1,16,94.140625,-0.08562796821063161,0.1824141619759327,3.0233183014952822,0.39257628622088836,58.203125,0.0,58.203125,-4.663758347427325,-0.04663758347427325,0.0,0.0,0.0,2.4266562509593266,4.619060471171268,67.72861238507033,33.608619831544225,6.455387108637776,17.651811114874157,14.606081161962486,19.336739884275005,9.030387859400058,-1.290352418853009,2.4589909725313275,-3.5829115133240843,-4.873263932177094,0.9795207651599157,1.0,0.009295242516561449,10.290860797817228,0.09717360089178427,0.036132783004424136
36,554,3584,256,15.53125,1,16,94.140625,-0.036124827411505515,0.05828341176255276,0.19717957660799415,0.1659925968453463,100.0,0.0,100.0,-8.32908276481318,-0.08329082764813178,0.0,14.453125,0.0,6.762989061176581,7.26856580362408,47.588705988792896,49.62318809561597,20.42109940643804,43.23536511423886,39.69982465445993,44.79249004591301,28.761595320890088,-0.4416466958274694,0.627980217217062,-14.211332123149681,-14.65297881897715,0.2508146792476392,1.0,0.007958194814491795,4.263510050581074,0.23454852648083005,0.03513863852847699
36,555,3651,67,14.208955223880597,1,16,77.61194029850746,0.20835696800322984,1.7381847088760232,20.851729589466586,-0.6991132746626653,76.11940298507463,0.0,76.11940298507463,-7.432862824708495,-0.07432862824708494,0.0,16.666666666666664,0.0,7.474942878381935,7.587043228305454,51.92356139604708,49.80843346795672,23.301386211944166,45.41400454923987,42.58874947506854,46.58632378305085,32.26451227875935,3.106127558989356,6.457821550564336,-14.39605196062495,-11.289924401635595,4.444468205212239,0.22499879711756124,0.007837952644135093,23.141684254718502,0.043212066545938795,0.02945033520922079
37,556,256,256,15.53125,1,16,94.140625,-0.010667610720877484,0.0829902986995787,0.6394220260832022,0.04392823705733813,78.515625,0.0,78.515625,-2.925763494093271,-0.029257634940932715,0.0,0.0,0.0,3.608582197383134,4.712206321900634,85.62034666545883,42.78993070456394,8.918184834330972,25.254496872689884,21.18538782597373,27.59658607395296,13.111973076963988,-0.08702793763673716,1.1308598729137065,-4.214631612603499,-4.301659550240236,0.2617370147516102,1.0,0.007639513543703743,3.595282507148249,0.27814225947801596,0.031531723045961524
37,557,512,256,15.53125,1,16,94.140625,0.0479881863286223,0.04801695729309509,0.24503691587740517,-0.22810162567603004,100.0,0.0,100.0,-0.01722272650906668,-0.00017222726509066676,0.0,0.0,0.0,5.042363137815719,5.316257930149384,99.86958701986035,48.59897741844988,12.682698970729039,35.25215735168657,30.34935749849171,37.54831972008695,19.04764465640784,0.6937614999062869,0.7000527349813086,-5.048947620873791,-4.355186120967504,0.14308860744889368,1.0,0.007122335380896604,3.693929704196262,0.27071440987737566,0.02707594681189485
37,558,768,256,15.53125,1,16,94.140625,0.053710136936456196,0.053733389618885144,0.3067136180698967,-0.2538676575702374,100.0,0.0,100.0,-0.01556417887957978,-0.0001556417887957978,0.0,0.0,0.0,5.604014518281326,5.871796197512176,99.87796319535931,49.12684992526137,14.582735022659408,38.59884707358032,33.96855845756459,40.47911580130258,21.89385739318599,0.776231029878527,0.7832159575364852,-5.6108618347772925,-4.834630804898766,0.07603983888510418,1.0,0.006481875036277819,4.134750021044662,0.24185258961492084,0.02447352789762173
37,559,1024,256,15.53125,1,16,94.140625,0.04815563670409166,0.05054188226430138,0.268989344047832,-0.2267559272746796,100.0,0.0,100.0,-0.021404972075028686,-0.00021404972075028688,0.0,5.013020833333334,0.0,6.613637361982803,10.205044979133131,99.7879464701454,49.51190347343794,18.649258155064565,42.284034443933365,38.52244593629415,43.61410915044913,26.942622649552995,0.6914567478948022,0.7334703048492583,-6.627691616002412,-5.93623486810761,0.12049201039589005,1.0,0.006021048814074594,3.6704062643406905,0.272449404229542,0.023708696902717253
37,560,1280,256,15.53125,1,16,94.140625,0.041482591948107134,0.057575317056363234,0.26975031351280376,-0.19354697687567052,100.0,0.0,100.0,-3.718612835222551,-0.037186128352225505,0.0,60.15625,0.0,13.325496396790044,15.044363598576298,78.62480715600864,49.997417407793066,43.00688657698994,49.79787357355565,49.553216277195006,49.85567247162772,47.49496035782905,0.6031745927709065,0.7345070639725717,-16.9482086873032,-16.345034094532295,0.3549556760929226,1.0,0.006403594847373128,3.264194578678771,0.3063542861482125,0.026791993323397618
37,561,1536,256,15.53125,1,16,94.140625,-0.1062458365131151,0.1808041763227586,1.5149624373845763,0.5094618113571099,100.0,0.0,100.0,-18.459638210552466,-0.18459638210552465,0.0,66.92708333333334,0.0,16.037737933446234,17.008815227963606,46.591774133745034,49.999828174782095,47.1543785718231,49.96746602137412,49.91414671287428,49.977697713805355,49.25697531909851,-1.5495805228391804,1.74066793926043,-34.421822803760925,-35.971403326600104,0.5394180976457776,1.0,0.004201347443431282,8.35378123607682,0.11970627093768968,0.020893411169565668
37,562,1792,256,15.53125,1,16,94.140625,-0.07759026289017854,0.1575447234618233,1.0659583090653957,0.3674457959200347,100.0,0.0,100.0,-26.462204313274043,-0.2646220431327404,0.0,67.96875,0.0,15.223281146864485,17.066570942336547,36.5399307987613,49.999575143430306,45.95769927813072,49.940452976198166,49.851383634841035,49.956993273083256,48.844854566476485,-1.073987411350017,1.460108426840552,-41.66204153670853,-42.73602894805855,0.8547436185561926,1.0,0.008128386269563205,5.688384631364931,0.1757968324585761,0.017607485240717587
37,563,2048,256,15.53125,1,16,94.140625,-0.054004411949893444,0.05832919747946832,0.34167797532677796,0.2660053662477486,100.0,0.0,100.0,-19.923176790160895,-0.19923176790160896,0.0,66.66666666666666,0.0,14.11233778523982,15.109095372812192,41.497478867015,49.99925725260694,44.454435759492426,49.9069893229582,49.772943867328614,49.931032809392,48.32253502778657,-0.7767219327912863,0.8266534646715974,-34.00769919171466,-34.78442112450595,0.1759564057979249,1.0,0.007870868369040558,4.085056200720661,0.2447946737730526,0.016421689527659485
37,564,2304,256,15.53125,1,16,94.140625,-0.26505222349084523,0.37834205797317005,7.734967598685535,1.2667376251769424,100.0,0.0,100.0,-33.008494111042936,-0.3300849411104293,0.0,79.296875,0.0,17.163096980966596,17.79588356388601,34.239591965208696,49.99993112617119,47.934671477764496,49.983655338111326,49.95391627885976,49.9883521150484,49.51990787919348,-3.861575947018977,3.933183849932656,-50.12646470321914,-53.98804065023812,0.6531526893412095,1.0,0.005988284165416183,21.13341363235384,0.04731843219445944,0.015313533354712394
37,565,2560,256,15.53125,1,16,94.140625,-0.32013569875395587,0.5572458032065611,11.879018372004541,1.5720141423515068,100.0,0.0,100.0,-49.03746786751123,-0.49037467867511236,0.0,83.33333333333334,0.0,17.92528799467049,18.121063793534105,26.849446234792737,49.99996853484561,48.42156413079125,49.990314966866414,49.971167996043505,49.99310713328414,49.6595264884823,-4.647970571467441,4.874221655198816,-66.76222607318465,-71.4101966446521,2.7269702643717175,0.366707335633671,0.009607605032408779,26.340026171264572,0.03796503441180865,0.015222265198145086
37,566,2816,256,15.53125,1,16,94.140625,-0.024545018873388752,0.12211578145799849,1.014331622020038,0.11974101866608261,100.0,0.0,100.0,-30.66319633371115,-0.3066319633371115,0.0,66.66666666666666,0.0,15.27133101135484,17.570946475916227,33.757159534305686,49.999197901164344,45.52926387897693,49.92231385256876,49.81498512889537,49.93842912714349,48.64043496844928,-0.3967403631115937,1.4243114982475134,-45.23879148017582,-45.63553184328742,0.4185957904811544,1.0,0.00799066994854753,2.2915906635445666,0.43637810884306394,0.020130767679940632
37,567,3072,256,15.53125,1,16,94.140625,0.026355539303838105,0.26238850852545087,1.0949348183710317,-0.1052239642169067,100.0,0.0,100.0,-9.093539425013567,-0.09093539425013566,0.0,5.2734375,0.0,5.702855439364978,11.719544583890873,49.221493760202804,48.763323397492584,14.566038462359584,37.733355521724825,33.410564172321244,38.43446261553315,21.56726768667974,0.29223290875411245,1.4798208123763037,-11.586108026603458,-11.293875117849348,1.514062809121663,0.6604745813551284,0.01088384762916437,2.618320625651903,0.38192419606786027,0.026606193586838287
37,568,3328,256,15.53125,1,16,94.140625,-0.0700129154544321,0.17482253782103582,2.5113501220850303,0.3400121469966526,68.359375,0.0,68.359375,-4.582998008638165,-0.04582998008638165,0.0,0.0,0.0,3.1919594299104683,5.0868058903024895,66.45542454031707,39.7867517227739,7.453417278598186,24.134859737535876,20.181362938191263,24.831784229046328,11.332426765838111,-1.056734593407435,2.2411381582066867,-4.803158586360359,-5.859893179767793,0.7015969263289826,1.0,0.009917441451681568,10.38958371301377,0.09625024713429291,0.02024612140377195
37,569,3584,256,15.53125,1,16,94.140625,-0.01801464291169322,0.04283366678638183,0.10456223310584746,0.08705867687344503,100.0,0.0,100.0,-7.35580873207191,-0.07355808732071911,0.0,15.755208333333334,0.0,7.209736102021246,7.721255731220178,51.725427769219564,49.76613272419519,19.828366596024317,45.200885495461606,42.1365944548084,45.79908495675394,29.731853260738255,-0.1964998177095186,0.4573012860376569,-13.938475548599659,-14.134975366309178,0.2342341590505887,1.0,0.008963456851133016,1.8900884456127174,0.5290757701425057,0.02115431550072958
37,570,3653,69,14.26086956521739,1,16,78.26086956521739,0.21266070044594887,1.6806425717600493,19.803296516660456,-0.5625585436626477,76.81159420289855,0.0,76.81159420289855,-6.546190490834709,-0.06546190490834711,0.0,16.666666666666664,0.0,7.917388136646736,8.03159285295546,56.13710831394178,49.880409382809184,22.48221800393971,46.816519254045474,44.449012729660275,47.26249894850657,33.06080042921521,3.146875668260621,6.293376918103739,-14.103662219951635,-10.956786551691014,8.47021367021359,0.11806077614270896,0.010913226812931729,22.242724233401443,0.04495852169485249,0.0156585437191868
38,571,256,256,15.53125,1,16,94.140625,0.051081705168183875,0.12246177600559632,0.9463060887531518,-0.2477424517911576,100.0,0.0,100.0,-1.5195602253763127,-0.015195602253763128,0.0,0.7161458333333333,0.0,4.084969864926364,6.487028614716657,78.8188430253336,46.87154084462452,8.84598652621743,29.765209243443344,24.7234636173358,30.901357270309063,13.975845217752513,0.9041549363682011,1.3757224202237541,-5.182732590496655,-4.278577654128453,0.4389671902756896,1.0,0.009559036835780894,6.250186238364594,0.1599952324399308,0.017613585061342717
38,572,512,256,15.53125,1,16,94.140625,0.0369792173205646,0.03702512361782697,0.14576882555216164,-0.17068733838472233,100.0,0.0,100.0,-0.11321612574947032,-0.0011321612574947033,0.0,0.0,0.0,4.133814384902113,4.444224531357371,99.23889027359272,47.287064532347294,8.74154738453091,30.364524622245963,25.070097704456927,31.61777809813043,13.938391809114018,0.5349221586484126,0.5399422664547787,-4.165518551754818,-3.6305963931064062,0.10388057368506386,1.0,0.008841126778883967,2.915563601858431,0.3429868583084871,0.018282137595051925
38,573,768,256,15.53125,1,16,94.140625,0.043050845745546594,0.04309109811725181,0.1974020006121236,-0.2006626544470939,100.0,0.0,100.0,-0.10343369207806441,-0.0010343369207806443,0.0,0.0,0.0,4.718118981732312,5.02554878565848,99.27973837702206,48.31225256097056,10.174636219181963,34.26729940123505,28.885889597672772,35.53722503801347,16.46410496645734,0.6225938375116622,0.6283343068974089,-4.752348322892342,-4.129754485380681,0.1520216223523623,1.0,0.008345279268144622,3.41000647742221,0.2932545749168045,0.020362082631725016
38,574,1024,256,15.53125,1,16,94.140625,0.037846241465369815,0.040893213736307145,0.17532660545563072,-0.18004900899591827,100.0,0.0,100.0,-0.09316629367605023,-0.0009316629367605023,0.0,3.7109375,0.0,5.795868406272087,9.710373804374207,99.33881140180594,49.064984800084375,13.701393934819937,39.075541776041305,34.40073165543474,40.15768136236855,21.67902189122848,0.5428148294741099,0.5921597849493508,-5.834445091988205,-5.291630262514095,0.1595852502317222,1.0,0.007496186045540321,2.9672971589907866,0.33700702909718416,0.023083531627500396
38,575,1280,256,15.53125,1,16,94.140625,0.056738259054528936,0.06580586069389723,0.40882527800154256,-0.2655135582344612,100.0,0.0,100.0,-2.4797742687092774,-0.024797742687092773,0.0,56.25,0.0,12.974310437762956,14.908801763398655,84.38509138367515,49.99628109644247,39.85002907246967,49.744707734537414,49.41730694268989,49.8017987636275,46.555811447175714,0.8265704902819457,0.904240319828244,-15.375121629924456,-14.54855113964251,0.11966470120234317,1.0,0.007072152228875593,4.5270395533155465,0.22089491117160942,0.026484795867018723
38,576,1536,256,15.53125,1,16,94.140625,-0.07600372412895481,0.14991025557209378,0.8920711248737873,0.33472722436861946,100.0,0.0,100.0,-15.691546675099175,-0.15691546675099174,0.0,66.66666666666666,0.0,16.03401708662731,17.050661873012167,50.66784675987021,49.999821251540865,45.86181787055916,49.966180052052245,49.90457793936987,49.97537984195373,49.07474151516557,-1.1200243756119732,1.335717878051939,-31.645349293442884,-32.76537366905485,0.7881975638331998,1.0,0.00605842075612378,6.035754487796367,0.16567936983220413,0.020487120120456965
38,577,1792,256,15.53125,1,16,94.140625,-0.0646685945681015,0.14028445119186014,0.8561201697450183,0.2813207517105788,100.0,0.0,100.0,-24.707422144289875,-0.24707422144289876,0.0,66.66666666666666,0.0,15.412076131006732,17.238201423996532,38.4368104468164,49.99961728660003,44.61041727257683,49.94313587286779,49.84729191283249,49.957682358667164,48.682551799732614,-0.8956074106674923,1.3085260178880802,-40.09717755413617,-40.99278496480366,0.9851045278937385,1.0,0.006747067065201194,4.754456470327378,0.21032898423637117,0.01679688382943348
38,578,2048,256,15.53125,1,16,94.140625,-0.038252297777243566,0.041650075383200494,0.1715552089826242,0.18424791770443777,100.0,0.0,100.0,-18.63669254540645,-0.1863669254540645,0.0,66.66666666666666,0.0,14.12965049181373,15.095398279010023,43.158557428533925,49.99926329785809,42.447367365664235,49.90270727808607,49.74582886285846,49.92729564779951,47.99353723517274,-0.5483781764347491,0.5857562786392037,-32.73893135842401,-33.28730953485876,0.04400348850857223,1.0,0.005969787985248923,2.897863475892283,0.34508181918131575,0.014645798853964845
38,579,2304,256,15.53125,1,16,94.140625,-0.23662409531032125,0.3352060836884278,6.334254512609011,1.156480706215254,100.0,0.0,100.0,-30.458938668913373,-0.3045893866891337,0.0,74.8046875,0.0,17.30953215541453,18.092074523591393,36.26891472489077,49.99993031777107,47.037530115369904,49.9826769131698,49.947346025252216,49.98785793491436,49.422960867638494,-3.4664030414772258,3.559284903631349,-47.72553104142175,-51.19193408289898,1.5801568931685277,0.6328485508769967,0.005769232314602341,18.90549293243945,0.05289468005799128,0.01418139118803459
38,580,2560,256,15.53125,1,16,94.140625,-0.32243561588950664,0.5533332839003763,11.61092509937598,1.4856462496016847,100.0,0.0,100.0,-47.632447841970475,-0.47632447841970477,0.0,83.33333333333334,0.0,18.259420107190756,18.474246930758166,27.797890355272198,49.99997471432022,47.85186948278649,49.99092404356588,49.97024296121667,49.9938310676406,49.62464326365809,-4.677594620209957,4.818905498010099,-65.68635199946978,-70.36394661967972,5.255267246137689,0.190285280113003,0.0104861253054128,26.510806323373696,0.03772046718618035,0.014725488287547167
38,581,2816,256,15.53125,1,16,94.140625,-0.01667525407185093,0.13300245419114773,0.9859618761850202,0.07261762243126936,100.0,0.0,100.0,-31.276532008774364,-0.31276532008774366,0.0,67.83854166666666,0.0,15.805414964373156,18.137051559578126,34.0529793350214,49.999554542313135,44.86312172481696,49.942517966744816,49.84653618573205,49.95735022957905,48.73507888904592,-0.24251490799435654,1.4042520259447875,-46.41419127787817,-46.65670618587252,0.1728336972262463,1.0,0.009575095295758838,1.5371976824059674,0.6505344182114791,0.023273954959143306
38,582,3072,256,15.53125,1,16,94.140625,0.016386421498810026,0.2673003081205142,1.3044498294959936,-0.07455967720454998,94.53125,0.0,94.53125,-9.793975329358945,-0.09793975329358945,0.0,6.510416666666667,0.0,5.669123456585179,11.559477983210666,48.30104922808732,48.542356527321786,12.927791935548944,36.43514827350521,31.73641431423136,37.38029984922376,20.226980695515703,0.24120043861437165,1.6152088592476168,-11.737060679188213,-11.49586024057384,0.5247834579004175,1.0,0.008890145163296058,3.0318300535202773,0.32983379092732906,0.030786221206365566
38,583,3328,256,15.53125,1,16,94.140625,-0.04956952227507267,0.1360011934739703,1.3619310520886203,0.23919273529437804,55.859375,0.0,55.859375,-4.369267725010768,-0.043692677250107684,0.0,0.0,0.0,2.694774715157884,4.376010309329147,71.18105140418625,35.68510690784885,5.660544891741731,20.481291748240427,16.629390661443843,21.351712187206218,9.008426569659036,-0.7563287601825734,1.6504127072272683,-3.7858034715674354,-4.542132231750008,0.6102419637072505,1.0,0.00959026040139831,3.633289323190865,0.2752326916596253,0.02423053456921866
38,584,3584,256,15.53125,1,16,94.140625,-0.06516655613529518,0.13233383662073092,1.1833974490205803,0.30779932941259536,100.0,0.0,100.0,-8.075427248585608,-0.08075427248585608,0.0,13.606770833333334,0.0,6.455504243663886,7.222123835549035,48.22689443867312,49.24411901338107,14.827518784596124,41.994704194468156,37.83539799764435,43.051358486135086,24.52337191598962,-0.7687801061380147,1.5384391109306734,-13.385693436828934,-14.154473542966949,0.5134090277719875,1.0,0.009854324090988631,9.36953570122032,0.10672887450226126,0.022571529447799853
38,585,3668,84,14.571428571428571,1,16,82.14285714285714,0.16369593289146506,1.5224443298875736,16.040966342074665,-0.6369185023344551,80.95238095238095,0.0,80.95238095238095,-7.176941628735549,-0.07176941628735548,0.0,16.666666666666664,0.0,7.447139827317555,7.600835380500858,52.81669301795247,49.823179410166524,17.830532357186,45.577658960836814,42.29241452851853,46.37044660391827,29.114712309750065,2.439878859879271,5.664091514457489,-14.09997370487823,-11.660094844998962,3.235835095117633,0.30903923426408314,0.010675295708108157,18.832515448054757,0.053099651119802575,0.01804022422960389
39,586,256,256,15.53125,1,16,94.140625,0.038023060030973145,0.038880671729371916,0.1544747579690846,-0.17854150115567463,100.0,0.0,100.0,-0.534181439020461,-0.005341814390204609,0.0,0.0,0.0,4.92631133495286,5.361519025478404,96.13678375699361,48.491538713976986,9.472013383542532,34.850543952344694,29.192809905293586,36.42859084163983,16.273260921260132,0.541940159819813,0.5558322732067374,-5.124273085112948,-4.5823329252931355,0.051994954346845236,1.0,0.009661527934168159,3.09462908437733,0.3231405033476605,0.01733277842533822
39,587,512,256,15.53125,1,16,94.140625,0.04739805498906198,0.04743311591648728,0.23914051533028813,-0.22445973663864502,100.0,0.0,100.0,-0.4111185164858324,-0.004111185164858324,0.0,0.0,0.0,5.613142312376835,5.8796899941449,97.23739754018827,49.177179667899885,11.12460186840897,38.771261635987585,33.4546600707799,40.18931443747648,19.294397128543906,0.6853251557859487,0.6915786511023719,-5.7726167651257025,-5.087291609339754,0.1490410511094223,1.0,0.008849507920269178,3.87582891230922,0.2580093246180466,0.01859788248996482
39,588,768,256,15.53125,1,16,94.140625,0.05312465406064183,0.053153888253785954,0.3002077409002329,-0.25177120916031515,100.0,0.0,100.0,-0.3724961531409613,-0.003724961531409613,0.0,4.622395833333334,0.0,6.101185430419178,6.36290021882816,97.42242360297297,49.4511293629061,12.421391383978854,41.0484634325046,36.19421878302498,42.30740346500987,21.554559204203244,0.7679168474140609,0.7748648151777611,-6.262608960831675,-5.494692113417614,0.1887436167053941,1.0,0.00782773205228388,4.3268834453215,0.23111322794730307,0.020920724121418446
39,589,1024,256,15.53125,1,16,94.140625,0.046110065698559285,0.049326305693734834,0.25614717756749233,-0.21086061047242444,100.0,0.0,100.0,-0.35345383037690914,-0.0035345383037690917,0.0,16.666666666666664,0.0,7.0684875690061215,10.767643329804253,97.36011061316209,49.6743582404759,15.659259547237275,43.740649320088366,39.87300036160987,44.71229244111285,26.069043091760317,0.6614257424263482,0.7157474101489887,-7.260147430492477,-6.59872168806613,0.1420952037202017,1.0,0.0071635235518286875,3.701014665078465,0.27019617334555984,0.023651124424532526
39,590,1280,256,15.53125,1,16,94.140625,0.019140471360935628,0.05853706746130454,0.16587694349503845,-0.09878243085622962,100.0,0.0,100.0,-5.482198113836123,-0.054821981138361224,0.0,62.565104166666664,0.0,14.098719339140134,15.904941152657937,72.6309194050139,49.99850444929231,40.060530188406666,49.852812630128696,49.635514311527444,49.89362333332555,47.19513953892777,0.2813327034982574,0.5759808043590315,-19.411456518292212,-19.130123814793954,0.19591579326941372,1.0,0.006132273451483129,1.5930950442757406,0.6277089390197834,0.027609027774441807
39,591,1536,256,15.53125,1,16,94.140625,-0.12724384131006772,0.22053549896103947,2.038697797564898,0.5868011112342518,100.0,0.0,100.0,-21.439864746132663,-0.21439864746132664,0.0,66.66666666666666,0.0,16.837565486620612,17.709114099366772,44.09984164392158,49.99990619702175,45.2887558724346,49.97615805554077,49.92877505898989,49.98379915885418,49.10584249926128,-1.8825724374326098,2.0192561984874025,-38.180557704885516,-40.06313014231813,0.42644219636083774,1.0,0.005069911967921981,10.211913637384905,0.09792483911527504,0.021581759659402597
39,592,1792,256,15.53125,1,16,94.140625,-0.06446372029240086,0.13724246343810032,0.7763482122289611,0.2863167929318949,100.0,0.0,100.0,-26.79209377834119,-0.2679209377834119,0.0,66.66666666666666,0.0,15.53666672838079,17.747439013982486,36.7246029194378,49.99964574363207,42.716528614695804,49.940901870686716,49.839439584897335,49.958002449799906,48.33525616991003,-0.874842167762367,1.246072399364468,-42.305880780966746,-43.18072294872911,0.5031792013193793,1.0,0.004987693417251087,4.6349869680614075,0.21575033692451825,0.017609652718557744
39,593,2048,256,15.53125,1,16,94.140625,-0.06030379070137354,0.07416553654043373,0.510799231749032,0.2820988496685012,100.0,0.0,100.0,-19.99313529878935,-0.19993135298789352,0.0,66.66666666666666,0.0,14.490973998229048,16.44340251659118,42.054038076712146,49.99940573849228,40.634953535922364,49.91023026890231,49.76277704294531,49.935740052026276,47.68206657045084,-0.8716713791100688,1.01074154139328,-34.45798468103251,-35.32965606014258,0.34034478673106905,1.0,0.0049441207766265476,4.629254157257102,0.21601751945987646,0.01528774573414088
39,594,2304,256,15.53125,1,16,94.140625,-0.26082941609479837,0.3787676931820643,7.640327625213867,1.2504615301325082,100.0,0.0,100.0,-34.36104306089406,-0.3436104306089406,0.0,67.90364583333334,0.0,17.90262132890821,18.4851008540685,34.298229437187665,49.99996116942483,46.34898243828534,49.98700842166096,49.959172639757,49.99137674932573,49.3831693856262,-3.812328446266408,3.9090478700609097,-52.19692568006846,-56.00925412633487,1.1487336301210072,0.8705238305721583,0.004190679420303946,20.926005350321198,0.04778742924218218,0.01461748977082063
39,595,2560,256,15.53125,1,16,94.140625,-0.29162239375661153,0.5459394786332862,10.492092832798352,1.370222981585449,100.0,0.0,100.0,-48.60197991958516,-0.4860197991958517,0.0,79.94791666666666,0.0,18.557774951042493,18.809203401896795,27.74967564672288,49.99997868401246,46.99438915583957,49.991273894289186,49.97150507719751,49.99429595302507,49.52188259157934,-4.155488710180329,4.580849884638953,-66.87564635817316,-71.03113506835348,3.3056844740969575,0.30250921037258965,0.008326484976025329,23.876695915637097,0.041881841756215926,0.015264055482355916
39,596,2816,256,15.53125,1,16,94.140625,0.004522010651104524,0.19330976860719948,1.6466824197674244,-0.04370987516073033,100.0,0.0,100.0,-28.625565585631204,-0.2862556558563121,0.0,60.872395833333336,0.0,15.145352316833709,17.978023231946704,35.590068517590666,49.9976611317894,41.04601864541418,49.839866256245436,49.63830062726116,49.87525635612684,47.32713490538271,0.01766621138692437,1.8147630257239782,-42.55499623258102,-42.537330021194094,0.5908105582902653,1.0,0.008347409052800387,5.046513525882269,0.1981566075016459,0.020576261692230768
39,597,3072,256,15.53125,1,16,94.140625,-0.02044826315990966,0.24501188055143683,0.9198146531015166,0.11147502842786348,53.125,0.0,53.125,-8.243457674800418,-0.08243457674800417,0.0,1.6927083333333333,0.0,4.400415760446284,8.229279776939743,52.74818750372594,47.605784040394525,7.8445675554981085,31.1787405241721,26.08934370054662,32.368556981122055,13.330756896053582,-0.2983690174922462,1.3563293501959741,-8.342307041612482,-8.64067605910473,0.2349526582160272,1.0,0.007176953500524977,6.178153832161419,0.16186065079738413,0.023111369089624145
39,598,3328,256,15.53125,1,16,94.140625,-0.09598692691330646,0.18022458776830622,2.9482437794091725,0.4256728617624349,51.5625,0.0,51.5625,-5.259043356696288,-0.05259043356696287,0.0,0.0,0.0,2.0668514377585008,3.921050567732666,65.65049190549331,30.74780040900479,4.139236600411772,16.04926767999673,13.013677282728848,16.87650282468144,6.423351444754438,-1.4414768808899805,2.4282684280816946,-3.148264967662118,-4.589741848552098,0.40206613191806,1.0,0.007047113627301175,8.907566531763042,0.11226410674948657,0.020589063886797994
39,599,3584,256,15.53125,1,16,94.140625,-0.05534652563290028,0.08810562091275873,0.39904176799177316,0.26285632000946135,100.0,0.0,100.0,-8.706882361021787,-0.08706882361021787,0.0,12.6953125,0.0,6.193040287101163,6.775862000586894,45.49612233807986,49.472371604491705,12.214614541768382,41.38213884540412,36.877918486238315,42.71796461920105,21.06680743593494,-0.6714134438048102,0.8933552126581824,-13.612237634409652,-14.283651078214461,0.142537783363886,1.0,0.006376103620232232,7.705830302965668,0.12977186892048995,0.02243955680703305
39,600,3647,63,14.095238095238095,1,16,76.19047619047619,0.20492600427065713,1.7480325430366737,20.85467705821626,-0.621463762822158,74.60317460317461,0.0,74.60317460317461,-7.768006884169092,-0.0776800688416909,0.0,16.666666666666664,0.0,6.983990371448844,7.108025377465571,49.8224793093982,49.74912457318241,14.43089085241649,44.264029115399815,40.585089128610164,45.30102947632048,24.68061835950063,3.076265177272477,6.458277952862708,-14.017749554529752,-10.941484377257279,6.0994298896227,0.16394974909070695,0.00712796701692254,26.462462042952396,0.03778937871982039,0.017221354266869146
40,601,256,256,15.53125,1,16,94.140625,-0.004532690437445114,0.051932719912081926,0.11213424405219696,0.020467068098559478,85.9375,0.0,85.9375,-5.960157563584113,-0.059601575635841134,0.0,12.6953125,0.0,6.573522496342672,7.577447192827476,69.24823524015511,49.283866910847195,12.922605396357332,41.565297440994215,37.636081978144105,42.62886900505637,22.33815719819726,-0.12269850893100187,0.4735699400346204,-9.492693169068474,-9.615391677999476,0.09176362811533748,1.0,0.006387640377085937,1.6387546568235518,0.6102194711307979,0.026100342303446007
40,602,512,256,15.53125,1,16,94.140625,0.02127495345572783,0.021556131600550275,0.049707887368263495,-0.0991173836649665,100.0,0.0,100.0,-3.8855623660642653,-0.038855623660642644,0.0,16.666666666666664,0.0,7.812371805410091,7.992536122010661,78.11305833307514,49.865426067452205,16.460270604573044,46.15790300262338,43.408995572804415,46.8131753131388,28.023611293671433,0.3096193838233142,0.31530267162922515,-10.001364652883044,-9.691745269059728,0.07880649117092565,1.0,0.00560033751881124,2.3351693910224793,0.4282344586411948,0.02264454804935154
40,603,768,256,15.53125,1,16,94.140625,0.032479578289571175,0.032623396389541204,0.1134595152326933,-0.1567367046849984,100.0,0.0,100.0,-3.4527782617199048,-0.03452778261719905,0.0,16.666666666666664,0.0,8.182922306266175,8.359344120001376,79.91512072069547,49.901470956060784,17.71686392951183,46.88684771244277,44.612433321849636,47.41369242462254,29.628377529732248,0.4709173414895198,0.4763601898410347,-10.239516918038088,-9.76859957654857,0.08690337321251394,1.0,0.00494514578924462,3.388811764174411,0.2950886828745479,0.02140935940388162
40,604,1024,256,15.53125,1,16,94.140625,0.027574601272251614,0.03498860608324493,0.12572918829150248,-0.13026498684130694,100.0,0.0,100.0,-3.098762156168191,-0.03098762156168191,0.0,19.205729166666664,0.0,8.99027442217735,12.212147955261033,81.46301903064588,49.936373579146434,20.722347080664132,47.768967821027545,46.09458937333203,48.14656653919135,32.737194255171815,0.3937264911198777,0.5014562559017536,-11.036019201295824,-10.642292710175948,0.11039451213304613,1.0,0.004305649427551198,2.748595907569912,0.3638221235962327,0.021973445295128055
40,605,1280,256,15.53125,1,16,94.140625,-0.047348888265194816,0.09876546415583108,0.4018327441548705,0.22710912623567928,100.0,0.0,100.0,-11.624214666552616,-0.11624214666552617,0.0,66.34114583333334,0.0,15.501820963687855,17.07828964309074,57.822547435990906,49.99955775540103,41.85659035934056,49.936451926208264,49.85193015215992,49.95242218494157,47.8165590557483,-0.6716502049474423,0.8964739194810639,-26.80930130386982,-27.480951508817256,0.6133146892129343,1.0,0.004755617976948619,3.7985671244284487,0.26325716177793357,0.016851372323399023
40,606,1536,256,15.53125,1,16,94.140625,-0.19644500118597727,0.32538687088546075,4.339569120498865,0.9073217996557627,100.0,0.0,100.0,-29.766803877249075,-0.2976680387724907,0.0,66.66666666666666,0.0,17.750431821345245,18.34539633207913,37.444539427663244,49.999955761171236,45.76265646052863,49.98607260607347,49.96371033978646,49.9898319002598,49.10718232723646,-2.8406791788005874,2.946037718868808,-47.404593814369626,-50.24527299317021,1.4379796220168013,0.6954201469124268,0.004133936028335799,15.546359982353072,0.06432373887746819,0.015255580332996229
40,607,1792,256,15.53125,1,16,94.140625,-0.0523109343644029,0.12452718454831975,0.4752787689938259,0.2510450089991863,100.0,0.0,100.0,-28.079488342138006,-0.2807948834213801,0.0,66.66666666666666,0.0,15.697772353194232,18.236921779891333,35.87592005859974,49.99970792626891,42.3460211895581,49.9488601674258,49.88296469846889,49.96030965922398,47.86176375205703,-0.7042223624955375,0.974965403482427,-43.75573456388989,-44.45995692638542,0.34793141718019716,1.0,0.00437655367468118,3.75493285905939,0.2663163463994666,0.014846806281043508
40,608,2048,256,15.53125,1,16,94.140625,-0.08535331635018609,0.10774836802966976,1.1413486163661886,0.3968343168540406,100.0,0.0,100.0,-21.55807095193527,-0.21558070951935268,0.0,66.66666666666666,0.0,15.269066692518912,17.796894947185407,41.48549667329518,49.999625161423126,41.674659416394256,49.938506496883164,49.8633504956688,49.951695858908025,47.50538050363859,-1.241349830125927,1.510859766071086,-36.805794595555206,-38.04714442568114,0.08340332077865724,1.0,0.0036385627647890118,6.611816212254179,0.1512443733911757,0.01634892682491329
40,609,2304,256,15.53125,1,16,94.140625,-0.29260292652187103,0.4319365609447983,9.330487072381,1.3500408947808236,100.0,0.0,100.0,-38.84027368304686,-0.3884027368304686,0.0,66.66666666666666,0.0,18.555880789151786,19.018187032945477,32.394528345397305,49.99997651260576,46.82395745628499,49.99125177098298,49.9778450795425,49.99345908718175,49.28132502480404,-4.230561231785504,4.319834967306274,-57.28091050224613,-61.51147173403163,1.0887649611834014,0.9184718792870402,0.003891260519947299,23.44871807689442,0.042646254550920054,0.017870213274289785
40,610,2560,256,15.53125,1,16,94.140625,-0.24820895487216563,0.5268269562699098,9.567155820189278,1.177133052305731,100.0,0.0,100.0,-48.97233028035862,-0.48972330280358617,0.0,66.66666666666666,0.0,18.883115539057602,19.28247445609541,28.005714368454637,49.99998027075524,47.15784506594329,49.99242413160247,49.981001102502006,49.99428051120341,49.33646641584673,-3.5291609901573398,4.374278413679056,-67.42593775907163,-70.95509874922897,3.4111586154043994,0.2931555265369705,0.004983519111214564,20.875890835984826,0.0479021474032739,0.019152428112731486
40,611,2816,256,15.53125,1,16,94.140625,0.0068161255340517465,0.25130942066226036,2.0672341985835727,-0.061440605590077385,91.015625,0.0,91.015625,-26.657166969507912,-0.26657166969507917,0.0,56.640625,0.0,14.33996407756284,17.200829518016953,37.05593394918951,49.97172449440079,38.17727605395618,49.31127423991427,48.95042636891881,49.35803678281553,43.86823445242882,0.11582618373792641,2.033339223338581,-38.698158565442085,-38.582332381704155,0.9978864544157613,1.0,0.006130819950462774,8.319110344747228,0.12020516119628227,0.021309528667234165
40,612,3072,256,15.53125,1,16,94.140625,-0.03844095217248992,0.2041148209502755,0.7317504975110977,0.16913438380313803,61.328125,0.0,61.328125,-7.016894349972965,-0.07016894349972966,0.0,0.0,0.0,4.143285421188273,5.656886359099296,56.188265493484444,47.79049230966863,7.073083655766167,31.03682261685089,27.19430516785615,31.50957938725422,10.587397803516145,-0.47913739838291847,1.2097524519595715,-7.373933658209695,-7.853071056592614,0.8810889870280154,1.0,0.006166146112318875,9.89110280532893,0.1011009611042805,0.02085279630847339
40,613,3328,256,15.53125,1,16,94.140625,-0.10419970108241212,0.1852238700073722,3.1522032588368902,0.49169583224237556,61.71875,0.0,61.71875,-6.322200716115987,-0.06322200716115986,0.0,1.2369791666666665,0.0,3.1786958791918396,6.631051702564055,55.1760677451226,37.06220201088516,6.229605259347181,23.747884340047843,21.231921093283756,24.215110647442806,8.995330203400574,-1.547315022873749,2.5108577254941746,-5.761004741902483,-7.308319764776232,0.5339574869846678,1.0,0.006336690637767004,12.473634648366824,0.08016909491019365,0.02066443903550094
40,614,3584,256,15.53125,1,16,94.140625,-0.004030878461430305,0.010696867488881347,0.00750809673335736,0.018837084523950384,100.0,0.0,100.0,-7.011670587379008,-0.07011670587379008,0.0,16.666666666666664,0.0,7.2819428893678495,7.751993730539875,53.20173938875854,49.792723318966736,15.900784409460531,45.157848577814285,42.965242968762205,45.71578086295001,23.501349258468395,-0.04426295523390035,0.12254057885743286,-13.687415060167215,-13.731678015401116,0.05071767317325541,1.0,0.005768351550573232,0.40920760377104975,1.0,0.0203594066864138
40,615,3611,27,11.555555555555555,1,16,44.44444444444444,0.5187680070186813,2.638900606361758,48.76279203018277,-1.21423956437643,40.74074074074074,0.0,40.74074074074074,-6.3328584158331696,-0.06332858415833169,0.0,16.666666666666664,0.0,7.8915857694988345,7.942031013163567,57.0465967280258,49.87537755743309,18.051729812229823,46.50097197853638,44.77532171426555,46.92397241253639,26.171238270659487,7.663530619101511,9.875504243347049,-13.833578551797928,-6.170047932696419,3.6528964177797865,0.2737553671472008,0.005496201000524794,58.61178910138765,0.017061414014681985,0.015102816788508295
41,616,256,256,15.53125,1,16,94.140625,-0.024506947616685218,0.029285438660953574,0.08286866833593484,0.11650679180050653,65.625,0.0,65.625,-1.6524513644780643,-0.01652451364478064,0.0,0.0,0.0,1.0677136833165044,1.5465284962890105,88.7147590372861,25.176285524745932,2.9483558842276274,8.830014927574622,7.692166613520683,9.200411940128504,3.6513384659161643,-0.33848764717103175,0.40710850724575837,-1.2035355727762873,-1.542023219947319,0.0528891973334966,1.0,0.004901751589150424,1.2106873073429183,0.8259771073297932,0.016052139421455423
41,617,512,256,15.53125,1,16,94.140625,-0.004918154082396726,0.005524165673972958,0.003102912836897675,0.023518511001258853,100.0,0.0,100.0,-1.1329478917078608,-0.011329478917078608,0.0,0.0,0.0,1.9321008175215673,2.2813204840197034,94.24365702226721,36.31786946464719,3.9779513484437548,14.361239970615578,12.350539006906697,14.9750998494513,5.178052066697462,-0.06920647419543907,0.07877706311989138,-2.0501123137285138,-2.1193187879239526,0.012426836705720118,1.0,0.004439913547650853,0.3572114866518,1.0,0.015944740234608273
41,618,768,256,15.53125,1,16,94.140625,0.004482360698818421,0.005182084628850928,0.0028698288085599708,-0.021358912198245678,100.0,0.0,100.0,-1.051244403663608,-0.010512444036636079,0.0,0.0,0.0,2.701637106776733,3.0686616087073366,95.00786571513626,42.10473381382812,4.995857039238526,19.757114551327376,17.044777663975843,20.535560935423668,6.715140488729531,0.06650600293342118,0.07576052809425196,-2.8435930924678368,-2.7770870895344153,0.029361648573148953,1.0,0.003950607494589419,0.38525524691300855,1.0,0.01274867537062292
41,619,1024,256,15.53125,1,16,94.140625,0.0009461071437247767,0.01859891178019541,0.03589631074984422,-0.0056403199664571725,100.0,0.0,100.0,-0.9656883501923719,-0.00965688350192372,0.0,2.083333333333333,0.0,4.091580098551606,8.722015204428697,95.30907351773794,46.154515457439715,7.8098040670175255,28.523742301061727,25.501748165383617,29.332171415731143,10.896703464030812,0.010003592793818544,0.2679414516264485,-4.292959681105413,-4.282956088311595,0.030668661355064596,1.0,0.0034809445056789394,0.09773062630618105,1.0,0.011204848918387736
41,620,1280,256,15.53125,1,16,94.140625,0.07429581030521494,0.07922337933403217,0.640750686533716,-0.3468685633127845,100.0,0.0,100.0,-1.154333413212218,-0.011543334132122177,0.0,50.78125,0.0,12.606994450913273,15.133245358539712,92.17754426325341,49.991893867381606,35.32018469083481,49.57087874424079,49.2839605409241,49.63172809124245,42.112941367903694,1.0882154828511585,1.1320341748672749,-13.676860835984598,-12.58864535313344,0.15149772912848608,1.0,0.003146568084639212,6.263668613782426,0.15965084707700278,0.011469069073851128
41,621,1536,256,15.53125,1,16,94.140625,-0.02137492399639805,0.09509701912037374,0.25607210621491844,0.09103399252375595,100.0,0.0,100.0,-11.56466487022914,-0.11564664870229144,0.0,66.66666666666666,0.0,16.598110757634128,17.87030718926699,59.178622195411315,49.99983562377382,44.77096116651943,49.96816716101254,49.93626596654692,49.97336427410184,48.08466245933061,-0.33911375215021283,0.7156425172038319,-28.047477521234246,-28.386591273384457,0.4316287245254336,1.0,0.0021857380791265825,1.8446270202194606,0.5421150124327178,0.009629458536959222
41,622,1792,256,15.53125,1,16,94.140625,-0.03329990439761765,0.11475725193686898,0.456059504970407,0.16690858667918415,100.0,0.0,100.0,-21.32093897243022,-0.2132093897243022,0.0,66.66666666666666,0.0,16.26794361970385,18.16272786913334,43.30217341028225,49.9997292290342,43.91749347436044,49.95561057015472,49.91426648333637,49.96160039983471,47.64211766931089,-0.44502145882231287,0.9550492185959915,-37.56842287237474,-38.01344433119705,0.5655264224760197,1.0,0.0027868502308600164,2.397917910441044,0.4170284544128002,0.01147553681256059
41,623,2048,256,15.53125,1,16,94.140625,-0.007509291934089876,0.014155138529250643,0.018085488255444912,0.033960035834187975,100.0,0.0,100.0,-16.40431208722614,-0.16404312087226136,0.0,66.66666666666666,0.0,14.794821516915844,15.732710180361,47.45534462655268,49.999451895477875,41.432258133693075,49.92086504431748,49.85155135286567,49.93075693444524,46.389034074627716,-0.10420435534141917,0.19018668857438426,-31.176301917819604,-31.280506273161024,0.06312906411225114,1.0,0.002571160546876422,0.5597412011998121,1.0,0.012539732531816693
41,624,2304,256,15.53125,1,16,94.140625,-0.1825172205845615,0.26861820052620244,3.9458802459846845,0.8695615828141278,100.0,0.0,100.0,-26.32760700106022,-0.26327607001060216,0.0,66.66666666666666,0.0,18.276047672993172,19.288166508100886,41.024972532815674,49.999947945054025,46.72056619727178,49.986489751904216,49.97217730627235,49.9885773739384,48.881446200904605,-2.689925292995169,2.809227739427576,-44.54859210051695,-47.23851739351211,0.6999142330882017,1.0,0.004707614702131805,14.679631662464184,0.0681216002549301,0.0149864625511942
41,625,2560,256,15.53125,1,16,94.140625,-0.32163482387520653,0.5335446534358351,11.227276798258494,1.4870344286774797,100.0,0.0,100.0,-45.4031353537756,-0.45403135353775603,0.0,66.66666666666666,0.0,19.568127702245924,19.858970889052582,30.271695674570303,49.99998688905154,47.88282029610473,49.994452014430415,49.987855993651735,49.995363043186615,49.33589540901927,-4.683312464865443,4.738623597260811,-64.64166366036807,-69.32497612523352,1.2057366513186747,0.8293685017423438,0.004118205811288059,27.408740012686422,0.036484712523711035,0.016963420760563747
41,626,2816,256,15.53125,1,16,94.140625,-0.03719382432023485,0.14702321650306832,0.800713443473128,0.19873946928824443,100.0,0.0,100.0,-34.31730048679678,-0.3431730048679678,0.0,66.66666666666666,0.0,17.61803870729238,19.744521798550167,34.50716860364723,49.99990513748849,45.96517307896164,49.97900916944021,49.95845888071402,49.981637216975756,48.498627335697236,-0.5138000882368919,1.265474964962269,-51.056170124112256,-51.56997021234915,0.33692641507042453,1.0,0.0044617778820802085,3.4273900750178092,0.2917671983965245,0.02023494089657165
41,627,3072,256,15.53125,1,16,94.140625,0.011020237227644721,0.3004135290337615,1.9002444554145392,-0.052035237227766304,85.546875,0.0,85.546875,-12.826236900581048,-0.12826236900581048,0.0,13.802083333333334,0.0,6.921681771013148,14.758196092237592,45.71271511496379,49.1239000687965,15.428242667250053,39.86034677486122,37.64314370221612,39.804726395911054,20.150679285989938,0.133514130176271,1.9494842679101256,-15.14169909532977,-15.008184965153497,0.5439873486123875,1.0,0.005298768117248663,5.639624135925362,0.1773167813843888,0.0270010107994462
41,628,3328,256,15.53125,1,16,94.140625,-0.016125941944739673,0.12792836841063615,0.8309173602608566,0.077987559147495,74.609375,0.0,74.609375,-4.699950293866612,-0.046999502938666116,0.0,0.0,0.0,4.395746523583247,5.910295298115554,64.91553330188923,45.33931847578979,8.171505959298553,31.957674877250092,29.449161943389612,31.940240791885056,11.347396125224229,-0.2599863161395545,1.289121685692128,-6.7714864224266,-7.031472738566153,0.38130199974561,1.0,0.004935924143104345,1.8964200312551132,0.5273093426133909,0.024601219913367008
41,629,3584,256,15.53125,1,16,94.140625,-0.028782540111131016,0.1229025428677017,1.2035716579490172,0.1258998050368764,100.0,0.0,100.0,-6.034782809698058,-0.06034782809698058,0.0,14.583333333333334,0.0,7.6860355266578475,8.756820142752046,59.15941370384015,49.288752105095725,17.931433824949707,44.41715995843988,42.95327525364213,44.65045595731142,24.52169209165079,-0.3029681374992716,1.5514971208152577,-12.992075217538764,-13.295043355038036,0.4365191273312897,1.0,0.0047688573546677115,5.898578358635953,0.1695323752944515,0.030750191345596176
41,630,3685,101,14.811881188118813,1,16,85.14851485148515,0.17463176521872664,1.3851527335148182,13.96761362341623,-0.6459915469165979,84.15841584158416,0.0,84.15841584158416,-5.114628396769714,-0.05114628396769713,0.0,16.666666666666664,0.0,9.065401297759992,9.247912711367917,64.77801156119303,49.9456456610172,22.55661235845218,48.04320612684637,47.12399667048444,48.19259422495269,30.212773767882183,2.5580276946818556,5.285378628521562,-13.994565562106356,-11.4365378674245,4.683325874361024,0.21352347174355793,0.0045885064174407885,17.654146136058767,0.05664391765498589,0.0237745071477219
42,631,256,256,15.53125,1,16,94.140625,0.020267040996541717,0.03210477686900025,0.05501833073054199,-0.09674533790679626,100.0,0.0,100.0,-4.3112774079036855,-0.04311277407903685,0.0,13.671875,0.0,7.355863478826674,8.231285843048898,76.76348402131292,49.66343438143154,15.880429666865815,44.37276145043907,42.59347037288689,44.56272468644188,22.12522614840998,0.2638396882750107,0.33171774366331985,-9.582503416317532,-9.31866372804252,0.10714116653852958,1.0,0.0043645253136196755,1.9670532437253267,0.5083746478087895,0.019722334860778925
42,632,512,256,15.53125,1,16,94.140625,0.03903725182620548,0.039165412332711036,0.16348342159793913,-0.18531364950666043,100.0,0.0,100.0,-3.0398848109066368,-0.030398848109066366,0.0,16.666666666666664,0.0,8.484380835715974,8.699738748653157,83.71179107676117,49.90684438118831,19.774934763799294,47.22683862763263,46.05915368896768,47.352691695673386,27.010650931767096,0.565733594744031,0.5718101461113455,-10.135227936929523,-9.569494342185493,0.13783006788197552,1.0,0.004284671200984187,4.047783808282597,0.24704876726711406,0.01806884112541224
42,633,768,256,15.53125,1,16,94.140625,0.04911764094888058,0.04919853338822958,0.2575529461626886,-0.22866518889029017,100.0,0.0,100.0,-2.7165540087763453,-0.02716554008776345,0.0,16.666666666666664,0.0,8.907346139200541,9.116214131287014,85.01822962464581,49.93369349752674,21.444884942865,47.80154852069923,46.842135794256755,47.90390909956517,28.735822478899195,0.7108634191129803,0.7177087796072842,-10.47698379338918,-9.7661203742762,0.19757189684444043,1.0,0.0036511974539324716,4.904179311259238,0.20390771554868609,0.018563909388541945
42,634,1024,256,15.53125,1,16,94.140625,0.0439165766391501,0.048560135519514006,0.2457726198210272,-0.21923717975475332,100.0,0.0,100.0,-2.4550489088050487,-0.024550489088050485,0.0,21.158854166666664,0.0,9.767362146416534,13.072858156940109,86.0491312747652,49.958091017738326,24.85363935539398,48.450490664949825,47.746664121487505,48.526256354958356,31.94005911036603,0.6296680795629106,0.7011028737938922,-11.350913137319393,-10.721245057756484,0.159222676030787,1.0,0.003032600846568412,4.19595611457755,0.23832470423744656,0.02048185536194747
42,635,1280,256,15.53125,1,16,94.140625,-0.024613331743237703,0.08466370633525987,0.2235734616799,0.11908647378588431,100.0,0.0,100.0,-10.469544083712893,-0.10469544083712892,0.0,66.66666666666666,0.0,16.416274043445448,18.084785069950744,61.824070292183094,49.99968395136989,44.414910920245035,49.95530029570015,49.92092841423063,49.95981840189957,47.410108474776976,-0.3441069290267896,0.6686904540666032,-26.553208104645105,-26.89731503367189,0.3275422428594377,1.0,0.002836147418025271,1.9680727125305908,0.50811130789684,0.01461669009862883
42,636,1536,256,15.53125,1,16,94.140625,-0.1716294887891848,0.30159180535422636,3.362196624242536,0.8044463467680113,100.0,0.0,100.0,-28.20651043834522,-0.28206510438345217,0.0,66.66666666666666,0.0,18.78177936365713,19.400450934373534,40.07990399058268,49.99996981176052,47.35644604452926,49.99061391184898,49.981834911412555,49.99161456085392,48.91718791484647,-2.48748512123418,2.5931435071135325,-46.860839207773964,-49.348324329008136,1.1544048026201843,0.8662472624249938,0.006229534360703755,13.674191814095263,0.07313046457116441,0.01243662087436218
42,637,1792,256,15.53125,1,16,94.140625,-0.034717745691620505,0.10746526076511893,0.33579519872995484,0.16008473936207146,100.0,0.0,100.0,-27.271933300139963,-0.2727193330013996,0.0,66.66666666666666,0.0,16.86280865924133,19.321828217502148,38.220748843085175,49.9998331158338,45.15418094705075,49.96903445637943,49.94466900506205,49.971389582966175,47.67976284724799,-0.4648961538990751,0.8195061912273206,-44.119514058898716,-44.58441021279779,0.25610002463668247,1.0,0.004768736798027071,2.4944891566078735,0.40088368287791964,0.011891383883348485
42,638,2048,256,15.53125,1,16,94.140625,-0.06453896806230286,0.09090279622391473,0.7795094075111066,0.31829601699639143,100.0,0.0,100.0,-20.754855099199304,-0.20754855099199304,0.0,66.66666666666666,0.0,16.35898701726999,18.874892029557955,44.09584829911269,49.99977917904454,44.583297048694334,49.96159822566059,49.93240209269338,49.964444000382755,47.26770137896497,-0.9400282806141358,1.248606749550159,-37.09870123441796,-38.03872951503209,0.2698374006497016,1.0,0.0044440792839178424,5.044125704188613,0.19825041219127543,0.01323488822449695
42,639,2304,256,15.53125,1,16,94.140625,-0.27215744303384964,0.4120971076976488,8.136409468052097,1.2018853748841822,100.0,0.0,100.0,-37.53856425052547,-0.3753856425052547,0.0,66.66666666666666,0.0,19.610397918554554,20.077242742032897,34.391758811036844,49.99998376855896,48.03507409891205,49.993982868255245,49.988310008078074,49.99460802819729,49.12813660922065,-3.958520785880051,4.033958221908625,-57.02063109450883,-60.97915188038888,2.7340493431846626,0.36575784650440313,0.002597125127312259,22.031500988665364,0.045389553826335936,0.014900943044625007
42,640,2560,256,15.53125,1,16,94.140625,-0.24570939972306483,0.5175561064136446,9.409448166772414,1.153349174289306,100.0,0.0,100.0,-49.07814860948678,-0.49078148609486777,0.0,66.66666666666666,0.0,20.046224850954754,20.399836952639063,29.20812667410821,49.99998794956636,48.300979836462126,49.99515609557931,49.99054218532605,49.99564775689191,49.22946048180502,-3.5385087251612335,4.338075187631587,-68.63235384666042,-72.17086257182166,3.498634486776442,0.28582579968831673,0.004779610057246916,21.43758034153664,0.04664705550105568,0.016484369932431922
42,641,2816,256,15.53125,1,16,94.140625,0.011624912055164846,0.2253733895844381,1.6861335032048381,-0.048126349865511425,100.0,0.0,100.0,-27.21210498547925,-0.2721210498547925,0.0,60.481770833333336,0.0,16.046716223317272,18.618161623868282,38.78193572481899,49.99733854296622,42.79746614912126,49.8414331116839,49.76257633976414,49.83900735549287,45.373459431613476,0.16929438894042925,1.8363733298024332,-41.376779996693074,-41.20748560775263,1.1998508146140454,0.8334369471771945,0.006792120619898646,7.32622424099838,0.13649595850532212,0.018487718875372518
42,642,3072,256,15.53125,1,16,94.140625,-0.02008585652717396,0.20762902039101844,0.7284501525650013,0.11558287088963866,98.4375,0.0,98.4375,-8.142055688533922,-0.08142055688533922,0.0,2.213541666666667,0.0,5.493149913358769,8.212687278367435,54.372472560968525,49.14336918826518,10.44511424704421,38.76777270099795,36.63939218740586,38.37479507852711,12.866404966738967,-0.3327218260614291,1.207021252973618,-10.102814263594933,-10.435536089656363,0.7203535822791978,1.0,0.010694219319840059,7.862118995869802,0.12719217306750621,0.019757280540494988
42,643,3328,256,15.53125,1,16,94.140625,-0.04728885794531214,0.12081792262508657,0.6470715716017006,0.2259239957637487,99.21875,0.0,99.21875,-6.633744674513667,-0.06633744674513667,0.0,10.807291666666668,0.0,6.315124294497773,9.116091557343713,55.093959192919556,49.29198828589874,13.36224039568374,41.23710488716633,39.54073007828929,41.11822669944322,16.212625115162478,-0.7198287152037361,1.1376041241149757,-11.462462286263438,-12.182291001467174,0.32408200120151065,1.0,0.010467803925189069,10.514320638919113,0.09510837973672462,0.021235654399693167
42,644,3584,256,15.53125,1,16,94.140625,0.05455567257222688,0.05472978124342639,0.319709740018538,-0.2655408288980372,100.0,0.0,100.0,-4.134198392537998,-0.04134198392537998,0.0,16.666666666666664,0.0,9.600133503616991,10.021538023339634,70.52368067920196,49.95985316994795,25.405451659134563,48.48275048012335,47.88380117172686,48.54171433301435,29.983970513765573,0.7916898751777343,0.7996370927096091,-13.612638210541036,-12.820948335363301,0.1516566419979873,1.0,0.009286630570855455,5.349335037649003,0.18693912289320605,0.01721428343371595
42,645,3604,20,10.0,1,16,25.0,0.7401292469668087,3.046217313014893,68.6926144801786,-1.1185876385914852,20.0,0.0,20.0,-3.6845090143856964,-0.036845090143856965,0.0,16.666666666666664,0.0,10.08305153571727,10.115542660343692,73.67992042591197,49.97302285465297,27.38729391306411,48.848305573046176,48.37443284041507,48.87950227203564,31.877852811757332,10.658917098611175,11.721144524335378,-13.68493814519815,-3.026021046586973,14.665757564519144,0.06818604464179193,0.009480499636332223,70.58171856021917,0.014167974659710451,0.016216999244200354
43,646,256,256,15.53125,1,16,94.140625,-0.06387818823339342,0.06486075834317993,0.435445444056318,0.294648188231441,0.0,0.0,0.0,-3.435315741448914,-0.03435315741448915,0.0,0.0,0.0,0.5497472686337508,0.8727197057996904,75.42273913250804,16.034526837089466,2.3574624448806447,5.766624230767912,5.415603316379878,5.759433065365158,2.5000295969559136,-0.9107932102747478,0.9332153492697364,-0.7288879652964018,-1.6396811755711496,0.13357840804680363,1.0,0.008290426324329112,2.502396649258331,0.399616903377961,0.01390224500416856
43,647,512,256,15.53125,1,16,94.140625,-0.046561840875190504,0.046672422100347555,0.22993851198582493,0.2205077853844653,0.0,0.0,0.0,-2.8951207076039935,-0.02895120707603993,0.0,0.0,0.0,1.2027568007462777,1.5459660437348537,85.52156277886588,27.362871073802403,3.21109100695051,9.875419224646532,9.095151098681027,9.834397098454055,3.4947614078877747,-0.6697176588851355,0.6781423331216315,-1.406378416933587,-2.0760960758187226,0.037567485716268,1.0,0.007439349647625202,3.1196644104142197,0.32054729882539607,0.014972909413934981
43,648,768,256,15.53125,1,16,94.140625,-0.03469827688686114,0.03486641071016572,0.12803982599871663,0.1679640748029702,55.46875,0.0,55.46875,-2.685323738539151,-0.02685323738539151,0.0,0.0,0.0,1.9730669608699496,2.3696328094950845,88.73423017977422,36.23542583932559,4.17489158748343,14.857282998041441,13.572364795901844,14.752836209573887,4.636799537972997,-0.49836007859696774,0.5060431325464592,-2.2235691422267885,-2.721929220823757,0.11241524415289457,1.0,0.00653181911636661,2.8697987442998496,0.34845649089025993,0.018007654441245975
43,649,1024,256,15.53125,1,16,94.140625,-0.03602847700777965,0.04106067617634202,0.17987284646499785,0.16852590871675918,100.0,0.0,100.0,-2.4855751445064054,-0.02485575144506405,0.0,1.4322916666666665,0.0,3.4707235229020403,8.237840452754227,90.02139741480964,43.46091802602498,6.9612052601661425,24.475549351504036,22.7017081219469,24.334969124126676,8.001132598393445,-0.5234189220275038,0.5997880400024627,-3.8554428420048756,-4.378861764032379,0.33221399740624585,1.0,0.005696975820644819,3.4290121579582307,0.2916291788814886,0.021367573206139256
43,650,1280,256,15.53125,1,16,94.140625,0.08175108012916121,0.08865646741412972,0.7891050372926234,-0.3954968041550079,100.0,0.0,100.0,-0.7131212911848013,-0.007131212911848012,0.0,44.53125,0.0,12.294197868358388,15.332214209853003,95.57275541872247,49.98414684888456,35.07875561182797,49.38197440434993,49.124894072585235,49.39006612462113,38.57048851314384,1.2013851274450884,1.256268313134279,-12.863705576442953,-11.662320448997864,0.28376050159082133,1.0,0.005477867048890745,7.250459017592823,0.13792230223956267,0.018929935201214415
43,651,1536,256,15.53125,1,16,94.140625,0.017368201044115836,0.07817488943063658,0.19365484071627978,-0.08869455611250497,100.0,0.0,100.0,-8.581942284415717,-0.08581942284415718,0.0,66.66666666666666,0.0,17.031792334941894,18.407834127131913,66.78423848922547,49.99981770083422,45.7993947664845,49.96984450997111,49.94957284281193,49.969259481493275,47.456415351968474,0.21823806359624004,0.622342093572787,-25.50271249658659,-25.28447443299035,0.35127593589199624,1.0,0.005438094364372245,1.2789534582126436,0.7818892810982464,0.021076122969607102
43,652,1792,256,15.53125,1,16,94.140625,-0.009584772913002498,0.09257194617741364,0.29291755743596043,0.046695726781437547,100.0,0.0,100.0,-19.02248346255824,-0.19022483462558246,0.0,66.66666666666666,0.0,17.205320525352647,18.895641415946468,47.51546335531443,49.99982316538362,45.725292502883484,49.970723149766236,49.951537674585936,49.96895604328867,47.448196539710636,-0.12470100935280798,0.76539866401237,-36.20993948158204,-36.334640490934845,0.22349948511424073,1.0,0.004811287006271672,0.7661513669559377,1.0,0.015831248110455925
43,653,2048,256,15.53125,1,16,94.140625,0.016069325392039938,0.018979572732526595,0.03796148942715559,-0.0735987245483608,100.0,0.0,100.0,-15.063908605542668,-0.15063908605542667,0.0,66.66666666666666,0.0,15.636765036652175,16.23233500591808,50.961993567574396,49.99962339496001,43.62577180765048,49.945834661289,49.91251925526548,49.941839030632764,46.04725375578195,0.23670874780744172,0.2755412471016112,-30.683189455526687,-30.446480707719246,0.06520125586289231,1.0,0.004319546358432169,1.2903725982847847,0.7749699593196883,0.014416411689787502
43,654,2304,256,15.53125,1,16,94.140625,-0.14189746801528824,0.21955145865607925,2.5815827497676045,0.6616356195644701,100.0,0.0,100.0,-23.36275233418602,-0.2336275233418602,0.0,66.66666666666666,0.0,18.882298441470876,20.091326749334733,44.74990945677678,49.99995015093478,47.42170997628182,49.98858915685304,49.980339574634584,49.98786324927894,48.57346188157574,-2.1033369876254073,2.272259998225381,-42.1951656901317,-44.298502677757114,0.8462663377942103,1.0,0.005567181235198295,11.495155209084654,0.08699317075855549,0.011618958979336156
43,655,2560,256,15.53125,1,16,94.140625,-0.2948463892776517,0.47758236526622017,9.624547536069386,1.3581501726347864,100.0,0.0,100.0,-43.371441351003824,-0.43371441351003825,0.0,66.66666666666666,0.0,20.395867324253906,20.767930659031286,32.16494692753004,49.999990181203145,48.47435844949224,49.99606785588287,49.99280257771662,49.99577531712455,49.2134264254599,-4.287711188769945,4.3873790663833425,-63.410231548670914,-67.69794273744085,0.6765117842709943,1.0,0.007746555848930077,25.294085327516775,0.039534934236666236,0.011179453423927744
43,656,2816,256,15.53125,1,16,94.140625,-0.07816460703420705,0.25616855636867747,1.4223873086153493,0.3390985095569853,100.0,0.0,100.0,-36.682124733907024,-0.3668212473390702,0.0,66.66666666666666,0.0,18.945605627488792,20.76612676539796,34.589340337891464,49.999961593425006,47.476799672360244,49.98997356240804,49.98267609675142,49.98896177785805,48.62047761311463,-0.9404483570555856,1.6866459667727245,-54.772960231145305,-55.71340858820089,0.9693398020147816,1.0,0.00479613145823625,6.3843448709554,0.15663314250916285,0.013420037411178717
43,657,3072,256,15.53125,1,16,94.140625,0.03001371713342836,0.2807232389088385,1.6360902620646967,-0.17239916081816495,100.0,0.0,100.0,-14.937117431630886,-0.14937117431630886,0.0,26.236979166666668,0.0,9.257974393078063,16.980960382018317,45.22602819117288,49.72787439000741,22.80193310851533,45.4570381713331,44.547501306625996,44.79557313206463,25.8730197430731,0.41066078987217947,1.8089169478252431,-20.470456423774607,-20.059795633902425,0.9587894292832801,1.0,0.00581189897681689,6.384053120726558,0.15664030061927048,0.016550962847106943
43,658,3328,256,15.53125,1,16,94.140625,-0.008010599031827114,0.1073902677877138,0.53446240335337,0.035384529918156604,100.0,0.0,100.0,-4.7268087783127815,-0.04726808778312782,0.0,14.518229166666666,0.0,6.733335762620147,7.605356319811322,62.97697473935359,49.686648478185475,14.063334740665855,44.07996726128431,42.8332265713451,43.235223510339424,17.02490253573362,-0.1386063550618763,1.0338881983593486,-10.691742165271974,-10.83034852033385,0.785060413764424,1.0,0.005485160437080575,2.923603533009804,0.34204364193339026,0.02594129222350356
43,659,3584,256,15.53125,1,16,94.140625,0.04221811707974271,0.06216666600250807,0.30880505881295195,-0.19880399306363677,100.0,0.0,100.0,-5.403643560874519,-0.054036435608745194,0.0,16.145833333333336,0.0,9.320754007114637,10.296230952486573,64.73076315289688,49.91568793067243,24.120542067476315,47.931599390121136,47.3497730115423,47.71723121201693,28.40275859368008,0.6360701270423077,0.7858817453191694,-14.399264821115441,-13.763194694073135,0.2209816549030669,1.0,0.0046439886822613585,4.1022868135176855,0.24376647598233295,0.02255884657927427
43,660,3697,113,14.938053097345133,1,16,86.72566371681415,0.19086629046533807,1.3282685401931698,13.506642962409526,-0.7681293744153792,85.84070796460178,0.0,85.84070796460178,-3.6876764443446026,-0.03687676444344602,0.0,16.666666666666664,0.0,10.50783884547499,10.696505142905302,74.3883333896281,49.981198475453795,28.745292297535794,49.14990822835185,48.827877968958774,49.05172677134505,33.32154467088636,2.774425047078646,5.1974307041863534,-14.12565434210963,-11.351229295030985,3.9232835884939723,0.25488853340420115,0.004864558014429962,18.19194540674997,0.054969382198616225,0.020486430562682595
44,661,256,256,15.53125,1,16,94.140625,-0.10008462876895388,0.15679906662967247,1.3875245565042404,0.4601869362646166,0.0,0.0,0.0,-7.0178479101090785,-0.07017847910109079,0.0,0.0,0.0,0.8739623503761891,3.1333069676302197,45.745326525486654,21.169092499638033,2.7951092798448753,8.234340118314169,7.694920901281563,7.889597453907348,3.0453357068974123,-1.253019416502882,1.66584786610557,-1.9104953811823109,-3.163514797685193,0.95932580310724,1.0,0.0064278476860748,6.9253761469451645,0.1443964889100078,0.01914131294437306
44,662,512,256,15.53125,1,16,94.140625,-0.07975394856813495,0.07984220399902595,0.6740107635740422,0.3702405378629453,0.0,0.0,0.0,-4.480668059929976,-0.044806680599299764,0.0,0.0,0.0,0.9587267354377603,1.2795700986628105,77.11800656053154,24.278622587886254,2.9035768650604923,8.789105788974156,8.210240422953063,8.327344236860938,3.1553847342055903,-1.1484116592943856,1.1610432925382603,-1.2431943954428277,-2.3916060547372133,0.09642078479304701,1.0,0.005545646812432073,5.005034452205293,0.1997988244735029,0.020243834419839676
44,663,768,256,15.53125,1,16,94.140625,-0.06575602493305659,0.06587949647745672,0.4583549770103392,0.30592841733223114,0.0,0.0,0.0,-4.152980460025873,-0.041529804600258735,0.0,0.0,0.0,1.7042392085044968,2.09966889443496,82.76048181375535,34.11645043139974,3.8093552016137044,13.782638862467934,12.695906786254561,12.946215254074522,4.248209473873533,-0.9461333806332014,0.9574497135728218,-2.059242734158709,-3.0053761147919107,0.3107318212812526,1.0,0.005009189113980096,5.462520522946954,0.18306567376711913,0.022676116632327194
44,664,1024,256,15.53125,1,16,94.140625,-0.0649594155327473,0.0678230216885202,0.4903034928575792,0.3036067653783218,35.9375,0.0,35.9375,-3.857487186222565,-0.03857487186222565,0.0,1.0416666666666665,0.0,3.1517791040129803,7.649544193456396,85.16343520778533,42.434112259968515,6.260321290679041,23.44801519263931,21.778615983129434,22.278587485196365,7.289058208604222,-0.9405833679112613,0.990256020287258,-3.70085952536219,-4.641442893273451,0.4634730312764258,1.0,0.006276019394654325,6.420217450337771,0.15575796423334376,0.025396070114948786
44,665,1280,256,15.53125,1,16,94.140625,0.07810928302973633,0.09094010137481263,0.7661121499672829,-0.36939533251965634,100.0,0.0,100.0,-0.7986546047408654,-0.007986546047408654,0.0,39.32291666666667,0.0,11.605091417227428,14.691405800966058,95.66530475510943,49.97365556605416,32.3683256968715,49.18323928336467,48.866597539442864,49.06526511369583,36.50772211497873,1.1555707423854678,1.237830481097701,-12.130930275019695,-10.975359532634227,0.169139582207167,1.0,0.005094798485980226,7.189985929121913,0.13908233059951572,0.023405945804188436
44,666,1536,256,15.53125,1,16,94.140625,0.036096810061124654,0.07131558671544552,0.27264704255649774,-0.16771511008597692,100.0,0.0,100.0,-6.8495652784546905,-0.06849565278454692,0.0,66.66666666666666,0.0,16.740163679624274,18.338004433200453,71.25741149343442,49.99977185860898,45.14578449111256,49.968883970657714,49.94813542773644,49.960394143278045,47.20202385860906,0.5011025895125394,0.7384403057207776,-23.49252285310237,-22.99142026358983,0.41164136419901,1.0,0.004942739513287555,2.842579139877753,0.35179319582391844,0.024796887995504314
44,667,1792,256,15.53125,1,16,94.140625,-0.0024214803933851614,0.08891005938492194,0.2557116793078613,0.017058853990899472,100.0,0.0,100.0,-17.68545734606638,-0.1768545734606638,0.0,66.66666666666666,0.0,17.325835741616054,18.85881387422004,49.51174159575238,49.999855732439244,45.67405221326025,49.977665671602864,49.96229117314505,49.96984767146571,47.60621196217497,-0.012190868285281792,0.715138698865977,-34.99338779693106,-35.00557866521635,0.09501404007743883,1.0,0.004540458023131798,0.3764491064855108,1.0,0.020143183633270098
44,668,2048,256,15.53125,1,16,94.140625,0.024993196975422016,0.02656515130991996,0.07612456790937179,-0.11699871891072658,100.0,0.0,100.0,-14.34332794662156,-0.1434332794662156,0.0,66.66666666666666,0.0,15.698516798518796,15.989283169904276,52.28456911958247,49.999675137665186,43.42506913012115,49.95715982235485,49.9291695481531,49.941299679821526,46.20923617588717,0.36627055397021646,0.39019115292218454,-30.025143293452388,-29.658872739482177,0.02243133703618802,1.0,0.004079722246997873,2.0004573004422377,0.4998857010239267,0.019576479253349946
44,669,2304,256,15.53125,1,16,94.140625,-0.11816013038748072,0.187073531505258,1.9440161261629552,0.5659032699309021,100.0,0.0,100.0,-21.408843239095557,-0.2140884323909556,0.0,66.66666666666666,0.0,18.71211738358761,20.060159306418328,46.6854991459165,49.99994496521325,47.07662953140939,49.98950810131554,49.981541636975535,49.98543316530419,48.5123290601096,-1.7602722670990034,1.9718093853935046,-40.081219491950804,-41.84149175904981,1.0693747532335613,0.9351258732976565,0.004555729520314565,9.61227347271899,0.10403366101038879,0.0154209786964328
44,670,2560,256,15.53125,1,16,94.140625,-0.28724276766668744,0.4682635877678024,8.833264725466673,1.3036091293093346,100.0,0.0,100.0,-41.704574057832865,-0.41704574057832866,0.0,66.66666666666666,0.0,20.416538955773728,20.80356160145923,33.03203975245225,49.99999133150794,48.37183374788961,49.996956721968154,49.994210262760376,49.995600584264764,49.25053491608174,-4.143548064071333,4.203157081401235,-61.80829009888206,-65.9518381629534,2.7822082787106788,0.35942672144711485,0.006031508825275848,24.11206474636181,0.04147301404998453,0.013512618751771274
44,671,2816,256,15.53125,1,16,94.140625,-0.09402385518676126,0.2582803147404668,2.274408932663506,0.4074865048161659,100.0,0.0,100.0,-37.73752611341158,-0.3773752611341158,0.0,66.66666666666666,0.0,19.24194400051699,20.863924218019086,34.21723122957265,49.99997358476247,47.555317969056595,49.99345913199365,49.98810003959909,49.99039632717888,48.81381370104917,-1.2712094595664176,2.132795786128389,-56.23466104378111,-57.50587050334752,2.0608095154099138,0.4852462066592753,0.0070832328429805205,8.227352343423288,0.12154578511510712,0.013956692397780137
44,672,3072,256,15.53125,1,16,94.140625,0.04667666059826846,0.2590853710391301,1.378021030054175,-0.2050795474975665,100.0,0.0,100.0,-15.696191984049328,-0.15696191984049326,0.0,37.3046875,0.0,10.622644385308904,17.54275458900224,45.423132763214646,49.884336585515115,26.82656959457232,47.72799458561237,47.10280932072316,46.864633068355666,30.63971579714692,0.6811935827872255,1.6601331452953856,-23.385979211701397,-22.704785628914166,1.166043706224229,0.857600786884828,0.0076948717291478825,8.052838925620113,0.12417980903833792,0.01322251679659034
44,673,3328,256,15.53125,1,16,94.140625,0.007618281388776779,0.10264645301060589,0.5644470621720171,-0.03859781474758395,100.0,0.0,100.0,-4.1905211024735785,-0.041905211024735795,0.0,16.666666666666664,0.0,7.486668616115038,8.255660327035171,66.8466833829231,49.85294531736635,16.307502577344092,46.68112483831378,45.702017535713324,45.3793825306082,20.42524178229794,0.10227498577274485,1.0624942937936346,-11.199760761844484,-11.09748577607174,0.26358424920639945,1.0,0.006955159460515168,1.1778092492635392,0.8490339166764739,0.038870385125662626
44,674,3584,256,15.53125,1,16,94.140625,0.041536988651301864,0.0634877401787382,0.29998571228040627,-0.19903128310464444,100.0,0.0,100.0,-6.0400840305667405,-0.060400840305667405,0.0,16.666666666666664,0.0,9.498059900050633,10.524199745969428,62.33274781709285,49.94094279812916,24.350429418643067,48.47479325184335,47.933828666895025,47.96426518201996,29.611572183453816,0.6643692426422565,0.774578223655179,-15.23767238357825,-14.573303140935995,0.281086865516949,1.0,0.006486493976875972,4.436223154775016,0.2254169741041161,0.03441196236739691
44,675,3711,127,15.05511811023622,1,16,88.18897637795276,0.18058714138551127,1.290717159898824,12.765208305905293,-0.7174231549136847,87.4015748031496,0.0,87.4015748031496,-3.917415923643584,-0.039174159236435836,0.0,16.666666666666664,0.0,10.713552112181127,10.919950602386002,73.55670867346132,49.985790258552186,29.047835335157828,49.37756129073529,49.083693743756584,49.154395261911425,34.694353721852366,2.6287346287442266,5.05276326496805,-14.56502378286332,-11.936289154119088,3.887994769840319,0.25720199208011546,0.005512540730356526,17.17737963804238,0.05821609704575202,0.03217914051058252
45,676,256,256,15.53125,1,16,94.140625,-0.10719474625275809,0.13662848217547083,1.7257864627771182,0.5232048070490581,0.0,0.0,0.0,-5.828678434842542,-0.058286784348425436,0.0,0.0,0.0,0.9749558839697045,1.6990864712620324,71.19939678778984,23.34125180521785,2.811152301248095,9.328883340095544,8.514581526614002,8.320186871246737,3.175486800804218,-1.4563279622182022,1.857840931176358,-1.3693316628447927,-2.825659625062995,0.5250621587213917,1.0,0.005335605057197642,5.435762665230378,0.18396682518838745,0.03214153492151563
45,677,512,256,15.53125,1,16,94.140625,-0.038525807283609104,0.03868896060171751,0.15767107987384382,0.1850558727250055,49.609375,0.0,49.609375,-2.959228243485579,-0.02959228243485579,0.0,0.0,0.0,2.096272551770369,2.489720782015383,87.59560721655896,38.31966674239176,4.215508180118814,17.50779130848614,15.721189951576878,15.549397558981088,4.984633535222549,-0.5534201864068361,0.5615533454158097,-2.3931252015729987,-2.9465453879798345,0.1674606854612379,1.0,0.004767953876288977,3.3095619325559094,0.3021547928029616,0.030079017644130446
45,678,768,256,15.53125,1,16,94.140625,-0.026109656809070732,0.026340500674112526,0.07287076763115366,0.12201821655586002,100.0,0.0,100.0,-2.7798970516068398,-0.027798970516068396,0.0,0.0,0.0,2.9248770371709756,3.3291711960135713,88.9437064043887,43.60738830997094,5.355383986056328,23.815389512755978,21.43724219089657,21.33263523410156,6.504831597608458,-0.3743483977538916,0.38176109710433737,-3.288458684049909,-3.662807081803801,0.06824987755311444,1.0,0.004335684139066196,2.4369841539999775,0.4103432508408544,0.029371533343551207
45,679,1024,256,15.53125,1,16,94.140625,-0.02655818985874023,0.03229067754806515,0.10796676398835335,0.12458960768708496,100.0,0.0,100.0,-2.5895546850516173,-0.025895546850516173,0.0,2.213541666666667,0.0,4.363094385147323,8.778666521103606,89.21437458142788,47.090835296597284,8.33215758611695,32.63151965038345,30.143853838574252,30.204487451100864,10.4668971023483,-0.3863743030288097,0.4646864835313232,-4.890573302360634,-5.276947605389443,0.08717479127043379,1.0,0.003842517187244448,2.6771193920810967,0.3735358247218985,0.02987648177561344
45,680,1280,256,15.53125,1,16,94.140625,0.08661743877360814,0.09223543980570877,0.856520699650924,-0.41061515316258945,100.0,0.0,100.0,-0.7077621089516828,-0.007077621089516829,0.0,48.2421875,0.0,12.467047325886561,15.389546623624991,95.58329885559219,49.98933273285502,34.68951212217591,49.59179526825125,49.37368680077728,49.45778978441172,39.80823849150056,1.2608742260558397,1.3088320745236373,-13.043123092792444,-11.782248866736603,0.32203946078229073,1.0,0.003480623402991359,7.6776398365933805,0.13024836034034473,0.026096939630201894
45,681,1536,256,15.53125,1,16,94.140625,0.019038890445893894,0.07687914693149252,0.20069485494451864,-0.08557564658320999,100.0,0.0,100.0,-8.477781045215622,-0.08477781045215624,0.0,66.66666666666666,0.0,17.05607179058726,18.46429752060871,67.0592219025982,49.999849185712755,45.28020805121437,49.97862101891745,49.960753307632174,49.96790753707407,47.71193009611737,0.24159344645132771,0.6335532415583061,-25.434341924457115,-25.19274847800579,0.15532980683962347,1.0,0.003156355539894785,1.4131298661924885,0.7076490448074542,0.026582813148941058
45,682,1792,256,15.53125,1,16,94.140625,-0.010302165162192845,0.09231920027269429,0.2964502788590519,0.0554372288884788,100.0,0.0,100.0,-19.07046686081977,-0.19070466860819774,0.0,66.66666666666666,0.0,17.299410597729825,18.953879971702325,47.58727129878388,49.99986865991241,45.30122509499219,49.98072807036763,49.96451423955567,49.969652943612935,47.77953012516926,-0.1299729182078763,0.7700003621545277,-36.35302072504401,-36.48299364325189,0.284662606202541,1.0,0.0030749803764238844,0.79734813804416,1.0,0.021980589894772348
45,683,2048,256,15.53125,1,16,94.140625,0.016914183357728013,0.01956357792784033,0.04059814636280899,-0.07853002498498424,100.0,0.0,100.0,-15.118700050248503,-0.151187000502485,0.0,66.66666666666666,0.0,15.739298160060958,16.286874655349266,51.03364478247796,49.99971826196318,43.05053837459863,49.96410160082684,49.935206182819314,49.943335775412486,46.55479968305821,0.24914360977415767,0.2849496319099535,-30.841023068501144,-30.59187945872699,0.08770515526984528,1.0,0.0027359870395552337,1.3654805635042075,0.7323429030975868,0.02158959343060591
45,684,2304,256,15.53125,1,16,94.140625,-0.1416886440985396,0.21886558057488822,2.5844572534979555,0.6638604744277132,100.0,0.0,100.0,-23.323460548015447,-0.23323460548015443,0.0,66.66666666666666,0.0,18.896621601100584,20.163903113294417,44.80297362518843,49.99995932487647,47.02335648649153,49.9920919917365,49.984622473005324,49.98737072148232,48.748647396558766,-2.1009028406444497,2.2735246880110873,-42.177159398359265,-44.27806223900372,1.333258279076569,0.7500422203960453,0.00559318176433993,11.483757369621802,0.08707951307342304,0.017933856198815025
45,685,2560,256,15.53125,1,16,94.140625,-0.28953515945638053,0.46975344043305806,9.288047315529145,1.40803577136573,100.0,0.0,100.0,-43.09880533935514,-0.43098805339355134,0.0,66.66666666666666,0.0,20.456375769491384,20.850988809348507,32.33787276324525,49.99999242787311,48.2337718375458,49.997426507490026,49.994589084674296,49.99572146761821,49.33513728023024,-4.215538046468603,4.309999377152889,-63.25826042813118,-67.47379847459979,1.0849389140355887,0.9217108788921157,0.004743346411052024,24.402913306221244,0.040978713789269636,0.015973482482496047
45,686,2816,256,15.53125,1,16,94.140625,-0.07292611137122659,0.25202030922053326,1.3852805784688746,0.3541295328032822,100.0,0.0,100.0,-36.24725538486659,-0.36247255384866595,0.0,66.66666666666666,0.0,18.939855335542,20.829547252940735,34.78327841122966,49.99996904579338,47.064734707517374,49.993132079893144,49.98640498754801,49.98853957512596,48.79222496600407,-0.8793053118932456,1.6645002724354687,-54.451035671862755,-55.330340983756,0.5478711867763187,1.0,0.006356253068963398,5.694180981898629,0.17561788133867265,0.015904531786018562
45,687,3072,256,15.53125,1,16,94.140625,0.041320284868139365,0.27686362797353337,1.5909312339542152,-0.18774455807469903,100.0,0.0,100.0,-14.412342906294127,-0.14412342906294126,0.0,33.203125,0.0,9.51254204604254,16.974756934176945,45.82008806941951,49.82121413227231,22.846525440021658,46.95799288716457,45.94806717641055,45.527362293651294,27.565072146575723,0.5812606380643015,1.783777583643328,-20.76063675746456,-20.17937611940026,0.656341359230548,1.0,0.006558144582717046,7.1795865112494734,0.13928378722550813,0.015628242960342244
45,688,3328,256,15.53125,1,16,94.140625,-0.0019956324181719283,0.10560093537931306,0.5362601185503576,0.0048328462906581104,100.0,0.0,100.0,-4.422640249323776,-0.04422640249323777,0.0,16.666666666666664,0.0,7.526074377344941,8.38721480749814,65.37864803216345,49.86555338330059,15.919435156829417,47.038908507015094,45.89155886119813,45.513297499512774,21.268093308490222,-0.049973601619517805,1.0356255293786047,-11.511517297883614,-11.561490899503132,0.4786308162941268,1.0,0.005941264375129657,1.507703825759062,0.6632602391232537,0.03493428092921019
45,689,3584,256,15.53125,1,16,94.140625,0.050727778727821894,0.05852483343458237,0.3263223132624682,-0.23762533146351097,100.0,0.0,100.0,-5.792842106449494,-0.05792842106449494,0.0,16.666666666666664,0.0,9.839268573984523,10.634262910134089,63.76641764510583,49.96508955067988,25.018639604989968,48.95437213450224,48.4441246610143,48.460040578580326,31.8235021190239,0.7593985819196694,0.8078642376816394,-15.43017302421677,-14.670774442297102,0.27787276330789634,1.0,0.005585297163453175,5.1712296897815575,0.19337760261858372,0.029707360088152036
45,690,3697,113,14.938053097345133,1,16,86.72566371681415,0.19653712508049487,1.3888684416467474,14.68406415967389,-0.6611274148503908,85.84070796460178,0.0,85.84070796460178,-4.053732811920331,-0.040537328119203304,0.0,20.206489675516224,0.0,10.814661431024936,10.991699115190276,73.04866014765389,49.987916400759566,28.852918687000127,49.47410916700111,49.16860774828337,49.20952654407211,35.78715747136877,2.8586194952844655,5.419236876106061,-14.80473619798798,-11.946116702703511,6.305435710738357,0.1585933226306579,0.006195121232004867,18.689593464824632,0.05350571171502917,0.027359635198511895
46,691,256,256,15.53125,1,16,94.140625,-0.013651792868672102,0.013903066381010623,0.02000924895849296,0.06444099273269717,100.0,0.0,100.0,-1.9096040356945057,-0.019096040356945055,0.0,0.0,0.0,2.5192415092607403,2.8856849163633895,91.79653986804989,41.6170640523107,4.664606952018716,21.39706632542071,18.830574885824163,18.441258425632608,5.873941340941322,-0.1944806179750026,0.20004623944724859,-2.744375237761626,-2.9388558557366284,0.02129082331591918,1.0,0.0055832274298535595,1.1805286923539062,0.8470780985475733,0.024793838978014817
46,692,512,256,15.53125,1,16,94.140625,-0.003630072269593689,0.004696871021086994,0.00219589677210184,0.017686112637234627,100.0,0.0,100.0,-1.80144941265951,-0.0180144941265951,0.0,0.0,0.0,3.2879519174469682,3.6750263215471723,92.4043166447027,45.28218486010309,5.792978515762357,27.290176730413524,24.29026287936901,23.93109825851137,7.463001597674209,-0.05029291116662948,0.0662706084490227,-3.558223291763781,-3.60851620293041,0.00714129623617865,1.0,0.005034640484322878,0.3191069339397699,1.0,0.022700690258456578
46,693,768,256,15.53125,1,16,94.140625,0.006915780436660548,0.007529705856634933,0.006076969326786634,-0.03265167278474582,100.0,0.0,100.0,-1.6975702897388465,-0.016975702897388464,0.0,0.0,0.0,4.084829393558087,4.470746191686848,92.69774077188306,47.45363581603571,7.184079113742079,32.96719811597933,29.849331937692803,29.55837948105566,9.43084057708046,0.10191781135917102,0.1102449030729914,-4.406611595432853,-4.304693784073683,0.01753550565340416,1.0,0.004524768674527772,0.6696409545364345,1.0,0.02004870872025891
46,694,1024,256,15.53125,1,16,94.140625,0.005648058806129817,0.017080733562369554,0.029696638741755065,-0.026884864879547478,100.0,0.0,100.0,-1.5752461106896352,-0.015752461106896348,0.0,3.2552083333333335,0.0,5.38453664138815,9.541934605505997,92.68437232233566,48.77403008365482,10.428159245892559,39.09716466950289,36.47191398178808,36.32702658700277,13.844995623109046,0.07871199308903473,0.2437073603392194,-5.809541033154897,-5.7308290400658635,0.0718638502055335,1.0,0.00404694591330487,0.5166655040687956,1.0,0.018499872298722946
46,695,1280,256,15.53125,1,16,94.140625,0.08705281743303002,0.09193112920682968,0.8561418740432576,-0.41116861847595,100.0,0.0,100.0,-0.8684476113877365,-0.008684476113877364,0.0,55.729166666666664,0.0,13.091815447517156,15.775120856122117,94.34134759515776,49.99429896157401,36.37807868219686,49.747809968537325,49.586103370150866,49.630167951013206,41.88193250164552,1.2694984470237725,1.3085426046126718,-13.877070638949743,-12.607572191925968,0.47979409971978704,1.0,0.0038266801438685805,7.620908367427242,0.13121795352823432,0.020295772887826746
46,696,1536,256,15.53125,1,16,94.140625,-0.00017595710639539686,0.08466950591942218,0.20372939881398816,-0.004383633426407504,100.0,0.0,100.0,-10.185351492277547,-0.10185351492277547,0.0,66.66666666666666,0.0,17.290882403147226,18.770777417674896,63.17199753903873,49.99988559283574,45.473342005156766,49.98327733206141,49.967541160092836,49.972169344345446,48.02099815659524,-0.03805785294809358,0.638324993735931,-27.37111865500515,-27.409176507953248,0.7687224043479514,1.0,0.00512919419352792,0.3392809254201234,1.0,0.019766370225687415
46,697,1792,256,15.53125,1,16,94.140625,-0.01885729889132351,0.10135772071899202,0.3759895501907372,0.0730554527116156,100.0,0.0,100.0,-20.511442695917598,-0.20511442695917598,0.0,66.66666666666666,0.0,17.282614058591754,19.055000993092076,45.748965382039984,49.99987424051115,45.19538484558301,49.982234890304994,49.965833934525506,49.96911327840557,47.86651575412554,-0.2661190204661419,0.8671672851194713,-37.777059905657495,-38.04317892612363,0.9522899556998701,1.0,0.0076327975647988355,1.4849211933848263,0.6734364116122113,0.016308924864803207
46,698,2048,256,15.53125,1,16,94.140625,0.007480930938825528,0.013152644720864689,0.01710312957731631,-0.03545066581495725,100.0,0.0,100.0,-15.983377491001256,-0.15983377491001255,0.0,66.66666666666666,0.0,15.74029617303993,16.4610432756787,49.64500669450638,49.99973505445523,43.018492770599494,49.96729817392316,49.938522861853976,49.94323249567044,46.69026628566437,0.11262897361052773,0.1849493421308457,-31.705698560781386,-31.59306958717086,0.028368377244581362,1.0,0.0068784613344824155,0.6220707136469489,1.0,0.015995792574235276
46,699,2304,256,15.53125,1,16,94.140625,-0.158101309085044,0.23153201516536412,3.1040764235949982,0.7618806790285706,100.0,0.0,100.0,-25.109971507067687,-0.2510997150706769,0.0,66.66666666666666,0.0,19.028302324969925,20.212146042774304,43.156356131464925,49.99996573044905,47.14715059341269,49.993343288297275,49.98646612149366,49.98827183744977,48.858551868867956,-2.3402361935041958,2.4916165128666963,-44.09154069218683,-46.431776885691036,0.5899661183805462,1.0,0.007134113424655332,12.805021945009264,0.07809436050125228,0.01376489659174164
46,700,2560,256,15.53125,1,16,94.140625,-0.3102606540342041,0.506434738285861,10.303402734498658,1.4697891609235532,100.0,0.0,100.0,-44.75950919774057,-0.44759509197740566,0.0,66.66666666666666,0.0,20.53844286580852,20.916763696178673,31.597369967334558,49.999993140414674,48.2861456794941,49.99773045562702,49.995029222098225,49.995817129727996,49.37578262946376,-4.455709236385378,4.539471937240863,-65.00048227761113,-69.4561915139965,3.57702465020641,0.27956195379931076,0.004509995059953945,25.805536067550555,0.03875137479734283,0.013346327090539095
46,701,2816,256,15.53125,1,16,94.140625,-0.0482435543376975,0.20107843071787396,0.9460928198409031,0.23590887688873152,100.0,0.0,100.0,-35.40268284215522,-0.3540268284215522,0.0,66.66666666666666,0.0,18.7150810962536,20.903152241120935,35.085193255147956,49.99996328684097,46.87491121623107,49.99264858768288,49.98508083597919,49.98646477284064,48.70666824975683,-0.5926559571105368,1.375567388273583,-53.34182132090034,-53.934477278010874,1.3350129119378182,0.7490564256404567,0.0048155300176480125,3.900319069833044,0.25638928049104603,0.015309667407164194
46,702,3072,256,15.53125,1,16,94.140625,0.028888199213317943,0.299378345942381,1.840166307953108,-0.131188503622101,100.0,0.0,100.0,-13.717805654486206,-0.13717805654486204,0.0,25.651041666666668,0.0,8.496872662523943,16.110375647486368,45.653761597486735,49.71487890171441,19.87569259030637,45.85977086304674,44.49751486862209,43.72605424400315,24.17687407046199,0.38638382922656034,1.9184193013797104,-18.611549991078284,-18.225166161851725,2.318116678291329,0.43138467073930653,0.0075613910512134196,5.986640160069371,0.1670386014963713,0.015715438478508707
46,703,3328,256,15.53125,1,16,94.140625,-0.008470275109847353,0.09804303111675654,0.47658019309217436,0.03274952213576064,100.0,0.0,100.0,-4.696379554674577,-0.04696379554674576,0.0,16.666666666666664,0.0,7.462773660244213,8.417010454724817,63.666275540710046,49.86167131958038,15.948914937465068,47.10792889282545,45.91388790833062,45.34665957456367,21.03533387374127,-0.14046270022974777,0.9762993322666715,-11.721706031747217,-11.862168731976965,0.218459496608543,1.0,0.006445237343304602,1.9935063736324201,0.5016286946591868,0.024371791612129056
46,704,3584,256,15.53125,1,16,94.140625,0.05206669505955555,0.056734764458170266,0.31923517186637274,-0.2372252091241408,100.0,0.0,100.0,-5.521915700743875,-0.05521915700743876,0.0,16.666666666666664,0.0,9.756912940312478,10.41473950011039,64.61919569027147,49.968560253682305,24.947401755841213,49.032983025489884,48.52249049695621,48.47342616299662,31.591246108575394,0.7795468627811242,0.7990433928972478,-15.099093753934481,-14.319546891153356,0.11811199922275656,1.0,0.005760693767322588,5.423978433460134,0.18436651477651012,0.020897334834557923
46,705,3688,104,14.846153846153847,1,16,85.57692307692307,0.20281764870888216,1.4224346621844797,15.324249261052707,-0.7525469668244956,84.61538461538461,0.0,84.61538461538461,-4.050540755624626,-0.04050540755624627,0.0,16.666666666666664,0.0,10.571761100469566,10.73469166772949,72.66247927206196,49.98602851192925,28.20393325802322,49.43694214760353,49.10270817502533,49.08956429668297,34.87926946993029,2.9489894383383186,5.536108608228836,-14.549133481789012,-11.600144043450694,4.0797785787162075,0.2451113413891869,0.005437793160158236,19.612678368731537,0.05098742666347389,0.020587729191756443
47,706,256,256,15.53125,1,16,94.140625,0.02417865124072232,0.024267393655716604,0.06301511879974311,-0.11683847899465535,100.0,0.0,100.0,-0.5430915646379029,-0.005430915646379028,0.0,0.0,0.0,3.6778896818695586,4.025177701336787,97.59587845526463,46.571974336588056,6.455775878533487,30.518773198330244,27.34474496898777,26.532891489032437,8.297452254304869,0.35136389223500064,0.35500737682404043,-3.7684887313713826,-3.417124839136382,0.08927110417897306,1.0,0.004903958849137947,2.1548319036825654,0.4640733220493996,0.021318774355215273
47,707,512,256,15.53125,1,16,94.140625,0.031216054512673126,0.031302480246569155,0.1043382014987113,-0.14772962764338812,100.0,0.0,100.0,-0.5128533284348331,-0.0051285332843483316,0.0,0.0,0.0,4.331260495177441,4.693111990201656,97.67594698299229,47.94861125409959,7.71140618176694,34.94243367944878,31.83183754449047,31.043061163384323,9.997196108433556,0.4521232331672048,0.45681112398607654,-4.43431635828585,-3.982193125118645,0.1567482087366331,1.0,0.004541775496843782,2.7991816741113955,0.3572472659594171,0.023140234754918478
47,708,768,256,15.53125,1,16,94.140625,0.03837810031404068,0.038447180104512396,0.1572817606483013,-0.17706399400640518,100.0,0.0,100.0,-0.482323680322814,-0.004823236803228139,0.0,0.0,0.0,4.970700444835751,5.327836065753233,97.73181092142389,48.77176607806654,9.134025914676513,38.6461021161963,35.79252274485304,35.071665861773155,11.89937097141621,0.555456733924393,0.5608596270873868,-5.086061946434392,-4.5306052125099985,0.17080441312066527,1.0,0.0039698463275662284,3.4529773808901796,0.28960514063437026,0.02549898419084993
47,709,1024,256,15.53125,1,16,94.140625,0.034486668384262925,0.03752191795575996,0.14736603164850098,-0.16447831955482944,100.0,0.0,100.0,-0.44282108538288484,-0.004428210853828849,0.0,4.361979166666666,0.0,6.08874094876775,10.032008669825041,97.78805058841958,49.33887957117965,12.41226975021278,42.51197511775564,40.28029758696859,39.74999698713681,16.11357692528052,0.49474262083993814,0.5428923127996951,-6.2264672545674005,-5.731724633727462,0.0716728863020725,1.0,0.003670381052529799,3.0674459290361717,0.32600411649773137,0.028039405227723718
47,710,1280,256,15.53125,1,16,94.140625,0.07438959588898833,0.08157673897885291,0.6378861727967754,-0.35948266567844217,100.0,0.0,100.0,-1.6778021342369518,-0.01677802134236952,0.0,60.15625,0.0,13.67312097425643,16.204097840694097,89.65685294226898,49.9964582017776,38.31276832780975,49.827643183784794,49.71159793952694,49.721984444008655,43.01862933240349,1.0837688618773305,1.1295009276638734,-15.250502918121272,-14.16673405624394,0.3369423458342274,1.0,0.0028168425135805058,6.500417921472742,0.15383626284961058,0.030565546683123796
47,711,1536,256,15.53125,1,16,94.140625,-0.030842513647191164,0.10194574467625146,0.3105370919157578,0.14103076961544686,100.0,0.0,100.0,-13.341490586886717,-0.13341490586886717,0.0,66.66666666666666,0.0,17.626498543011007,18.944226430862667,57.14753023158023,49.999917666730795,46.06252133633177,49.98730197299709,49.975090753714674,49.97633793162993,48.19314064609807,-0.46797498603359916,0.7880825996248843,-30.843850069430385,-31.311825055463984,0.8926108550524938,1.0,0.006247960228500694,2.5768340181924563,0.3880731133398569,0.024947669942769552
47,712,1792,256,15.53125,1,16,94.140625,-0.030981460717661474,0.12240598973627935,0.4660532752627993,0.15377666768118387,100.0,0.0,100.0,-22.40640247988321,-0.22406402479883208,0.0,66.66666666666666,0.0,17.14686613768402,19.192742078390637,43.371302380255685,49.99986371556642,45.2281681655308,49.98191816036052,49.96553058541326,49.96501383253965,47.670221783504154,-0.3688927620747694,0.9654566538822955,-39.535050129114744,-39.903942891189516,0.35417569043697783,1.0,0.004403433281185338,2.015160983706734,0.4962382698381628,0.02161741811926386
47,713,2048,256,15.53125,1,16,94.140625,-0.006095997884919616,0.015140293300952018,0.019317377477942647,0.029446708076755868,100.0,0.0,100.0,-16.9648470714855,-0.169648470714855,0.0,66.66666666666666,0.0,15.631365270676362,16.675959380374174,47.98537318387063,49.99972428618845,43.20417950061574,49.96769884477341,49.939793680008606,49.937752981851695,46.459135292585714,-0.08429559472488202,0.19655725617713862,-32.57527082425723,-32.659566418982116,0.03279051546108673,1.0,0.003999680971786989,0.46433706455040297,1.0,0.018790204794573797
47,714,2304,256,15.53125,1,16,94.140625,-0.18819725489498298,0.26907674433348205,4.160972440343228,0.9040906067826765,100.0,0.0,100.0,-27.854994569845893,-0.2785499456984589,0.0,66.66666666666666,0.0,19.246446618997286,20.363713824089732,40.91368834279222,49.99997308712312,47.53380811659402,49.99463545187463,49.98907801953346,49.989389957883475,48.915769186348626,-2.767285107590629,2.8847781337022185,-47.04158289945018,-49.808868007040815,0.7332194611539008,1.0,0.003970179070490936,15.187551774060447,0.06584339693958761,0.01767066143526925
47,715,2560,256,15.53125,1,16,94.140625,-0.31251480685597677,0.5280637684705622,10.571142460277986,1.511232632511089,100.0,0.0,100.0,-46.595839496323904,-0.4659583949632391,0.0,66.66666666666666,0.0,20.65027217429364,21.0015396190543,30.857212685249984,49.9999938716537,48.47622421833728,49.998004575199445,49.99566062178205,49.99583813038249,49.37296325997107,-4.483421076210747,4.598074044701322,-66.92202690155696,-71.40544797776771,2.0636823953418078,0.48457068890892485,0.007175676837043807,26.122193380091723,0.03828162457300087,0.017740752217454785
47,716,2816,256,15.53125,1,16,94.140625,-0.02201220775896623,0.14350531015553433,0.6887759928903032,0.11107958218786032,100.0,0.0,100.0,-33.028415666348934,-0.33028415666348937,0.0,66.66666666666666,0.0,18.190007684996626,20.77298837416737,36.185749015576256,49.999939345942,46.55373528095943,49.99013160674726,49.98070110548805,49.97953335672817,48.31745725113062,-0.26584907923790724,1.173691605908727,-50.26842936750235,-50.53427844674026,0.156749677546056,1.0,0.0073074698792561414,1.9636228683292836,0.5092627592236353,0.020869889131518143
47,717,3072,256,15.53125,1,16,94.140625,0.014795689287152133,0.3109982695866575,1.9563317973862904,-0.06936225608462343,92.578125,0.0,92.578125,-12.161994469924029,-0.12161994469924027,0.0,13.346354166666666,0.0,6.879349771707785,15.596175883776029,46.48141560822218,49.45607970656786,15.484456953359171,43.566656140550094,41.774551765137545,40.081322469164604,18.39908384606118,0.039676554552222604,1.9780453975509715,-14.800215702748273,-14.76053914819605,0.7904205232521667,1.0,0.006571322384002361,5.4270980214245,0.1842605377777055,0.02262239067723736
47,718,3328,256,15.53125,1,16,94.140625,-0.01861661271271716,0.09734782787517005,0.43449140741530135,0.08931834352697862,100.0,0.0,100.0,-5.338811880882188,-0.053388118808821876,0.0,16.666666666666664,0.0,7.038027121123966,8.038091078070225,59.48145471385048,49.82183562198689,15.261883800434045,46.64674475220757,45.37354582058896,44.28852264741168,18.953765232053662,-0.30242660879433714,0.9321924773514334,-11.832304967963626,-12.134731576757963,0.16740191367925877,1.0,0.0059097812960695545,3.4218444840236164,0.2922400490930956,0.023899428195466803
47,719,3584,256,15.53125,1,16,94.140625,0.04877498546309748,0.050452385395854824,0.26819456162321653,-0.2328675420027867,100.0,0.0,100.0,-4.829616987372983,-0.04829616987372983,0.0,16.666666666666664,0.0,9.158134137002563,9.677701195291204,66.41002940509739,49.95746104001529,23.443734089230006,48.801053460604855,48.210716602104455,47.977130951052985,28.885863803314557,0.7213541530531675,0.7323859114199515,-13.790287730695717,-13.06893357764255,0.13330176264638505,1.0,0.005534666811809927,5.21958197622979,0.19158622367730688,0.02163156102569282
47,720,3667,83,14.55421686746988,1,16,81.92771084337349,0.2197016027816603,1.4807154671943308,16.463216950940634,-0.8574698722799992,80.72289156626506,0.0,80.72289156626506,-3.822409047232826,-0.038224090472328255,0.0,16.666666666666664,0.0,9.806115109108761,9.940764376689437,72.5172557045398,49.97629310421443,26.07145745133428,49.197995257198365,48.77283406945022,48.59948507592444,31.610534286350987,3.1908893923748782,5.738155967022966,-13.52245753626177,-10.331568143886887,2.558660353584391,0.39082952084637346,0.004968854436787174,22.1163387561451,0.045215440540408006,0.021648858787403268
48,721,256,256,15.53125,1,16,94.140625,0.02152077923075213,0.025430691143973887,0.05118089703674847,-0.10155168283529048,100.0,0.0,100.0,-3.9069122720839613,-0.039069122720839615,0.0,16.666666666666664,0.0,7.956974475759285,8.502846379210592,80.4773875200562,49.872223527213606,18.278749193824893,47.44031475838779,46.387408256331526,45.82932413123095,23.021260885617387,0.2935901848057857,0.31994029767051374,-9.887217665678182,-9.593627480872398,0.09212100573606671,1.0,0.0044626540929418815,2.318953523692096,0.4312289960895211,0.02116999082876693
48,722,512,256,15.53125,1,16,94.140625,0.03629484471567295,0.03643179206061011,0.14147458670789112,-0.16692944454072295,100.0,0.0,100.0,-3.3246446468545523,-0.033246446468545514,0.0,16.666666666666664,0.0,8.678230177210109,8.888422981476815,83.24864209413245,49.93622282242397,21.065672737470468,48.37951519454134,47.63102878378122,47.225147630941635,26.11706121123042,0.5260940993215608,0.5319296696141157,-10.424470548597416,-9.898376449275853,0.1708561631677236,1.0,0.003991034801420894,4.018308029216318,0.24886096156123402,0.02231629169044052
48,723,768,256,15.53125,1,16,94.140625,0.045769343553060116,0.04586036245991689,0.22384582438202094,-0.21901768673311323,100.0,0.0,100.0,-2.9881103327440393,-0.029881103327440393,0.0,16.666666666666664,0.0,9.02973480714993,9.234180051443683,84.51354145554728,49.9526801777587,22.565536250536923,48.68901368196966,48.06279937334871,47.69924131906243,27.53207413450884,0.6625757890826522,0.6690976376912728,-10.684364483648363,-10.02178869456571,0.19530000957776833,1.0,0.003875446142036743,4.8915289904378305,0.20443505536915813,0.02438056527461214
48,724,1024,256,15.53125,1,16,94.140625,0.04067370316560606,0.045873675887707376,0.213516943831556,-0.18862395702074553,100.0,0.0,100.0,-2.717211428704293,-0.02717211428704293,0.0,22.330729166666664,0.0,9.79370627064737,12.885099433909852,85.42414365268846,49.96881087787964,25.667691592909556,49.05280882033257,48.58231535396314,48.2994757578374,30.44370039226103,0.5831830150801669,0.6534782993054261,-11.464798886911808,-10.881615871831642,0.23449932373999383,1.0,0.0032410660191966667,4.170284663198219,0.23979178419755487,0.026842836288888085
48,725,1280,256,15.53125,1,16,94.140625,-0.033871744746588106,0.09417260119433718,0.27328027015145473,0.16386959613325122,100.0,0.0,100.0,-11.053480032582833,-0.11053480032582833,0.0,66.66666666666666,0.0,16.596375941587684,18.579424030545905,60.91027644098899,49.99971138052373,44.84346167753495,49.972112384691705,49.95005632935209,49.943653366481975,46.98933257204367,-0.46992870402201975,0.7392973287540741,-27.247251057326203,-27.717179761348223,0.3647677739559587,1.0,0.0025662055880355545,2.800838092648515,0.3570359895578201,0.021718637573910887
48,726,1536,256,15.53125,1,16,94.140625,-0.17041842417147765,0.29407894516527644,3.274366461510789,0.7825461086011184,100.0,0.0,100.0,-28.780218168806467,-0.28780218168806465,0.0,66.66666666666666,0.0,19.371912378980724,20.125273629169214,40.34038491749461,49.999982561424034,47.905054063953386,49.99589769146528,49.991780450441546,49.99051520585745,48.889675238804976,-2.45430656685428,2.559049222469466,-48.02113916017596,-50.475445727030234,1.1668841508760994,0.8569831026063707,0.006777510415149727,13.578715320879864,0.07364466934970713,0.019676863959895183
48,727,1792,256,15.53125,1,16,94.140625,-0.027331511287521093,0.10241532000562295,0.3134199191227816,0.13486454912488524,100.0,0.0,100.0,-27.082731461040908,-0.2708273146104091,0.0,66.66666666666666,0.0,17.117313149494375,19.99062777098961,38.74295564468359,49.99988453401903,45.71181879461095,49.98398637280509,49.97048590720953,49.963347956777426,47.34959836030549,-0.3551786954212234,0.7917321758306677,-44.181743144429554,-44.53692183985078,0.41967790007146916,1.0,0.007234651426537088,1.9767610175151717,0.5058780455196451,0.017792390877297823
48,728,2048,256,15.53125,1,16,94.140625,-0.06437296765285591,0.09376341366758316,0.8188615710758604,0.307386956648264,100.0,0.0,100.0,-20.670060217058353,-0.20670060217058353,0.0,66.66666666666666,0.0,16.522785337676748,19.3097305690035,44.447781484235286,49.99984288990025,45.11380971713446,49.979564339348016,49.962776462534976,49.953398052745996,46.84303771666011,-0.9387669669302258,1.2797355750903079,-37.17347589898731,-38.11224286591754,0.7726820516695362,1.0,0.008227203594714731,5.164728524948858,0.19362101902730738,0.01809738198358594
48,729,2304,256,15.53125,1,16,94.140625,-0.26951548143446297,0.4003809956244924,7.943087913545774,1.295420787732641,100.0,0.0,100.0,-37.821625086329234,-0.37821625086329236,0.0,66.66666666666666,0.0,20.291226742885733,20.958024220311227,34.99369248020542,49.99999148592384,48.49557696474462,49.997569445742585,49.99503701215943,49.99406901855501,49.136914283193555,-3.905727289500545,3.98574658340085,-57.98538337834368,-61.89111066784423,1.2181272051284011,0.8209323261067726,0.011292313558516379,21.72636479546564,0.04602702796413983,0.01916189522331616
48,730,2560,256,15.53125,1,16,94.140625,-0.22958499278246666,0.5121764835766393,8.882920240329964,1.1217249597602004,100.0,0.0,100.0,-48.922680877014635,-0.48922680877014624,0.0,66.66666666666666,0.0,20.84177877456559,21.314303723901364,30.076989071286885,49.99999426516585,48.743214452834934,49.99819074490893,49.99626368513884,49.99544242629447,49.26175480572028,-3.2898605352266825,4.2149543865455925,-69.29476459617521,-72.5846251314019,2.758060769899405,0.3625735918924198,0.010404070131238972,19.627581911201332,0.05094871108036526,0.02027842316920748
48,731,2816,256,15.53125,1,16,94.140625,0.02815828151790936,0.265103279327352,2.2465079244483404,-0.11750339348398453,92.96875,0.0,92.96875,-26.447668186007064,-0.2644766818600706,0.0,59.9609375,0.0,15.918639587873164,18.944234779116794,39.79364296876788,49.99431800430469,42.45148691228003,49.83073301717597,49.75262842144888,49.631616436531374,43.749346187739334,0.4135151564149482,2.119673524129761,-40.00297132978486,-39.58945617336991,0.8134673867226915,1.0,0.010717720068434716,11.154070568057021,0.08965336859745138,0.022968587740453822
48,732,3072,256,15.53125,1,16,94.140625,-0.04216563982119877,0.2148720030113994,0.951945934199064,0.2028909075446141,79.6875,0.0,79.6875,-7.736525428227697,-0.07736525428227696,0.0,5.013020833333334,0.0,4.976525257070714,6.812835819952772,53.98272981015559,49.21531058818429,9.889852272842147,41.24164865689171,39.186391833853264,35.5022646567511,10.233621525175092,-0.5546430202217796,1.3798158820647515,-9.218735833797158,-9.773378854018938,1.2857901440009496,0.7777318909043228,0.012150683465094344,11.03250508134902,0.09064124535873072,0.020331245730044918
48,733,3328,256,15.53125,1,16,94.140625,-0.025584212021618445,0.0958255445141718,0.4225986769012241,0.11841333789167552,100.0,0.0,100.0,-6.85243002833878,-0.0685243002833878,0.0,16.666666666666664,0.0,7.319865615259099,8.70988647099238,54.292957374196604,49.85833372215908,17.464453684648593,47.203167877437764,46.21760488553052,44.72200190892439,18.505940206155135,-0.3917621130178265,0.919346155592358,-13.48216411349505,-13.873926226512875,0.4493041540003024,1.0,0.010209824462078161,4.314015853018605,0.23180257886634323,0.021956398882284713
48,734,3584,256,15.53125,1,16,94.140625,0.051486856206021656,0.05160440148017929,0.2818157838729104,-0.2353209152760013,100.0,0.0,100.0,-3.8603117058132996,-0.03860311705813299,0.0,16.666666666666664,0.0,9.066349483363787,9.4808556153134,71.07469295932658,49.95833923705668,24.493686829834445,48.81829489855171,48.288639772620066,47.77504729390721,26.367627902673977,0.7433382931658478,0.7507539994870629,-12.756086738991787,-12.012748445825938,0.1379195320982221,1.0,0.009154755532012488,5.4397938781408985,0.18383049475796673,0.01972038150576097
48,735,3598,14,7.5,1,14,0.0,0.966517043387276,3.414856009630344,76.1891567181545,-1.492215006497038,0.0,0.0,0.0,-3.454503098297755,-0.03454503098297755,0.0,16.666666666666664,0.0,9.503789863003112,9.525496330684863,74.03465432399352,49.971139501928235,26.42656798762698,49.088054361483955,48.662731436665965,48.22352798739815,28.090220784121477,12.34132945428971,12.344161107029874,-12.836947710206404,-0.4956182559166938,14.197402620257435,0.07043541884014468,0.00934572835423085,88.41402856053881,0.011310422297014558,0.01982552265300499
49,736,256,256,15.53125,1,16,94.140625,0.04157938541156696,0.04162308063249236,0.18490902776902624,-0.1950717769652925,100.0,0.0,100.0,-0.22464035535562793,-0.0022464035535562795,0.0,0.0,0.0,4.793369475922867,5.102535165664945,99.04332355006119,48.67786585769434,9.548340664321099,38.30933155051436,35.83620226525038,33.049878735373696,10.010454002665561,0.6026732315833585,0.608126677212941,-4.839669453842662,-4.236996222259304,0.10785756859046443,1.0,0.008352145286742487,3.7526224093319223,0.26648031454303167,0.020087466815052274
49,737,512,256,15.53125,1,16,94.140625,0.047555058716681975,0.047595577371252494,0.24080669644377892,-0.22266595662262761,100.0,0.0,100.0,-0.20960795410411243,-0.0020960795410411245,0.0,0.0,0.0,5.37746063267139,5.698326552711001,99.09594283031657,49.17265083068243,11.178596929533821,41.14038311944133,38.97167679496103,36.41023728658004,11.641648134495663,0.6876727937409142,0.6939837122638814,-5.4265194710133535,-4.738846677272439,0.11599758385745067,1.0,0.007409296011270332,4.280297898275666,0.23362859870170571,0.021593000140663367
49,738,768,256,15.53125,1,16,94.140625,0.0535546566601372,0.053589516863989564,0.3051898888501643,-0.25427316931596733,100.0,0.0,100.0,-0.19707811523186716,-0.001970781152318672,0.0,6.966145833333333,0.0,5.9436864400310325,6.258514123648643,99.11460262251104,49.47776656543056,12.952714324794655,43.34806899825617,41.50971371918632,39.24370951571094,13.39970304165425,0.7742363322153272,0.7812680575195229,-5.996781788722113,-5.222545456506786,0.06461285955439469,1.0,0.006770566283660195,4.815086213745496,0.20768060126220111,0.023741774907102123
49,739,1024,256,15.53125,1,16,94.140625,0.047312253054065175,0.050181296347959474,0.26527964372548185,-0.2281874655163761,100.0,0.0,100.0,-0.19898286536435625,-0.001989828653643563,0.0,16.666666666666664,0.0,6.972669170304934,10.733326647708283,98.93950250241619,49.7030073239693,16.728986818142438,45.56808295738913,44.20113171561048,42.48301605815248,17.303722976009542,0.6790915738580954,0.7283950078432468,-7.047406742453203,-6.3683151685951085,0.1982313026580484,1.0,0.005879784870956961,4.209070628980147,0.23758213823137933,0.026165558532304595
49,740,1280,256,15.53125,1,16,94.140625,0.027263052431876607,0.06705330358448905,0.1877751767012596,-0.12742692469073183,100.0,0.0,100.0,-4.975717843732882,-0.049757178437328825,0.0,63.802083333333336,0.0,14.952080412681719,17.551969654187534,76.21367047427658,49.99846697496825,42.843410807844904,49.91214725879253,49.85775302384569,49.815029809725345,43.85420004543744,0.4024687449107281,0.6128216326163096,-19.618633139744006,-19.216164394833278,0.25244638323042845,1.0,0.0048394200777569785,2.5729488035056134,0.3886591130913726,0.029228830153324163
49,741,1536,256,15.53125,1,16,94.140625,-0.0930185039936555,0.18561362948736385,1.1740766609247415,0.43927918365537927,100.0,0.0,100.0,-20.08186552705508,-0.2008186552705508,0.0,66.66666666666666,0.0,18.727032695479053,19.86835550039398,48.453756354680216,49.999965788535455,47.8632934121117,49.99354475516415,49.987903053588425,49.98317553556304,48.285782776274374,-1.387960644105518,1.5323685333004862,-38.64928976485883,-40.03725040896434,0.7576028259937319,1.0,0.004510628021133826,7.745254642031287,0.1291113134709975,0.023729268888800302
49,742,1792,256,15.53125,1,16,94.140625,-0.023688692080627072,0.11463518974859094,0.4174858480288468,0.11651257048816939,100.0,0.0,100.0,-24.605055969259354,-0.24605055969259354,0.0,66.66666666666666,0.0,17.181153810752797,19.91908116399377,41.13805242391567,49.999867168928965,46.320491801173304,49.98292612711066,49.96996708056804,49.95493762479578,46.81186316546797,-0.2963607776241439,0.9137678567654334,-41.7646261755564,-42.06098695318054,0.41563111078412746,1.0,0.004763620215408867,1.6118672941339631,0.6203984680620298,0.02073605718476403
49,743,2048,256,15.53125,1,16,94.140625,-0.03117291480575582,0.0579196642155662,0.26031135043896675,0.14337667395233303,100.0,0.0,100.0,-18.21627113457332,-0.1821627113457332,0.0,66.66666666666666,0.0,15.876569726363941,18.16597984933565,46.60390172766185,49.9997654812645,45.02258800689359,49.97267922812511,49.952763405413975,49.92855768794571,45.56549275993086,-0.4525111655570202,0.7215418912841676,-34.06703974946451,-34.51955091502153,0.16095587732984226,1.0,0.004571852363292582,2.542144145463061,0.3933687245015944,0.019211074393309335
49,744,2304,256,15.53125,1,16,94.140625,-0.2246322759979079,0.32315356505938814,5.720546413734677,1.0616801300024332,100.0,0.0,100.0,-32.36518316048147,-0.32365183160481475,0.0,66.66666666666666,0.0,20.07586004620281,21.016987644492286,38.35921791535542,49.99998793548816,48.622936772906385,49.99700793987265,49.99422412473021,49.99158961282684,48.8710192858546,-3.292698420245752,3.3824684518069574,-52.336468617537484,-55.62916703778324,1.8441037650254068,0.5422688348484678,0.006000618604603462,18.265691069655123,0.054747449531833185,0.018803536292257277
49,745,2560,256,15.53125,1,16,94.140625,-0.2855471247580337,0.5197804612835896,9.920404557265002,1.4008700508149665,100.0,0.0,100.0,-48.810647407808204,-0.488106474078082,0.0,66.66666666666666,0.0,21.219699063393456,21.584404115204613,30.495569738018897,49.99999577425335,49.07216218320444,49.99855675852267,49.997104590150684,49.99568349096599,49.24010596973726,-4.11402797491779,4.454302315125232,-69.58289104183814,-73.69691901675594,1.176474682676611,0.849997041776444,0.008884806842999863,24.75825552610776,0.040390567863131256,0.019404444049159895
49,746,2816,256,15.53125,1,16,94.140625,0.01782918101694843,0.2170779799593815,1.4926496428185407,-0.07890982927250459,100.0,0.0,100.0,-29.822552780516904,-0.2982255278051691,0.0,66.6015625,0.0,17.440576713498427,20.836903518807066,38.305113677851885,49.99974514654491,46.27715165368832,49.977228078282366,49.96239456129696,49.93445319720141,46.45483333215306,0.20811636149541723,1.7278018652719072,-45.530674729683966,-45.32255836818855,1.3759964976349128,0.7267460358502494,0.008870054954377652,5.468969180563925,0.18284981446848936,0.022571240254775575
49,747,3072,256,15.53125,1,16,94.140625,-0.03328653393869921,0.2851754424220231,1.3096572733703662,0.1747205290162032,61.328125,0.0,61.328125,-10.186379450648513,-0.10186379450648513,0.0,3.6458333333333335,0.0,4.9805973540549,10.967069724810694,48.4116775218923,49.098203066604924,11.060697492840362,40.76241843050565,38.96203920817851,33.990046747943666,10.034630705790944,-0.6612360104761346,1.6184296545542942,-10.288008201745576,-10.94924421222171,1.055384463279942,0.9475220024484563,0.012343659145914012,12.02459129814083,0.08316290967449463,0.022784252409830435
49,748,3328,256,15.53125,1,16,94.140625,-0.030706021027861304,0.09976441005668553,0.4225725189789247,0.1539848624519804,100.0,0.0,100.0,-6.246419094990825,-0.06246419094990826,0.0,14.778645833333334,0.0,6.466063575795188,7.61752899416928,54.61377618393443,49.742067438869796,15.608075372259444,45.88426491421394,44.74382713078371,41.82055455022841,14.331126170792318,-0.4706246708087165,0.9193177024064365,-11.83962001458762,-12.310244685396338,0.274414715996359,1.0,0.01171482653465987,4.894189677763344,0.2043239158758968,0.023058952687839696
49,749,3584,256,15.53125,1,16,94.140625,0.03978024944306409,0.04054956888492055,0.17661423596905787,-0.1863899448569404,100.0,0.0,100.0,-3.942859141458556,-0.03942859141458556,0.0,16.666666666666664,0.0,8.121288747270722,8.575198798664807,69.02376040719216,49.91624016658276,21.972554766543105,48.08495040257425,47.37923577050981,46.18021079429627,21.353585083730415,0.5844603256538431,0.5943302717665623,-11.765932049138975,-11.181471723485132,0.059795723504611153,1.0,0.010472671070740241,4.618412176312079,0.21652463267116315,0.021200707837523022
49,750,3634,50,13.6,1,16,70.0,0.28439374831069075,1.6719902018687776,20.738752952348126,-0.883083591194428,68.0,0.0,68.0,-3.3910558764658636,-0.033910558764658635,0.0,16.666666666666664,0.0,8.650558433678656,8.73754946618701,73.0287057817215,49.946609016004395,24.22503588444934,48.598673276323744,48.05009698909281,47.072791164983336,23.427684974928216,4.121086342911376,6.440303246330584,-11.84542207215703,-7.724335729245651,6.865618716394037,0.14565329671048502,0.010270907213249815,31.257615422415515,0.03199220370735249,0.021530108624313624
50,751,256,256,15.53125,1,16,94.140625,-0.03786290309277597,0.06231407374978781,0.22450525286644804,0.18743663461895071,85.546875,0.0,85.546875,-11.208688551556612,-0.11208688551556613,0.0,14.778645833333334,0.0,8.57322997055886,9.740443511263981,58.44539592571821,49.861390542776704,23.11620603025835,47.74578823591709,47.05019103658974,45.69555875121883,22.526437220447047,-0.5680753701947674,0.6700824618902483,-14.668785855185405,-15.236861225380174,0.10480561727433002,1.0,0.009226011603112018,6.706900590949556,0.14910016727390035,0.020099666155149857
50,752,512,256,15.53125,1,16,94.140625,-0.0164260088852864,0.017310514890525673,0.03079368745120279,0.07684182418117713,100.0,0.0,100.0,-8.047189084461575,-0.08047189084461576,0.0,16.666666666666664,0.0,9.91996026154679,10.058832425759434,68.60340648285924,49.97681722714606,28.575013953654082,49.22751023555347,48.89062102337227,48.25662444382639,28.04758461757659,-0.23285618192349397,0.24816803763257989,-14.45986543543624,-14.692721617359734,0.03597805968811499,1.0,0.008263679849789412,2.6056674069543617,0.3837788342944549,0.020746006194281026
50,753,768,256,15.53125,1,16,94.140625,0.001662055688795197,0.004954112638992992,0.002473146211435058,-0.007952153118890724,100.0,0.0,100.0,-7.181399167891561,-0.07181399167891561,0.0,16.666666666666664,0.0,10.231296959197202,10.362752632354098,70.55591646049409,49.98204842709248,29.95405179046427,49.358264183031935,49.07364422759315,48.512006887828306,29.555230929943733,0.02732030845338103,0.07032988285835627,-14.500976633087808,-14.473656324634426,0.02022361925878299,1.0,0.007445002894114568,0.2690035582769015,1.0,0.017877882268522532
50,754,1024,256,15.53125,1,16,94.140625,0.00034842371915639464,0.03126661655628446,0.060127802156654864,0.0004985803856328713,100.0,0.0,100.0,-6.444582627829947,-0.06444582627829948,0.0,27.018229166666668,0.0,10.955064788681172,13.812810924120937,72.23802817251504,49.98778394054098,32.648470456662324,49.52617161350787,49.310352011005335,48.8729362153308,32.44269015365505,0.0007014882033044983,0.3467788983103063,-15.165232310215979,-15.164530822012676,0.09012533058961175,1.0,0.006713242671474541,0.31430036279293994,1.0,0.015491651292115403
50,755,1280,256,15.53125,1,16,94.140625,-0.10299960927516215,0.16763986249625223,1.261987327373392,0.48892796276155936,100.0,0.0,100.0,-17.329933629767076,-0.17329933629767078,0.0,66.66666666666666,0.0,17.948863592583617,19.926206245867785,51.67102643337323,49.999882395516565,47.26889279343399,49.986084776870825,49.97627202016619,49.96131158165866,47.51149148666277,-1.4616163467220726,1.5887021919626043,-34.736804804386125,-36.19842115110819,0.5049802857603828,1.0,0.006181876037220638,9.146204655526718,0.10933496872888541,0.01746402702262753
50,756,1536,256,15.53125,1,16,94.140625,-0.19696926725042324,0.3609015556861341,4.4465355671666895,0.9752293682556161,100.0,0.0,100.0,-35.11795519679728,-0.35117955196797285,0.0,66.66666666666666,0.0,20.461205852739816,21.02093558766803,36.89370660516114,49.99999144068594,48.88990174537883,49.99764377670535,49.99559115885045,49.992208710593495,49.026297192777676,-2.8743223121270844,2.98212527140182,-55.459881197942444,-58.33420351006953,1.7893037293249026,0.5588766085997575,0.004898441915355077,15.96678645901666,0.06263001027581767,0.019517741410544794
50,757,1792,256,15.53125,1,16,94.140625,-0.013519971138913872,0.07671240586661807,0.2990613250778638,0.07372419147177645,100.0,0.0,100.0,-26.89373187235558,-0.2689373187235558,0.0,66.66666666666666,0.0,17.443953378688896,20.545374415782998,39.361559250184186,49.999906892062526,47.00599749333884,49.98667344745541,49.97736931472506,49.957910622382535,47.17379871905524,-0.180443372672339,0.773383895717856,-44.31723161121283,-44.497674983885176,0.05142586710903621,1.0,0.0045824596350099965,1.1860925219941654,0.8431045483017717,0.02226242606672753
50,758,2048,256,15.53125,1,16,94.140625,-0.08023892646638942,0.12075039673153212,1.3072120365954367,0.3829959866972613,100.0,0.0,100.0,-21.568683350961784,-0.21568683350961784,0.0,66.66666666666666,0.0,17.387186907658844,20.45574634003218,44.65601147377504,49.99989479889885,46.94181690104644,49.985539712559515,49.97562300720625,49.95461072780008,47.13900745103735,-1.1761710353556458,1.6169180786888597,-38.93582595899714,-40.111996994352786,0.11140573430798409,1.0,0.004311514733850718,6.506090019194094,0.1537021463044358,0.024649935030896606
50,759,2304,256,15.53125,1,16,94.140625,-0.27018564438730286,0.4201769708530538,7.925374393458138,1.277512101972018,100.0,0.0,100.0,-40.27782035387125,-0.40277820353871246,0.0,66.66666666666666,0.0,21.23426036625082,21.82131934566968,34.596747084657736,49.999994950979314,49.15307477657272,49.99840849663258,49.99700559863901,49.99444544844017,49.27907262070923,-3.8811351418918,3.9812998865843143,-61.376465002015635,-65.25760014390744,1.1272906661087307,0.8870826576182675,0.005684215885025429,21.672265169601342,0.046141923429520074,0.02574024934750178
50,760,2560,256,15.53125,1,16,94.140625,-0.18602679869443042,0.48445797770850374,6.936950384940396,0.9138576837746242,100.0,0.0,100.0,-46.98661847290428,-0.46986618472904285,0.0,66.66666666666666,0.0,21.420263770654035,22.1397913741397,31.51955285403142,49.99999459794172,49.176216556096094,49.99840246406082,49.99703126276067,49.99428568921641,49.291791090515126,-2.564387391369653,3.724768552525216,-67.95865369617493,-70.52304108754457,1.1681534915300125,0.8560518863751628,0.005961202788422736,15.042831529001496,0.06647684633521768,0.026706739682676183
50,761,2816,256,15.53125,1,16,94.140625,0.027687770578184008,0.27533970442806943,2.3335776030420994,-0.15315212951402526,95.3125,0.0,95.3125,-23.744353609963056,-0.23744353609963056,0.0,56.119791666666664,0.0,15.23831353896555,19.084703778729526,42.10384591116002,49.97403522588243,41.08575316283796,49.48092528020989,49.340127094194656,48.70703335318457,40.66416215344414,0.42773295541461687,2.160359971413144,-36.192212870811616,-35.764479915397004,0.6328381449039503,1.0,0.005399592960560724,9.244518260052637,0.1081722131829405,0.02439034138733984
50,762,3072,256,15.53125,1,16,94.140625,-0.01319006263050104,0.1889588630146222,0.5974975877527023,0.062210725858947574,92.1875,0.0,92.1875,-5.964223908916172,-0.05964223908916172,0.0,5.533854166666666,0.0,5.178400992146451,7.150310211211461,58.98608590521337,49.3878144248063,12.048228524619624,42.62090573026895,41.23997263236703,35.26067325535078,10.455282095490594,-0.23208696339700108,1.09315834877908,-8.779021209286185,-9.011108172683185,0.24736118523120365,1.0,0.0048162447746549885,5.542126628544168,0.18043615150357628,0.02694292200550244
50,763,3328,256,15.53125,1,16,94.140625,-0.029031112632887476,0.10592000754518763,0.4347498384839162,0.1432471600703622,100.0,0.0,100.0,-7.421968353631293,-0.07421968353631293,0.0,14.453125,0.0,6.8877490007106825,8.092448324541008,51.81797971960371,49.773619530281536,18.096953550273806,46.40201740500687,45.53116835618653,42.256573436720245,16.64676018871691,-0.40366965913084885,0.9324696654410976,-13.292199035897415,-13.695868695028263,0.09207431245944937,1.0,0.004350941121627327,4.776363447382423,0.20936430215502702,0.027018301298629845
50,764,3570,242,15.50413223140496,1,16,93.80165289256198,0.09321117610442621,0.7823143550228995,4.675901939996483,-0.3885597386208817,93.38842975206612,0.0,93.38842975206612,-3.817388339779899,-0.038173883397798994,0.0,16.666666666666664,0.0,8.486424079155626,8.939124851152936,70.54967936751744,49.93415209391336,24.36133169268647,48.40128866234305,47.87510708194339,46.37106123971416,23.593811930832466,1.364945885494483,3.058071921978449,-12.029004462156285,-10.664058576661803,3.7661945153339143,0.2655200085732532,0.005956998590817391,10.722770933498376,0.09325947613745612,0.022879570408104864
51,765,256,256,15.53125,1,16,94.140625,-0.002326305330194234,0.03798867687579968,0.03174781624140581,0.009984476351374144,89.453125,0.0,89.453125,-8.425096688629804,-0.08425096688629805,0.0,14.713541666666666,0.0,8.500426187393929,9.639759211855656,63.989789694469465,49.853569150058085,23.55087938861177,47.644296921477235,47.01493962816791,45.12536111002156,23.093948232594627,-0.04356779833920907,0.2519833972364283,-13.284035199960357,-13.327602998299565,0.10155279326633795,1.0,0.005229174970095307,0.4253627181429323,1.0,0.0215987330747964
51,766,512,256,15.53125,1,16,94.140625,0.016476960801495036,0.01705573318021976,0.031223747289036947,-0.07943260472472308,100.0,0.0,100.0,-5.762959252431077,-0.05762959252431077,0.0,16.666666666666664,0.0,9.883507021515147,10.04277177858213,74.71569326541854,49.97384695857199,29.20684780187312,49.163376507787966,48.85523196908622,47.93964799520778,28.858569924844872,0.24114570597557428,0.2498949670923244,-13.228154072538917,-12.987008366563343,0.05387601278306439,1.0,0.0046623903219960225,2.2802092019276463,0.4385562513977308,0.01675288820913728
51,767,768,256,15.53125,1,16,94.140625,0.030607204044159182,0.030834132257637065,0.10147537981105394,-0.14795226724082822,100.0,0.0,100.0,-5.128256753563933,-0.05128256753563933,0.0,16.666666666666664,0.0,10.223675356424906,10.375613667297861,76.63004680772391,49.98012461349602,30.70609089943533,49.30857679022944,49.052596181089044,48.25903891767791,30.227132846114884,0.4443583519612791,0.45050056561796664,-13.34160134611116,-12.897242994149881,0.11878436908729938,1.0,0.004117676170525371,3.9659513484412092,0.2521463104667291,0.014693375364445305
51,768,1024,256,15.53125,1,16,94.140625,0.026730483675316753,0.0389025408810774,0.12993714382034954,-0.1233287369893529,100.0,0.0,100.0,-4.5987969677405065,-0.045987969677405066,0.0,26.3671875,0.0,10.9752431019609,14.005690590114884,78.26807494883349,49.986546132625065,33.4441209894611,49.48772719537671,49.295237655917454,48.683959640112874,32.88751218624918,0.3813892316735058,0.509778665344774,-14.022630694744684,-13.641241463071179,0.07199685560588782,1.0,0.003734819591328583,3.2939892516096902,0.3035832613938631,0.015426182496944624
51,769,1280,256,15.53125,1,16,94.140625,-0.06281666138237796,0.1294018873533933,0.5541623932459206,0.2964140976252232,100.0,0.0,100.0,-14.328199847072607,-0.14328199847072606,0.0,66.66666666666666,0.0,18.180494367728503,20.167978235865753,56.6327668656022,49.999874882590476,47.60658245984415,49.985224972480495,49.976549799527476,49.955446842922626,47.70293044014584,-0.8848905636454958,1.052770053949029,-32.10243004879748,-32.987320612442986,0.689395891983366,1.0,0.003939709555142819,5.330157612555002,0.187611712952828,0.01411230212690137
51,770,1536,256,15.53125,1,16,94.140625,-0.1821678247801569,0.3351015956636757,3.745313065311211,0.8429471191643416,100.0,0.0,100.0,-32.47089095182958,-0.32470890951829584,0.0,66.66666666666666,0.0,20.990442838052694,21.659215380325307,39.33963564852605,49.999992701465075,49.133942154920994,49.99784464618271,49.99627573992743,49.99213040037385,49.15925663261737,-2.6621756834268564,2.7369008258653476,-53.356983337590094,-56.01915902101695,1.9345782358841415,0.5169085340934686,0.004289330655347147,14.768947088909888,0.06770963386759693,0.015566447116351623
51,771,1792,256,15.53125,1,16,94.140625,-0.008091152396372703,0.07842611851343642,0.2614667694380682,0.038544982768193646,100.0,0.0,100.0,-27.398844955886858,-0.2739884495588686,0.0,66.66666666666666,0.0,18.37378187330313,21.325515644716933,40.155936283889595,49.99994301651433,47.90507992813611,49.99040123592495,49.98473847145358,49.966302758224835,47.75430416326122,-0.10304512831799026,0.7231414376704853,-45.75607886068546,-45.85912398900346,0.10003777596151511,1.0,0.0038524182218167644,0.7263258910931636,1.0,0.015884034574154653
51,772,2048,256,15.53125,1,16,94.140625,-0.06644002205942698,0.1102908711726987,1.0043848798160946,0.31058683020110345,100.0,0.0,100.0,-21.276001737544235,-0.21276001737544237,0.0,66.66666666666666,0.0,17.975127628297994,21.072146836025514,45.81539353787436,49.999927023541524,47.67969449655766,49.98833110158793,49.98167400972824,49.9596981518885,47.45747329304715,-0.9740633982870718,1.4173107491415526,-39.233816934123766,-40.20788033241084,0.4717686259919826,1.0,0.0050296861876335894,5.401467924250173,0.18513485852807673,0.018562117403085866
51,773,2304,256,15.53125,1,16,94.140625,-0.2622864665992179,0.41492115280238695,7.544949056951742,1.2348108791191892,100.0,0.0,100.0,-39.361067367255416,-0.39361067367255415,0.0,66.66666666666666,0.0,21.857664934584612,22.454356864283493,35.77057264338606,49.99999610208838,49.36379283137185,49.99860753546855,49.99760130812288,49.99471555761023,49.33122748874884,-3.8179780968552333,3.8845718057339966,-61.10515800933389,-64.92313610618912,1.2304921258329478,0.8126829737517236,0.007791866924030327,21.292268331037413,0.046965404740006746,0.02011453068454774
51,774,2560,256,15.53125,1,16,94.140625,-0.18609340600885224,0.48326651529234793,7.171462902210939,0.8965634449752276,100.0,0.0,100.0,-47.64998635185947,-0.47649986351859464,0.0,72.33072916666666,0.0,22.196794262606225,22.777411595319474,31.960823949657925,49.99999661689175,49.42099723198805,49.99876940588108,49.99789395724305,49.995201421860564,49.36938162014126,-2.6609468089394657,3.7872055402924567,-69.45000635017671,-72.11095315911618,1.2405664451635054,0.806083385455586,0.007607872126170223,15.530324167819359,0.06439015626422767,0.021366271942260262
51,775,2816,256,15.53125,1,16,94.140625,0.04418777896446208,0.2598568053036302,2.2116306704232045,-0.22506899618885157,97.265625,0.0,97.265625,-24.50530573215236,-0.2450530573215236,0.0,60.611979166666664,0.0,16.51317674287675,19.960080972603965,42.70193007511791,49.99161763267797,43.973123602991166,49.770560012345115,49.71650177338526,49.33011957974755,42.66920576236696,0.6640323560031915,2.1031550919621713,-38.67079711345145,-38.00676475744826,0.8573335368029534,1.0,0.007204404224175212,12.021024528581211,0.08318758502009525,0.02173421747883183
51,776,3072,256,15.53125,1,16,94.140625,-0.018649573133309706,0.20892757797599218,0.6612864456907745,0.0668261999264824,98.4375,0.0,98.4375,-6.663522493292181,-0.06663522493292182,0.0,8.658854166666668,0.0,5.504670375630072,7.497234354636958,57.45848215493702,49.54493267439885,13.723406039965113,43.657744206239414,42.74975248327356,36.2117469244629,10.412769951410183,-0.24078903372817428,1.1500316914683477,-9.580257203430309,-9.821046237158484,0.49392065196633067,1.0,0.006371504102786943,5.767601039390923,0.17338231149663624,0.022707846500674853
51,777,3328,256,15.53125,1,16,94.140625,-0.027216550594186498,0.10544690105308673,0.441352173605516,0.12347320641329598,100.0,0.0,100.0,-7.397358677213379,-0.07397358677213381,0.0,15.364583333333334,0.0,7.149743006221342,8.411546107857541,52.653319582474296,49.81317019602851,19.94746679654045,46.726654808835455,46.133402876976184,42.49064495418085,16.168777823961207,-0.40844369523805896,0.9395234681534208,-13.578902646436635,-13.987346341674693,0.42129902958320475,1.0,0.006164668136228205,4.554568304690092,0.21955977671259083,0.023008307860931533
51,778,3581,253,15.525691699604742,1,16,94.0711462450593,0.09662025617116037,0.7811196317433688,4.720402261211399,-0.4483663489042713,93.67588932806325,0.0,93.67588932806325,-3.722645835664956,-0.03722645835664956,0.0,16.666666666666664,0.0,8.798655245651045,9.280114334707498,71.74974880924816,49.94551408787144,26.511710714118717,48.53395024975746,48.158409898870545,46.499804542549676,23.133051171202148,1.4139339179375052,3.072589221230654,-12.262977071937769,-10.849043154000265,2.70614493225271,0.3695293581957407,0.006015481882942567,11.196904255491653,0.08931040019472689,0.019473803952947615
52,779,256,256,15.53125,1,16,94.140625,0.04312744033798546,0.04323372225158025,0.20065916383754887,-0.20471322934206304,100.0,0.0,100.0,-0.8816800263188278,-0.008816800263188278,0.0,5.46875,0.0,6.030560927174797,6.3015613315015,96.38150328788257,49.47473978352944,14.765748411350941,43.151813406150666,42.007633319151175,37.23573667477842,12.428764257836587,0.6277224445256959,0.6334969042348176,-6.256969150151221,-5.629246705625526,0.10293985024745783,1.0,0.005394061222020953,4.248037168346935,0.2354028367386287,0.017063357046943717
52,780,512,256,15.53125,1,16,94.140625,0.04965407447370722,0.04970248704022023,0.26263976622912844,-0.23218447538857873,100.0,0.0,100.0,-0.8157473532936945,-0.008157473532936943,0.0,16.666666666666664,0.0,6.6133485396956155,6.92458097947577,96.59179559431783,49.666570826738095,16.997751080890836,44.8970769849968,43.95829170068145,39.85225786237517,14.225001207804087,0.7181275116087212,0.7247617073619831,-6.84669800266624,-6.12857049105752,0.0893066766045378,1.0,0.004989270549336536,4.8394084007975735,0.2066368277236515,0.01683450871836334
52,781,768,256,15.53125,1,16,94.140625,0.056822313975020695,0.05686309368427198,0.3436615716272883,-0.2724210327810973,100.0,0.0,100.0,-0.7616987676924208,-0.007616987676924209,0.0,16.666666666666664,0.0,7.201035579588789,7.505081244424321,96.6710134387312,49.79049301810943,19.406733055624386,46.25356424493013,45.50177082360588,42.07629841920527,16.187902313064832,0.8215609561715526,0.829049542099009,-7.449012194490656,-6.627451238319104,0.19457004609224957,1.0,0.004346815769354152,5.5150129339897935,0.18132323749176735,0.018210509207041856
52,782,1024,256,15.53125,1,16,94.140625,0.05017765387598154,0.05371928850803553,0.3039495096640934,-0.23967597114399306,100.0,0.0,100.0,-0.7311341993919453,-0.007311341993919453,0.0,17.903645833333336,0.0,8.252674938532351,12.067536303017256,96.4195462023219,49.88060787866657,23.75001847286648,47.53101567443286,46.992418804614545,44.490744263789395,20.26132546213084,0.7199672227341423,0.779678792406326,-8.559130657196162,-7.83916343446202,0.1193867068217356,1.0,0.0040525858870811456,4.802626144765016,0.20821941368266303,0.020502017882725352
52,783,1280,256,15.53125,1,16,94.140625,0.01646247391446337,0.0742750062917743,0.1485745155162553,-0.07525723668144949,100.0,0.0,100.0,-6.771091893950738,-0.06771091893950737,0.0,65.95052083333334,0.0,16.672778524340917,19.456321645699322,72.14612756165857,49.999355358716954,46.30178352182378,49.95204911154204,49.93177429485111,49.8643792949705,45.36624973163453,0.2502569609338471,0.5451137780615259,-23.109734490034526,-22.85947752910068,0.22149631773514952,1.0,0.003837548932057614,1.6957863721322795,0.5896969196318056,0.024767636019054223
52,784,1536,256,15.53125,1,16,94.140625,-0.10524597676450098,0.20686862314478308,1.4613295197817948,0.5039598083156264,100.0,0.0,100.0,-23.041757465601435,-0.23041757465601437,0.0,66.66666666666666,0.0,20.54734528847507,21.69854125236495,47.28187412332434,49.999986532958545,49.07019348737016,49.996578805312396,49.99457021668687,49.98719256683156,48.743443938172454,-1.5647171537788542,1.7095786146192837,-43.45712954372716,-45.02184669750602,1.0209659873741785,0.9794645584344088,0.0075840221616849,8.74482043506463,0.11435340581611489,0.01994003969057364
52,785,1792,256,15.53125,1,16,94.140625,-0.011746287767534225,0.12472318022181471,0.3757856703533688,0.05884433752176794,100.0,0.0,100.0,-25.917225656589892,-0.25917225656589893,0.0,66.66666666666666,0.0,18.845434468588635,21.66595770937914,42.11649591412339,49.99994842970685,48.29368165750974,49.99100526172194,49.98650312513709,49.965789774590164,47.534371377471196,-0.10399167313456004,0.8669321430808398,-44.74596962438413,-44.84996129751868,0.6414592208469834,1.0,0.004964518974997919,0.5700589598639372,1.0,0.018755958134710603
52,786,2048,256,15.53125,1,16,94.140625,-0.025459012748697885,0.057727724159921896,0.2826638900699573,0.11938403401657081,100.0,0.0,100.0,-19.13573297177559,-0.19135732971775593,0.0,66.66666666666666,0.0,17.62400823781644,19.97036593158304,47.96963161787383,49.99991106345311,47.69528194354963,49.98598049690891,49.97925863322381,49.947552265341955,46.62275346851203,-0.37158068397097277,0.7518828234106126,-36.73992824920842,-37.111508933179394,0.23831258734004362,1.0,0.005114029118433893,2.1033610248166763,0.4754295568860593,0.018416225141933352
52,787,2304,256,15.53125,1,16,94.140625,-0.22845646792472418,0.3515168855209544,5.739358567909374,1.06900231468921,100.0,0.0,100.0,-34.339920484756604,-0.34339920484756603,0.0,71.2890625,0.0,21.85263118757777,22.69242029943467,38.95355824286832,49.99999504186354,49.403685292515014,49.9983470200147,49.997329517396835,49.99327163072576,49.13720835696968,-3.3168599934485847,3.3880255512346342,-56.09919137895082,-59.4160513723994,1.199822325417972,0.8334567367311142,0.006008925092949415,18.456027595429745,0.054182840528892,0.0178207787016662
52,788,2560,256,15.53125,1,16,94.140625,-0.23575720195870897,0.5001116707478147,8.087354793825865,1.0644414183211781,100.0,0.0,100.0,-48.43740972500045,-0.4843740972500046,0.0,82.421875,0.0,22.81728568924792,23.15674248672915,32.191808388354104,49.99999789780817,49.57688127883574,49.99908784934793,49.9984942430152,49.996026696290635,49.36882249493085,-3.412042512817906,4.021779405642698,-70.87916719056527,-74.29120970338317,1.5645586091144343,0.6391579031775718,0.008937722082476554,20.080346925824404,0.049799936410159645,0.018287519898336584
52,789,2816,256,15.53125,1,16,94.140625,0.04497567655078204,0.21543595278203395,1.8094052035719255,-0.2346324414796429,100.0,0.0,100.0,-27.716935216944854,-0.2771693521694485,0.0,65.8203125,0.0,18.471054577221707,21.925467588443517,41.49126011917031,49.9996935719677,47.57955022077457,49.97612642369352,49.96804033684119,49.90205728004656,46.10678667489205,0.5894745015226954,1.9023171152948846,-44.51794070406524,-43.928466202542545,1.0742827081094382,0.930853668639828,0.009241152521043725,9.848757619923932,0.10153564932667351,0.01948813067411541
52,790,3072,256,15.53125,1,16,94.140625,-0.017267706311750525,0.2664010697073124,1.2469587009666279,0.0989174747019605,94.53125,0.0,94.53125,-9.085818452308581,-0.09085818452308582,0.0,11.263020833333332,0.0,5.733092951825537,10.998298770169718,51.748456282043904,49.57298860927621,15.462262021023612,43.9964351927983,43.305306700842365,36.07201484748761,10.386281637814601,-0.2425003221432141,1.5792141722810291,-11.0787709696663,-11.321271291809513,1.9207115256303138,0.5206403911549566,0.008111435040418826,5.507263196616538,0.18157839280577032,0.023701808146914156
52,791,3328,256,15.53125,1,16,94.140625,-0.02935196540830175,0.1110363613585964,0.4758820396475137,0.13720714241324883,100.0,0.0,100.0,-6.868999889420441,-0.06868999889420441,0.0,14.2578125,0.0,6.8559112024609465,8.17580669390823,53.97759827479999,49.77700053095863,19.83575434461286,46.384734061290885,45.87631385993048,41.19819018612833,13.691853712211662,-0.45786276031785245,0.9755839683466654,-12.70140099149558,-13.15926375181343,0.3532369805525366,1.0,0.007142941674432257,4.540682864073872,0.22023119207730932,0.023045655297926335
52,792,3584,256,15.53125,1,16,94.140625,0.04128117405752817,0.041775568813484126,0.18788425976132433,-0.19670161520012275,100.0,0.0,100.0,-3.770005353447268,-0.03770005353447268,0.0,16.666666666666664,0.0,8.27979226071702,8.777317840390044,70.78302087787944,49.92056179969319,25.248001300795497,48.093165654582975,47.69405930650759,45.268453799282,19.464704945265034,0.6043207524681526,0.6129996080933892,-11.697427092016861,-11.093106339548708,0.16204021348534958,1.0,0.006352923844923275,5.122499609621627,0.195217193988984,0.02075865563194844
52,793,3619,35,12.571428571428571,1,16,57.14285714285714,0.3888330909972228,2.0098154295918804,29.89746065850164,-0.7398805339260242,54.285714285714285,0.0,54.285714285714285,-3.312388417993092,-0.03312388417993092,0.0,16.666666666666664,0.0,8.83942614150612,8.907473686055454,74.19410441714236,49.95007044012577,27.706795114516762,48.61872988213816,48.31057454352084,46.35813438929091,21.43453197210209,5.62148727999879,7.732717589373304,-11.91391986054325,-6.292432580544461,12.818818992978754,0.07801030660841139,0.006656625955009165,45.63286692434326,0.02191402967641599,0.020761425736203397
53,794,256,256,15.53125,1,16,94.140625,-0.025161328313651324,0.038350821681491426,0.11226170164762427,0.11827407865854699,100.0,0.0,100.0,-8.510587967852338,-0.08510587967852337,0.0,16.666666666666664,0.0,9.644818260139843,10.471781451333621,68.77126456513587,49.95445684308157,29.687588653233934,48.80086130239525,48.532817629751136,46.86303775942177,23.872780274357773,-0.40015236507249397,0.4738390056709647,-14.024488747047645,-14.424641112120142,0.10147041010499229,1.0,0.005959065293518055,4.568469224237738,0.21889170111830025,0.01880420070299715
53,795,512,256,15.53125,1,16,94.140625,0.0030933083210676823,0.005757778075725964,0.0034132414350103134,-0.014740675626796318,100.0,0.0,100.0,-7.1711013235142875,-0.07171101323514287,0.0,16.666666666666664,0.0,10.646416453409861,10.7887145043758,72.592530617746,49.984470267333315,33.795052845003745,49.401388638277886,49.24083878367554,48.24372928493407,27.860253623997902,0.04826038033002019,0.08262253245949695,-14.665994369959648,-14.617733989629627,0.015809109960488996,1.0,0.005366360260975168,0.5036106165733416,1.0,0.016665179472763827
53,796,768,256,15.53125,1,16,94.140625,0.018508420853638637,0.01898637110777634,0.03860874545812804,-0.08880308819337676,100.0,0.0,100.0,-6.403267530478636,-0.06403267530478636,0.0,22.8515625,0.0,10.927852389329997,11.066736417784984,74.57253803240144,49.98766950130384,34.957631088538534,49.494018532182764,49.35588021729738,48.46908860047195,28.92105150024829,0.27011526373540296,0.2778803535989115,-14.65399016536341,-14.383874901628008,0.048431804645188085,1.0,0.004839705816512637,2.70349790772896,0.3698911684529609,0.016411722591227747
53,797,1024,256,15.53125,1,16,94.140625,0.013562121644406483,0.03954643718477217,0.08917764733757526,-0.06759863945796521,100.0,0.0,100.0,-5.766707638275079,-0.057667076382750794,0.0,39.90885416666667,0.0,11.633806525900411,14.636286539056897,76.144903730809,49.991323930561684,37.14701817179879,49.617172504945216,49.50949490450205,48.809392616594295,31.35880314346958,0.19072584236573353,0.42232131686093055,-15.278509730643016,-15.087783888277283,0.11561391044791064,1.0,0.004341172700345602,1.9640128738817149,0.5091616319314546,0.01818963768614667
53,798,1280,256,15.53125,1,16,94.140625,-0.08098661125470814,0.15077957597631744,0.8324702440676077,0.3784267582665011,100.0,0.0,100.0,-16.345368338112657,-0.16345368338112656,0.0,66.66666666666666,0.0,19.130972131923656,21.291879266253158,54.77344450336875,49.99991870717843,48.43276151936792,49.98907639383307,49.984060572761,49.959489411362654,47.295984007609185,-1.1494220583553594,1.2903257294711346,-34.9274585620538,-36.07688062040916,0.6468518343764622,1.0,0.004456382884123272,7.2695508494244665,0.1375600804937172,0.014404718436810144
53,799,1536,256,15.53125,1,16,94.140625,-0.17697241194191612,0.3384410940451025,3.611435427227982,0.8301779464460336,100.0,0.0,100.0,-34.084763403993634,-0.34084763403993634,0.0,70.96354166666666,0.0,21.890879698373446,22.49666055913366,39.197870714938865,49.99999524691418,49.44996738352323,49.99839886177132,49.9974774229801,49.99250093124911,48.92840008749585,-2.5907558574082,2.6875399261138364,-55.847114394482965,-58.43787025189117,1.148836467056349,0.8704459065112105,0.00554137777061086,14.473248779766626,0.06909298770556506,0.014480072797473362
53,800,1792,256,15.53125,1,16,94.140625,0.002474309827545984,0.07549579726340488,0.283044373124694,-0.007402682926742066,100.0,0.0,100.0,-26.776420462834263,-0.2677642046283426,0.0,66.66666666666666,0.0,18.86600793779592,22.106724777213255,41.35038455082823,49.99995497570248,48.48019928523289,49.991851804703515,49.98812227000433,49.963259094101986,46.92586204741479,0.04691259787502702,0.7523886935948653,-45.62474603979963,-45.577833441924604,0.38192888425839944,1.0,0.0043243860011105565,0.4711463951813554,1.0,0.013515840293738092
53,801,2048,256,15.53125,1,16,94.140625,-0.06468166445077383,0.11064722592058653,1.0535659300027613,0.2952781073662306,100.0,0.0,100.0,-21.31318222266582,-0.2131318222266582,0.0,66.66666666666666,0.0,18.61838161083621,21.808918145525208,46.647471083356365,49.99994438890036,48.358764044535334,49.99051214469555,49.98625049819108,49.95777945257576,46.65659438601445,-0.9512247993041473,1.451596314408907,-39.91294957354971,-40.86417437285385,0.31116373402791664,1.0,0.0037763412792881116,5.327802423314022,0.18769464791413487,0.015160789095051825
53,802,2304,256,15.53125,1,16,94.140625,-0.25665013975824846,0.402288214980239,7.204292014830925,1.2244508052773662,100.0,0.0,100.0,-39.878559372388814,-0.39878559372388817,0.0,80.53385416666666,0.0,22.609033770359495,23.256691012629457,36.27793860823122,49.999997134869716,49.5751277719137,49.99890183820731,49.99825805654929,49.99452697747199,49.09169200092698,-3.707446548779202,3.795864068912617,-62.32171572513125,-66.02916227391046,1.845815986376069,0.5417658138086245,0.0038150216773768057,20.876523560457553,0.04790069558775153,0.01637530840491476
53,803,2560,256,15.53125,1,16,94.140625,-0.18281500060087413,0.48529616379081564,7.118421614101562,0.7741125650478171,100.0,0.0,100.0,-47.883070670853925,-0.4788307067085392,0.0,80.6640625,0.0,22.903858751382025,23.58367354970282,32.61749693554362,49.99999740314074,49.60638931921213,49.99901108058932,49.99844082882295,49.994849688553614,49.11959829851852,-2.5648643023652107,3.7731741582125684,-70.21954749208072,-72.78441179444592,0.6227205501751553,1.0,0.005582674378246601,15.54994461304969,0.06430891073147545,0.01776739864783836
53,804,2816,256,15.53125,1,16,94.140625,0.038863327487608124,0.27811291602322596,2.2947029757136796,-0.17532565370776396,91.015625,0.0,91.015625,-24.595577834330726,-0.24595577834330726,0.0,59.309895833333336,0.0,16.537862319796844,20.502963395663535,43.632018420454244,49.9870412374764,43.98142769392567,49.68365823750858,49.636637855553616,48.89739129660946,39.911007456610314,0.5868304320124857,2.142289885012614,-37.9030421201969,-37.316211688184424,0.8001441332253966,1.0,0.00508107470923424,12.329423457398653,0.08110679331075445,0.019590152310311384
53,805,3072,256,15.53125,1,16,94.140625,-0.027207939324361503,0.21624765419349473,0.8231541127611269,0.1362081343871716,95.3125,0.0,95.3125,-6.943117727752426,-0.06943117727752428,0.0,10.221354166666668,0.0,5.485989792020425,7.7977962466605195,55.791299219145245,49.59715266459828,15.541775218455621,44.23479038864123,43.67063749837412,35.10852352372484,8.446446550485074,-0.33586400640849556,1.2830854318876252,-9.833056173278472,-10.168920179686967,0.41102825085141964,1.0,0.00464293541319143,7.112287961573273,0.14060173117326863,0.0210461715690713
53,806,3328,256,15.53125,1,16,94.140625,-0.02696546642198866,0.11345954133416952,0.5654540812677913,0.1255753233892325,100.0,0.0,100.0,-7.516006621749504,-0.07516006621749505,0.0,13.28125,0.0,6.889115418017841,8.335553115855198,52.01004975261236,49.739578628064166,21.075209281305526,46.20877641985218,45.76340987258145,40.41357518595557,12.65666293546845,-0.3971352129677547,1.0634416592063631,-13.245738950041698,-13.642874163009452,0.3150951738761291,1.0,0.004338454256678771,3.7220686664547267,0.2686677999824492,0.02066331710205925
53,807,3577,249,15.518072289156626,1,16,93.97590361445783,0.08912176166567108,0.7361902934230368,4.168347650338754,-0.4274985529989322,93.57429718875501,0.0,93.57429718875501,-3.4822802074307506,-0.0348228020743075,0.0,16.666666666666664,0.0,8.245226910529354,8.747792403625846,72.53000297909819,49.92012980059536,26.19734920820312,48.11731880569466,47.76733508521506,44.78871692507332,17.502047516253203,1.3042706853592176,2.8873335970541243,-11.368022296794166,-10.063751611434949,2.4671224016613755,0.40533051758056016,0.005335408001891062,11.047728687596342,0.0905163430672165,0.017902468012669547
54,808,256,256,15.53125,1,16,94.140625,-0.08003106317854947,0.08015263851577786,0.6774774309549292,0.3783420866131073,0.0,0.0,0.0,-4.057284700718329,-0.040572847007183284,0.0,0.0,0.0,0.037887383799325935,0.06661874861581515,28.406122063986945,4.064920813479613,1.4292144469043961,2.221016121849724,2.248491303863939,1.6905164930680594,1.1623842532482713,-1.151072403719235,1.1640252840509344,-0.13337752937194922,-1.2844499330911843,0.12134318000072308,1.0,0.00486185720276165,0.44036716853010766,1.0,0.015926931153546514
54,809,512,256,15.53125,1,16,94.140625,-0.06979407094693486,0.06983308369314309,0.5159357673399527,0.3235217237998468,0.0,0.0,0.0,-3.576140045035288,-0.035761400450352886,0.0,0.0,0.0,0.12038755384593214,0.19156129656970583,53.19732224593294,8.819500818160847,1.922772626208051,3.8541554614457816,3.840751994404256,2.6682502684462115,1.467546429309801,-1.005539571236648,1.0158107770051987,-0.22630378515929167,-1.2318433563959394,0.18867490001744971,1.0,0.004540903034999248,0.9420021666631252,1.0,0.015783880954737428
54,810,768,256,15.53125,1,16,94.140625,-0.061997017146543446,0.06203577380925637,0.40716147917224,0.29043872008523935,0.0,0.0,0.0,-3.265741042181414,-0.03265741042181414,0.0,0.0,0.0,0.32661290202138815,0.4847205921797868,72.67004657056674,16.64723929150697,2.5895123420201274,6.501803464145923,6.381349200992987,4.190820461154895,1.8624980053608216,-0.8931673721850273,0.9023984476629379,-0.4494463915118432,-1.3426137636968705,0.22576081658136826,1.0,0.004476221093477072,1.8924399634168403,0.5284183484449773,0.01785035436292169
54,811,1024,256,15.53125,1,16,94.140625,-0.06664021493896843,0.06919847966352301,0.5088343893779324,0.31912953460229,22.265625,0.0,22.265625,-3.0147985194863316,-0.030147985194863315,0.0,0.0,0.0,1.2670369079466641,5.480918379238986,87.40640837597073,29.575347220582614,4.5445921703023,13.931668166927103,13.4477096389481,9.255925196460401,3.088111478735491,-0.9654672543186502,1.0087957071458347,-1.4495926917585036,-2.415059946077154,0.25880261984779646,1.0,0.0039544794020923545,4.550671678936728,0.21974778022958838,0.02043539722339847
54,812,1280,256,15.53125,1,16,94.140625,0.0523018762177046,0.07295048145246219,0.4018575074426851,-0.24549431870342092,100.0,0.0,100.0,-0.7267638235041675,-0.007267638235041675,0.0,32.09635416666667,0.0,10.704471709811415,15.638301811644366,96.3469405434416,49.862321693514644,33.06408829626323,47.964332773589625,47.58907411360922,45.84523852757646,27.211962452928475,0.7804321905186965,0.8965015420429405,-11.11033899928032,-10.329906808761626,0.15482416687563857,1.0,0.003761317744966428,5.574115508602381,0.17940065979198444,0.01804482466800974
54,813,1536,256,15.53125,1,16,94.140625,0.035075866233874736,0.08058311183312784,0.2414145068725942,-0.16380664147926885,100.0,0.0,100.0,-7.749419027583657,-0.07749419027583657,0.0,66.66666666666666,0.0,18.209946113042065,20.208414584939455,70.55216231058574,49.99985745560315,48.14813916806248,49.982867392997,49.97564325046208,49.93150592152182,45.957352881168546,0.480237024408091,0.6948589883891467,-25.810613759615162,-25.330376735207068,0.5155158697979634,1.0,0.004021611385281204,3.0216822626540583,0.3309414799693936,0.01976905011687528
54,814,1792,256,15.53125,1,16,94.140625,0.02652462054039871,0.08509988481889849,0.37308313805758325,-0.11793930089689526,100.0,0.0,100.0,-17.357453792354143,-0.17357453792354144,0.0,66.66666666666666,0.0,18.840073567907773,20.913986054203466,52.08172238973199,49.99993222244967,48.50661069631457,49.98971025255753,49.98542045159884,49.949612688224086,46.26948504819232,0.3945619514310289,0.8638091664917469,-36.17406011830002,-35.779498166869,0.10934883444101084,1.0,0.003770007343570337,2.3226660139836497,0.43053973062828804,0.018436222534906777
54,815,2048,256,15.53125,1,16,94.140625,0.04162276154898659,0.042767606343791766,0.19633479779927776,-0.1970667410236524,100.0,0.0,100.0,-13.559764883745554,-0.13559764883745556,0.0,66.66666666666666,0.0,16.75875230379503,17.35625514174132,55.32547579925814,49.99983635698033,47.476505548835306,49.978769532105275,49.97058428137882,49.897069852263286,43.75223963764767,0.6045290245898762,0.6266335417120245,-30.291203214595306,-29.686674190005427,0.11511824429643522,1.0,0.003446065654724365,3.6086124253239946,0.27711482479590926,0.018405470334528863
54,816,2304,256,15.53125,1,16,94.140625,-0.10948341861232125,0.18055410897422883,1.6360623618541053,0.5179888011069745,100.0,0.0,100.0,-21.54969953384902,-0.21549699533849015,0.0,71.74479166666666,0.0,20.79733567172635,22.66912100962732,49.178991253570004,49.999977017053716,49.179024696674674,49.99566221553003,49.993652373056975,49.978594691267205,47.938729247799046,-1.6315531726513475,1.8089015240493913,-42.2890651914635,-43.920618364114844,0.25055185725815166,1.0,0.003537640819941569,9.138818812091113,0.10942333145690011,0.01296586550806877
54,817,2560,256,15.53125,1,16,94.140625,-0.26078675442007526,0.4349440012735363,7.62051233098898,1.282785223144696,100.0,0.0,100.0,-41.960880564679144,-0.4196088056467915,0.0,83.33333333333334,0.0,23.17810389859658,23.796786092324773,35.79129267053896,49.9999979982647,49.67660039164903,49.9991700673108,49.998695275466844,49.99510877214145,49.11073433386311,-3.8181270808154153,3.9039754945411684,-64.75905777405819,-68.57718485487362,0.3167659865158706,1.0,0.003574553863884798,22.754007520325732,0.04394830225430481,0.01046813335116376
54,818,2816,256,15.53125,1,16,94.140625,-0.04827232303175952,0.2416254566095464,1.5039049849677455,0.23818237252550611,100.0,0.0,100.0,-36.61194603815808,-0.3661194603815807,0.0,72.72135416666666,0.0,21.48210476186241,23.799526824611053,37.637289467939276,49.99999225175169,49.4045874258222,49.997846047246135,49.99679308240361,49.987135695023056,48.31583855360029,-0.5734306257629347,1.7343038862712299,-57.076652079745536,-57.65008270550846,0.5032641913445535,1.0,0.003259089334583488,3.9714558261230763,0.2517968331467499,0.012080501844709421
54,819,3072,256,15.53125,1,16,94.140625,0.019956325861012134,0.33064306628147805,2.6856048022698817,-0.0965899445311208,100.0,0.0,100.0,-15.718201810850488,-0.15718201810850488,0.0,33.91927083333333,0.0,9.64861211446952,18.99333595595936,46.39763041484068,49.84523493703391,29.061662873049475,47.414863005265545,47.15383519031292,41.99030650699033,20.659493722511296,0.27034835785248723,2.317587021999339,-20.79548465773228,-20.525136299879794,1.0169757497122331,0.9833076160203066,0.007258923390509011,10.245453773035798,0.09760426645346067,0.016554966192872687
54,820,3328,256,15.53125,1,16,94.140625,-0.008378576148006175,0.10619618770353806,0.5975625149698405,0.034512521126437185,100.0,0.0,100.0,-5.286950468066858,-0.05286950468066859,0.0,16.666666666666664,0.0,7.7023052570762225,9.115213401802341,61.526715165285005,49.917603944282135,25.775986162140917,48.143429050557714,47.90015620112559,43.24404600214628,13.964547543296952,-0.13440464768945848,1.0932177413213164,-12.518635581933466,-12.653040229622928,0.7892130579436568,1.0,0.005817801449453692,1.8391579841616847,0.5437270797896216,0.02508512084365209
54,821,3584,256,15.53125,1,16,94.140625,0.04572315694372429,0.06065186412841777,0.23404154967631505,-0.22495969475993532,100.0,0.0,100.0,-5.275108122599237,-0.05275108122599237,0.0,16.666666666666664,0.0,7.905907686127186,8.772664762715655,62.89506504886893,49.89756791331422,25.938646217420096,47.83799883170654,47.49798276298422,43.508628691131506,16.045304282247546,0.6534790257348415,0.6841659881583051,-12.569996835179936,-11.916517809445093,0.17808705889409965,1.0,0.005401454337803801,6.221278382597807,0.1607386679234939,0.01842169634588234
54,822,3704,120,15.0,1,16,87.5,0.15342311839357506,1.10371582759171,9.278129331180976,-0.7334881465891154,86.66666666666667,0.0,86.66666666666667,-3.223815288679426,-0.032238152886794255,0.0,16.666666666666664,0.0,9.020991343341063,9.258544909566929,75.16340575793109,49.959167330853475,30.590502578150684,48.83561780270514,48.60337407643762,46.17733123317973,19.944490177597306,2.234461488823288,4.307697605724194,-12.001839528658115,-9.767378039834828,3.8461037263416955,0.2600033881434528,0.006623835072446272,18.27184602450379,0.05472900760322366,0.017596070345437143
55,823,256,256,15.53125,1,16,94.140625,-0.005974260142368637,0.20999797706477033,1.7113075487691123,0.017402884955288883,0.78125,0.0,0.78125,-4.0425448437148805,-0.040425448437148806,0.0,0.0,0.0,1.2083502012557703,4.967528439863161,43.283856984340886,30.559247231252552,4.521815777417178,14.046672559072597,13.535294758839905,8.821855115804604,2.935058375076071,0.21478850479069045,1.8500311071812345,-2.7916879073251812,-2.576899402534491,0.5260400113585283,1.0,0.006813571045898154,7.331635244999017,0.13639521969974028,0.026876087882663248
55,824,512,256,15.53125,1,16,94.140625,-0.018363614505190765,0.018450770775149263,0.03590704538107528,0.08280720684374268,47.65625,0.0,47.65625,-1.3446568280993687,-0.013446568280993686,0.0,0.0,0.0,0.9975342287713618,1.288791609461393,93.32941755379237,30.9071707675513,4.061973800201318,12.688074600309065,12.256869740123232,7.5859226015010774,2.6342201230551403,-0.26388941348987127,0.267981511978253,-1.068831516275575,-1.3327209297654465,0.036867981814937945,1.0,0.006105068988716268,1.171622928447173,0.8535169257274301,0.023049051239433238
55,825,768,256,15.53125,1,16,94.140625,-0.011205004291541908,0.01143990013970837,0.013672683352096957,0.05336251180282244,100.0,0.0,100.0,-1.275195575963882,-0.01275195575963882,0.0,0.0,0.0,1.6213507655991997,1.9772631864283623,95.08635445248349,38.07525679702714,5.254397518625661,17.68369510159676,17.008859907937364,10.6631515294852,3.263149692372747,-0.1601181077485918,0.16536434532327068,-1.7051350584793115,-1.865253166227903,0.05280776471189127,1.0,0.005433998860528447,0.9043464704656413,1.0,0.021032414700381013
55,826,1024,256,15.53125,1,16,94.140625,-0.014445674283458354,0.02191819299047439,0.050331220224052266,0.06621015157728058,100.0,0.0,100.0,-1.202135605140705,-0.01202135605140705,0.0,0.5859375,0.0,2.8727769875216183,7.019228887735479,96.07023972096798,43.93863936476496,8.185969105786558,26.026776702263653,25.10037831583488,17.479436818111985,5.024952398948852,-0.21171472663099786,0.3172734474362841,-2.9902881432017656,-3.2020028698327634,0.04846052906642226,1.0,0.0048588549287854246,1.4530192590837754,0.6882221235185596,0.020086012119289984
55,827,1280,256,15.53125,1,16,94.140625,0.061720916269164094,0.0731877472394188,0.45371068878064513,-0.2970709535881285,100.0,0.0,100.0,-1.0303741337204921,-0.010303741337204918,0.0,41.6015625,0.0,12.386495670003125,16.64280867717846,93.41509890425664,49.9645658465508,38.718475430187866,49.16148633508169,48.97930483211802,47.9975240705755,32.64486058714323,0.9113800736942526,0.9525866771907374,-13.259629134149224,-12.348249060454974,0.5059216119329021,1.0,0.005033899996861358,6.391003478353119,0.15646995082807988,0.02111146444277963
55,828,1536,256,15.53125,1,16,94.140625,0.010064759910631882,0.08463018477929693,0.14248330492232564,-0.03894519856403014,100.0,0.0,100.0,-10.64057220072742,-0.1064057220072742,0.0,66.66666666666666,0.0,18.87834884970829,20.76623364830152,64.32289368725607,49.99992506782319,48.65001009209311,49.987957254496294,49.982931672446284,49.94958919537005,46.69814218251426,0.12396190026919318,0.5338226389397992,-29.349346348590267,-29.225384448321073,0.47181195352310756,1.0,0.004422504241984617,0.8836184206603777,1.0,0.024989320176146145
55,829,1792,256,15.53125,1,16,94.140625,0.015211628558611273,0.09637630034864043,0.37980297883121655,-0.06587385239483101,100.0,0.0,100.0,-19.307489006235578,-0.1930748900623558,0.0,66.66666666666666,0.0,18.902909535954418,21.14649609463803,49.50060188504214,49.99994262940274,48.6826893969143,49.98965953014674,49.9856008216916,49.94925224578317,46.315112173579166,0.27211050869758757,0.8715537606266369,-38.18723170246221,-37.91512119376463,0.491519742606841,1.0,0.004877916785393068,1.6732115047349283,0.5976530744440589,0.02465967664019573
55,830,2048,256,15.53125,1,16,94.140625,0.03140375061517882,0.0335177435924593,0.12032856379666092,-0.15078862146139152,100.0,0.0,100.0,-14.625237437133912,-0.14625237437133912,0.0,66.66666666666666,0.0,16.996581544176777,17.892834955854834,53.796767547778344,49.99987141853288,47.87662871356795,49.97976294951779,49.97240544923048,49.90320325514084,44.11228520753187,0.4563550792504183,0.49056816814110743,-31.594057262049546,-31.137702182799124,0.13034753519038755,1.0,0.004180475676974517,2.7302942153527074,0.36626089392743966,0.025071447829589942
55,831,2304,256,15.53125,1,16,94.140625,-0.13813563291377984,0.21289667390007713,2.3366086615357053,0.6625387273812747,100.0,0.0,100.0,-24.338165975162674,-0.2433816597516268,0.0,74.54427083333334,0.0,21.100271109645917,22.67501714662558,46.51263614098053,49.999984152853244,49.34018418455571,49.996107274720785,49.994382927057835,49.981519881249554,48.17632861723472,-2.044980938528635,2.161762550113081,-45.36459951590502,-47.40958045443366,0.7077666114444143,1.0,0.004729221474369966,11.495737597821657,0.08698876357350845,0.018701501085072823
55,832,2560,256,15.53125,1,16,94.140625,-0.27625925087047454,0.4627685609140595,8.516853550913718,1.3661442613137162,100.0,0.0,100.0,-44.12664449286419,-0.4412664449286418,0.0,83.33333333333334,0.0,23.2177339230171,23.755518213744807,34.688490178961274,49.9999981638455,49.71085567677778,49.999065875819014,49.99857416068666,49.99486817735874,49.12603264402466,-4.03519576966108,4.127191187942162,-66.93209708244598,-70.96729285210705,2.9828712414401566,0.3352474575862655,0.007216248478607299,24.296722774690792,0.041157814132927906,0.014732751637186488
55,833,2816,256,15.53125,1,16,94.140625,-0.013206149743525908,0.1870094646940663,0.8250659523774488,0.07218648053328884,100.0,0.0,100.0,-34.64361529552999,-0.3464361529552999,0.0,71.875,0.0,20.982277595962362,23.662177498569537,38.52671710977856,49.999990241068716,49.375685468741594,49.99693152443418,49.9956109918109,49.9827008844898,47.999336899579404,-0.0751962624978417,1.2845746006966265,-54.46162863078931,-54.53682489328715,0.6896168158199034,1.0,0.004177646660324766,0.6122103307605296,1.0,0.02353922015679204
55,834,3072,256,15.53125,1,16,94.140625,0.010554470983498501,0.3267582793417964,2.4446455632648805,-0.06216653040178624,100.0,0.0,100.0,-14.230092099406617,-0.14230092099406616,0.0,30.46875,0.0,8.798589154701517,17.872554742948775,47.35662377060177,49.85621444772558,28.18118887789622,47.1429532748705,46.87282067184527,41.308298601926936,17.917314317339233,0.11770002270373653,2.2111741511083567,-18.579426602120947,-18.461726579417213,0.752446924733736,1.0,0.004155669379166052,8.828491429924611,0.11326963478839094,0.02429937535586355
55,835,3328,256,15.53125,1,16,94.140625,-0.0026953057236102987,0.10914736599233324,0.6391180250763353,0.008673613058083049,100.0,0.0,100.0,-5.862165847926386,-0.058621658479263865,0.0,16.666666666666664,0.0,8.207838306938706,9.590052386485887,60.24727677307586,49.948458075502955,29.21746635058929,48.47985574012692,48.28384315749673,44.473566493248505,15.221990822595185,-0.08719750813454974,1.1305910180753562,-13.623583913765774,-13.710781421900325,0.7210042197378146,1.0,0.005304290235891744,1.109151675726291,0.9015899465194275,0.032661967696532526
55,836,3584,256,15.53125,1,16,94.140625,0.04700547476909926,0.05511785535093988,0.2429815723693869,-0.22815891373727437,100.0,0.0,100.0,-4.635681127721824,-0.04635681127721824,0.0,16.666666666666664,0.0,7.981326655427819,8.645908299258359,66.04692601219492,49.91551051743999,27.32549914539863,47.790064182958076,47.45294102048158,43.74741241773321,16.049701574848388,0.6668303037396762,0.6971105685174869,-12.084327216007216,-11.41749691226754,0.26406286569122606,1.0,0.0045909402048653,6.213757573408414,0.1609332176523058,0.02830343810176076
55,837,3684,100,14.8,1,16,85.0,0.16863782212908085,1.1829645937947426,10.569825021023858,-0.7673044472016906,84.0,0.0,84.0,-3.2193438756401647,-0.03219343875640165,0.0,16.666666666666664,0.0,8.8189442740076,9.013681768609434,74.94647879315667,49.95651665345831,30.929528208165525,48.57878033491798,48.32234039798408,45.726588602526725,18.90051791440683,2.453275053604779,4.597787515974147,-11.766989478380744,-9.313714424775965,3.9359559634115855,0.25406788320193135,0.004312142114462632,20.345497736397537,0.04915092336183191,0.0270826262727054
56,838,256,256,15.53125,1,16,94.140625,0.06828640806373026,0.12131929159658357,1.1784537021691739,-0.30554645009646125,100.0,0.0,100.0,-1.709490234412931,-0.017094902344129307,0.0,2.018229166666667,0.0,4.918313405009933,7.739252613917602,78.26258162909052,48.84006784254429,14.048029071023809,38.35531228053248,37.325759671902304,29.117168885709283,7.856677037173938,1.1111512206777103,1.5352222654516015,-6.284374093764594,-5.1732228730868846,0.5459639406287811,1.0,0.005563849069259754,8.714423199892835,0.11475228790957702,0.02953108574375107
56,839,512,256,15.53125,1,16,94.140625,0.04248339570972295,0.04252989355248911,0.1922743292065097,-0.19743600066629996,100.0,0.0,100.0,-0.1588451969253939,-0.0015884519692539389,0.0,0.0,0.0,4.809228149389762,5.156873222644061,99.50543835837817,48.90968788610941,13.716004190467292,38.348680397988524,37.286862557133134,28.782526565282872,7.46272921542443,0.6144111723535548,0.620119874228378,-4.833130961213271,-4.218719788859716,0.24266109298032693,1.0,0.005285925912221476,4.134833465578872,0.24184770881939285,0.029553606023021275
56,840,768,256,15.53125,1,16,94.140625,0.04861728177530121,0.04866125494730622,0.2517280173163401,-0.23096994581126154,100.0,0.0,100.0,-0.15147476673418359,-0.0015147476673418358,0.0,0.0,0.0,5.4082658286465914,5.753383665337156,99.51549378475936,49.32163885358051,16.044904616358558,41.08188646969112,40.108854525794776,32.33079718734673,8.649184380060245,0.703075230998105,0.7095463583393831,-5.434596787857027,-4.7315215568589215,0.10236426694232822,1.0,0.005000398361003951,4.735554830532229,0.21116849783948335,0.030291362562508202
56,841,1024,256,15.53125,1,16,94.140625,0.04327836383882778,0.04643116101372254,0.22364383177343594,-0.20453488573607428,100.0,0.0,100.0,-0.1585572259191438,-0.001585572259191438,0.0,13.020833333333334,0.0,6.437408150298051,10.155022855984601,99.3586941420152,49.61503580744772,20.227322406271142,43.86414544582197,43.06943775292538,36.87344862903213,11.513389582075895,0.6212546804561256,0.6687956814654771,-6.4789580880531155,-5.857703407596989,0.07663496817798783,1.0,0.004484334250910248,4.179444162856008,0.23926626628662834,0.03149411237024566
56,842,1280,256,15.53125,1,16,94.140625,0.024435284645287228,0.07554863452546437,0.15239572502596888,-0.11125075448009433,100.0,0.0,100.0,-4.867001555588163,-0.048670015555881636,0.0,58.203125,0.0,15.316084449993935,18.80305794663982,77.56647993966732,49.997218558635666,45.45473093443494,49.84035452148049,49.79202867245973,49.54211854768291,40.46573608852833,0.3702845611438788,0.5520792063209207,-19.745751595156925,-19.37546703401305,0.2063286217698684,1.0,0.0039807316506264455,2.660102381124842,0.37592538057769914,0.03430703671204591
56,843,1536,256,15.53125,1,16,94.140625,-0.07018131087734596,0.16349158864286176,0.7329534741245589,0.3452518990067729,100.0,0.0,100.0,-19.362318404636834,-0.19362318404636833,0.0,68.1640625,0.0,20.118615083600695,21.525191554497226,51.216010404240095,49.999978274431975,49.2498183901404,49.993883548341046,49.99096089280158,49.97373056014852,47.66397199660868,-1.0549466496984743,1.210746442591973,-39.28188651323592,-40.3368331629344,0.19337791384178188,1.0,0.004247091972726034,6.101080845030642,0.163905384209833,0.027140220158633946
56,844,1792,256,15.53125,1,16,94.140625,0.007973081092402107,0.09487709478761742,0.321262548640276,-0.04268753363156577,100.0,0.0,100.0,-22.892643447169363,-0.22892643447169364,0.0,67.7734375,0.0,18.455577268903916,21.489456534791152,44.66416773697853,49.999935171059725,48.710154264946894,49.986387176539125,49.9807691988503,49.93662145098033,45.58368339131563,0.1538876965018623,0.8015766321946717,-41.320768311605875,-41.166880615104006,0.2976710003900707,1.0,0.0040961439414569055,0.937638067048404,1.0,0.02981240152022978
56,845,2048,256,15.53125,1,16,94.140625,-0.009428419106578712,0.0558638717435118,0.2076586013328093,0.048006817333864096,100.0,0.0,100.0,-16.921219020151398,-0.16921219020151396,0.0,66.66666666666666,0.0,16.957784807353754,19.46031155744753,50.10524022483808,49.99987647655042,48.1395519713344,49.97694032772149,49.96777212830639,49.895918058944076,43.76870841703342,-0.14001932069996903,0.6444510863251133,-33.84433390850698,-33.98435322920696,0.22301344999219327,1.0,0.0036082048393286793,0.8528216181910118,1.0,0.028959258427108794
56,846,2304,256,15.53125,1,16,94.140625,-0.1967513006952108,0.28397706899015646,4.438449753076833,0.9212745948014839,100.0,0.0,100.0,-30.95472611651923,-0.30954726116519227,0.0,78.90625,0.0,21.58331718700678,22.830917874447525,41.187119996453696,49.9999928514971,49.55757891026845,49.997194374401445,49.995726499533234,49.98696441714464,48.459153246801975,-2.8883866207135265,2.979412610927474,-52.4030745263693,-55.291461147082835,1.418596269506691,0.704922197735473,0.0068449952750126875,16.39829183519457,0.06098196141708895,0.02509520959099765
56,847,2560,256,15.53125,1,16,94.140625,-0.2685648263641921,0.492667108415247,8.818785382862352,1.2326458059489114,100.0,0.0,100.0,-48.12114773714244,-0.48121147737142433,0.0,83.33333333333334,0.0,23.118459882821355,23.589500211697306,32.70135954529643,49.99999823439242,49.75299322035269,49.99890534608528,49.99826878177895,49.99433618797282,49.05488137817301,-3.8732403932642794,4.1997107954863635,-70.69571480903943,-74.56895520230371,1.3316678517018743,0.7509380050903819,0.010367616429686385,24.200256109814497,0.041321876738091484,0.022978040317104122
56,848,2816,256,15.53125,1,16,94.140625,0.026687930893071005,0.20063329267321106,1.4226266706684558,-0.1052244984705484,100.0,0.0,100.0,-29.671702317514935,-0.2967170231751493,0.0,69.07552083333334,0.0,19.077434293047073,22.758790519163774,40.94088316575436,49.9999428706696,48.9386707414779,49.98868896411456,49.98436369901732,49.93644395131871,45.606125846160104,0.3335586483952896,1.6867878768051754,-46.597515290057764,-46.26395664166248,0.6225339301508644,1.0,0.009636335937888256,5.211183551139454,0.19189498703827934,0.027210933826582247
56,849,3072,256,15.53125,1,16,94.140625,-0.022720378864795724,0.3030951804323771,1.4750355486520927,0.10765062834344111,76.5625,0.0,76.5625,-10.948642212831967,-0.10948642212831965,0.0,17.057291666666664,0.0,5.913624039550633,13.770956489128075,48.843208489500306,49.70131148583051,20.97697348188206,44.46989736596139,43.862024365252665,35.19055747069996,8.868421524493787,-0.6117220638815308,1.7175771008325027,-12.107361949454793,-12.719084013336325,1.4720447488476334,0.6793271745188684,0.009798070072924143,10.650618126502426,0.0938912641616221,0.02255300848703954
56,850,3328,256,15.53125,1,16,94.140625,-0.01330101483924569,0.11828176253729551,0.6986871198838083,0.07118482831011805,100.0,0.0,100.0,-6.809488922139061,-0.06809488922139062,0.0,16.080729166666664,0.0,7.40210212125626,9.146968635019064,55.43396250207919,49.867381390221965,27.684554237848104,47.098082738719505,46.694249374928916,41.67097057903794,12.504617259461181,-0.22446455030888263,1.1821058496461374,-13.353009215205617,-13.577473765514501,0.7551479958079815,1.0,0.010893172149668607,1.4499734824178079,0.6896677850497761,0.027052039646259175
56,851,3584,256,15.53125,1,16,94.140625,0.026663665749395396,0.028017227295161602,0.08378294870218754,-0.12748887639420872,100.0,0.0,100.0,-3.6105032025360684,-0.03610503202536068,0.0,16.666666666666664,0.0,7.008304043533261,7.528621581673443,70.44753133711555,49.83729855165728,24.8754210472757,46.163171225836464,45.49977561637613,40.53941413950558,12.637538566460085,0.3967118018965984,0.4093481371697874,-9.948260656567406,-9.551548854670806,0.10507183788859284,1.0,0.009841622798303107,3.7868711246019835,0.26407024878754076,0.02621358673379835
56,852,3638,54,13.777777777777779,1,16,72.22222222222221,0.22590624470148502,1.3913505976212917,14.252296036696249,-0.9410944325918352,70.37037037037037,0.0,70.37037037037037,-3.090648622502986,-0.030906486225029853,0.0,16.666666666666664,0.0,7.573974074392634,7.678431469693491,74.22111944648613,49.8986260760309,27.682942652202307,47.14811810917609,46.58487792565405,42.464404959674816,14.20418348081295,3.2838267875010327,5.338969195771081,-10.20460770583434,-6.9207809183333096,3.735681568857451,0.26768876885452725,0.009575091735184598,29.62262047176614,0.033757985757982424,0.02691127126490813
57,853,256,256,15.53125,1,16,94.140625,-0.1438996965726394,0.14408614217927954,2.1935401369710843,0.6910492636742778,0.0,0.0,0.0,-7.258044189068098,-0.07258044189068097,0.0,0.0,80.078125,0.003003839099815042,0.004047154216907588,2.489496777021614,1.103792793974346,0.9390387483974625,0.9344255318752188,0.9527201990957539,0.8492476640814257,0.8064168624570973,-2.071672875683592,2.094535813478053,-0.12066049362027202,-2.192333369303864,0.31412538469471296,1.0,0.009110834672013913,0.30169731376189424,1.0,0.02344787812900301
57,854,512,256,15.53125,1,16,94.140625,-0.12598069948103513,0.12606777856078374,1.681096388406372,0.6041954080489972,0.0,0.0,0.0,-6.357405097346183,-0.06357405097346183,0.0,0.0,24.0234375,0.00740551635853392,0.01274871948951383,6.064331387845264,1.7230504561766622,1.1092689345321847,1.212506065648822,1.230172958659117,1.039399777548562,0.9003794093321686,-1.8147414509459592,1.833628309339912,-0.1221159578016596,-1.9368574087476187,0.6173950488947076,1.0,0.00917242015784605,0.33540065351484,1.0,0.02033642376912561
57,855,768,256,15.53125,1,16,94.140625,-0.11100953557638639,0.11107859736308463,1.3051597253929512,0.5256417087615202,0.0,0.0,0.0,-5.615523782782569,-0.05615523782782568,0.0,0.0,2.018229166666667,0.023165168689342,0.03889281156710237,16.08580907865942,3.4687082845077026,1.436165506449023,1.8496762253544874,1.8511407746488326,1.449250464892568,1.0706904134390658,-1.599178318458468,1.6156483066515133,-0.144009969135308,-1.7431882875937759,0.2849819652056291,1.0,0.008157439542567008,0.5097886877462889,1.0,0.01741969792430245
57,856,1024,256,15.53125,1,16,94.140625,-0.1074182786509955,0.10837357161370177,1.2386562598159843,0.5180103980016535,0.0,0.0,0.0,-5.0380605509791785,-0.05038060550979179,0.0,0.0,0.0,0.23819930596292468,2.3657207115624144,59.917786107182785,10.475512148884253,2.3442187826913345,4.23674479297401,4.072877986408699,2.992514276892277,1.5543806813144518,-1.5515467615975322,1.573948067641359,-0.39754357001246077,-1.949090331609993,0.532786600456143,1.0,0.008722978926054894,2.1461158104979696,0.4659580788270541,0.013468256273370907
57,857,1280,256,15.53125,1,16,94.140625,0.005391217871762534,0.06492858761960928,0.13215946334751413,-0.029617918244148958,99.609375,0.0,99.609375,-1.1344020370519405,-0.011344020370519407,0.0,8.0078125,0.0,6.5991182780514785,12.475697927832217,96.56032743448543,47.90874681044471,21.316283792179686,37.214877081634405,35.90533637588486,32.58583877517485,14.492056443718784,0.11861457439014504,0.5141195645907947,-6.834192109102851,-6.715577534712704,0.1516627253380329,1.0,0.008238262487944651,0.8931124115115081,1.0,0.015251915375887798
57,858,1536,256,15.53125,1,16,94.140625,0.040160537606448846,0.07406733079776595,0.22777420775161417,-0.19170764148102243,100.0,0.0,100.0,-5.564253259405376,-0.05564253259405377,0.0,63.606770833333336,0.0,16.025060475929337,18.440409048036038,74.87227370268067,49.99916024680081,47.302237996370664,49.914608563789585,49.877489761558884,49.727448628409675,42.091440972783204,0.5799279505503357,0.6749432683590735,-21.403197316492857,-20.823269365942522,0.25024080059942383,1.0,0.006883311320226729,3.8803748799294384,0.2577070594834343,0.01990097642368465
57,859,1792,256,15.53125,1,16,94.140625,0.03501725439992211,0.0806790300949797,0.3882895459063694,-0.16378818111362192,100.0,0.0,100.0,-14.20834168922402,-0.14208341689224022,0.0,66.66666666666666,0.0,17.004685216441167,19.173072300828004,54.5709562193518,49.99978844207473,48.28980505945955,49.96450845957931,49.947763298279256,49.84513391312315,43.15692980158738,0.5501799886841003,0.8812372505816687,-31.160687652401833,-30.610507663717733,0.11661044890174634,1.0,0.00569237607997077,3.341066169203174,0.2993056555472215,0.021989695007810815
57,860,2048,256,15.53125,1,16,94.140625,0.04328195458794887,0.04393085751468869,0.2070035452145066,-0.20021941381583827,100.0,0.0,100.0,-11.228553127349908,-0.11228553127349909,0.0,66.66666666666666,0.0,14.693975935869119,15.029363126100836,56.846293073549774,49.999450161876986,46.986972246445895,49.92279043074137,49.88876791383207,49.6634941642554,38.3178209207629,0.6284377896056291,0.643433827544848,-25.84860883867577,-25.22017104907014,0.10156034901828283,1.0,0.0050890002049638955,4.002146202741565,0.24986593426171597,0.02363576113962856
57,861,2304,256,15.53125,1,16,94.140625,-0.08806232820101262,0.13905947021184678,1.1534303784712403,0.4098655053715168,100.0,0.0,100.0,-17.97640277574645,-0.17976402775746453,0.0,70.3125,0.0,18.8658040361842,21.338098660527713,51.327870735135136,49.99990338986717,48.969105590465915,49.98140645605679,49.97179783361271,49.92174901476104,45.90576197409878,-1.3147899424796547,1.5188353291066417,-36.755477610860865,-38.07026755334053,0.32696808933313004,1.0,0.003882863743038084,7.768017819591249,0.12873296936548734,0.016279137294193016
57,862,2560,256,15.53125,1,16,94.140625,-0.26113378386277636,0.3838273634183503,7.635082818175279,1.1805469757010454,100.0,0.0,100.0,-39.15476416621576,-0.3915476416621577,0.0,83.33333333333334,0.0,22.23067991636197,23.232430398312296,36.51253955604694,49.99999626580211,49.7309369167517,49.997886079559194,49.99643480112544,49.98915792326142,48.667306880788786,-3.814000252279255,3.907705930127107,-60.88505534444615,-64.69905559672542,1.5120528302192324,0.6613525533066262,0.006114666634918518,23.923390802501956,0.04180009465445082,0.012540534653550097
57,863,2816,256,15.53125,1,16,94.140625,-0.09538415108746062,0.2828076882909194,3.0849097266213765,0.46974268078955866,100.0,0.0,100.0,-39.32417229682115,-0.3932417229682115,0.0,75.9765625,0.0,21.110289251822078,23.43083493649396,35.73959947173219,49.999991173817406,49.603220685603965,49.99616303528332,49.993760430839025,49.97860843173624,47.84286764484026,-1.3009696886760151,2.483912126715185,-59.06694412879196,-60.36791381746797,0.8338395106787371,1.0,0.007435987559481702,10.205715809057248,0.09798430788289557,0.012858653388702809
57,864,3072,256,15.53125,1,16,94.140625,-0.010514371666399056,0.36503666237038385,3.0467981421095796,0.06523189602497764,75.390625,0.0,75.390625,-18.1430844267655,-0.18143084426765502,0.0,34.63541666666667,0.0,9.738317986953355,18.65426627096559,44.53556786054557,49.83007624260614,32.85178258485913,46.51057742030568,45.926036476727724,40.22918645167597,20.51976737110288,-0.14909484704160603,2.46852107226557,-21.866383330840183,-22.01547817788179,0.735676444479942,1.0,0.008657891017761743,12.617274065643409,0.07925642217148793,0.017982951243212256
57,865,3328,256,15.53125,1,16,94.140625,-0.015064573500939017,0.11190576511184498,0.4892247054112978,0.0780244447276113,100.0,0.0,100.0,-4.653887427627751,-0.04653887427627752,0.0,16.666666666666664,0.0,7.039587060955264,8.974337457278232,63.629007870990854,49.869785226880765,28.917908879333506,46.71216914856842,46.05858489308174,39.654129917569264,11.616153957431303,-0.21918338652446945,0.9891660178264292,-11.063487073738717,-11.282670460263187,0.36586096237009536,1.0,0.007532862405707886,2.30360483649887,0.43410223149203325,0.021809283802281993
57,866,3584,256,15.53125,1,16,94.140625,0.01992418954378552,0.0971195453632501,0.4129835356893719,-0.09534139591891101,94.921875,0.0,94.921875,-6.179325451455611,-0.061793254514556105,0.0,12.5,0.0,5.674334992328443,7.532396009365412,55.39128667766455,49.57432675052431,21.622784233187417,42.72672234400304,41.468805182328886,33.70624551551304,9.44207149268519,0.3276373174659302,0.9088273055860193,-10.2440931284893,-9.91645581102337,0.15458203922270947,1.0,0.006681582901300099,4.880470289524527,0.2048982865742276,0.01219977990748178
57,867,3730,146,15.178082191780822,1,16,89.72602739726028,0.08450643956834057,0.7792716594929051,4.407450535757329,-0.2701129338209322,89.04109589041096,0.0,89.04109589041096,-3.4345740443961152,-0.03434574044396115,0.0,16.666666666666664,0.0,6.601063305454063,6.887792043366613,71.50512608917107,49.80208408536005,25.340836384445172,45.25357100345326,44.19563978419647,38.1858394701492,11.924753138172653,1.2443484352747074,2.9689899076141466,-9.231594525436053,-7.987246090161344,5.875903644959032,0.17018658923345437,0.008256635804311602,12.211176053107293,0.08189219413846195,0.013797172667415047
58,868,256,256,15.53125,1,16,94.140625,0.037662070554523024,0.11392281739791857,0.8489492619550788,-0.17586310687238974,100.0,0.0,100.0,-4.981505535800139,-0.04981505535800139,0.0,16.666666666666664,0.0,7.1609867979104465,10.024642748402742,75.23492492441967,49.81107313970939,26.006520048419365,45.56929772677984,44.54661756573368,39.071252927004025,13.17575112313671,0.6826287702802121,1.3030343525441521,-9.518168330870681,-8.835539560590469,0.5013675228864126,1.0,0.008084133343763521,6.014207353428996,0.16627295023838023,0.01649033939024905
58,869,512,256,15.53125,1,16,94.140625,0.010036313767592571,0.010374888476660132,0.011521326627589097,-0.046297290581953546,100.0,0.0,100.0,-3.2115613358763175,-0.03211561335876317,0.0,16.666666666666664,0.0,6.860595537545662,7.123450821448221,89.74491161638939,49.80037866347202,24.983546949448495,45.24854819498725,44.14327044389976,38.24137440763249,12.136014258225348,0.14658706425198698,0.1517980673631196,-7.644550999025963,-7.497963934773977,0.02986746298852224,1.0,0.007241947402028221,1.1558262662882004,0.8651819301627242,0.0191759501374429
58,870,768,256,15.53125,1,16,94.140625,0.018357813788682155,0.018556155378541116,0.03678387051130004,-0.087430330559577,100.0,0.0,100.0,-3.0294177294646687,-0.030294177294646688,0.0,16.666666666666664,0.0,7.300120938221227,7.559458585319127,89.96678401060866,49.860371132388565,27.159861275887973,46.20396146769538,45.24048371700295,40.051235019445755,13.365660180682312,0.26684062726863306,0.27123373872473916,-8.114240181532347,-7.847399554263713,0.08284213286462026,1.0,0.006566738473895727,2.098339817486936,0.4765672326599816,0.022254630689233154
58,871,1024,256,15.53125,1,16,94.140625,0.011221932165894427,0.03728064857357035,0.06418875539834,-0.052244253654556136,100.0,0.0,100.0,-2.901169086140818,-0.02901169086140818,0.0,16.666666666666664,0.0,8.12972037448564,11.270022740152701,89.40440101042341,49.9107996789149,30.51739183211692,47.22881028132422,46.45932547782567,42.38060926469917,16.273508368528766,0.1574432904307071,0.3582980753460448,-9.093199308541665,-8.93575601811096,0.08971868194012411,1.0,0.006097851479715108,1.235666708395249,0.8092797137010289,0.025300163063178414
58,872,1280,256,15.53125,1,16,94.140625,-0.0629737229979202,0.1391521561931115,0.5259155658348112,0.3000905928409958,100.0,0.0,100.0,-11.811899925870406,-0.11811899925870405,0.0,62.6953125,0.0,16.734128912915583,19.762109727819915,60.564669108847525,49.99920758823853,47.79571230216801,49.92028719843988,49.88109654947344,49.73116959709774,43.194155649221244,-0.8807397375002588,1.025588188148451,-27.630183007919705,-28.51092274541996,0.5985804659408084,1.0,0.0058190800104742585,6.654365214495443,0.15027729434231593,0.019779670921863057
58,873,1536,256,15.53125,1,16,94.140625,-0.13608288381797867,0.2585229649693362,2.1582822607297283,0.6193396894248042,100.0,0.0,100.0,-28.22318324695172,-0.28223183246951716,0.0,79.62239583333334,0.0,20.69665912039111,21.61334058032207,42.48639305759714,49.999988584153684,49.578836834800896,49.994960863205435,49.99134649102106,49.97537441001799,48.00205631977765,-2.005185977169247,2.0776343570174847,-48.713617774833125,-50.71880375200237,0.8037476865406925,1.0,0.003945532857884918,11.711580636533922,0.08538557100315991,0.017931342295224285
58,874,1792,256,15.53125,1,16,94.140625,0.00970402941296769,0.06143136161717371,0.2741989441938907,-0.04637916418216666,100.0,0.0,100.0,-23.965747583353547,-0.23965747583353544,0.0,68.88020833333334,0.0,17.397103565713284,21.05493442310451,42.11463133333425,49.99989163632675,48.775605461121756,49.97482755368611,49.96007295461886,49.87299163350637,43.92556022954314,0.15909695611333138,0.7405389175376142,-41.308929972618,-41.14983301650467,0.3269210398967798,1.0,0.004216627825364404,0.9147245294087762,1.0,0.018062230369165603
58,875,2048,256,15.53125,1,16,94.140625,-0.05174328561541591,0.10242688947227233,0.7490846183312135,0.23567514244126625,100.0,0.0,100.0,-18.59031559696362,-0.18590315596963622,0.0,66.66666666666666,0.0,16.65012713005908,19.974759326568964,47.32962554617126,49.99983696464411,48.48995522789427,49.965453949872796,49.94555184788918,49.832257129862064,42.89563816388656,-0.760946074078658,1.2239972371955858,-35.17908062428353,-35.94002669836219,1.069204405757355,0.9352748591525536,0.005663822985038886,4.593760050856792,0.21768659854436406,0.016753589407224764
58,876,2304,256,15.53125,1,16,94.140625,-0.23693244638300745,0.3347740829831621,6.1958131318373795,1.1393534968392531,100.0,0.0,100.0,-35.82401584623752,-0.3582401584623752,0.0,83.13802083333334,0.0,21.631859361201784,22.79416726060167,37.79194833236294,49.999994109405506,49.70429519034807,49.99681802440957,49.9943830934714,49.98362147075618,48.48464830654608,-3.429396806283048,3.52017418087156,-57.239333550520996,-60.66873035680403,1.9716787139579801,0.507182023582627,0.0034840491894983184,19.924630908969128,0.050189135476022655,0.017107382175583403
58,877,2560,256,15.53125,1,16,94.140625,-0.21642965264358777,0.4715411443139783,8.515883117664318,1.0080230009035194,100.0,0.0,100.0,-48.7282290201595,-0.48728229020159497,0.0,83.33333333333334,0.0,22.76256413685572,23.47453674012742,32.15399526772309,49.9999977269743,49.80985049907312,49.99834290024155,49.99698724656342,49.99049753651378,48.9016637827724,-3.089304647238315,4.12695604959983,-70.79233528315312,-73.88163993039143,1.4062515733415526,0.7111103155061989,0.006452759500085352,19.629213992853817,0.05094447492212671,0.01884473364596302
58,878,2816,256,15.53125,1,16,94.140625,0.02243514340622378,0.30608521911811354,2.2745657237371257,-0.14047407431565245,88.671875,0.0,88.671875,-26.697336304242157,-0.26697336304242153,0.0,60.091145833333336,0.0,16.6006058541343,20.302692886190904,42.262663209173404,49.997270511265626,47.399276107294185,49.83563573846852,49.77651964586077,49.213182944365556,39.84780699992915,0.31435318015620234,2.1328692992010203,-39.27960188398876,-38.96524870383255,1.052107986993249,0.9504727769036665,0.007822761028416132,10.663420356748981,0.09377854070688402,0.022823726636745863
58,879,3072,256,15.53125,1,16,94.140625,-0.05329465543191682,0.23779314591301587,1.2333667306265086,0.2430446638769828,73.4375,0.0,73.4375,-8.217805129671335,-0.08217805129671335,0.0,10.416666666666668,0.0,4.804221503800715,6.649557072402766,52.21500442400834,49.5920276665428,20.358417554481466,42.01481668617717,40.47979892152541,29.326820160126154,6.214839097943296,-0.7143776755919571,1.57058379631684,-9.200844770189745,-9.915222445781701,1.1909490304630905,0.8396664965680004,0.009069060301927306,12.720613792879506,0.07861255881848722,0.01771542952602213
58,880,3328,256,15.53125,1,16,94.140625,-0.04127710536087667,0.18040515847488928,2.152609338381247,0.21686079861999122,73.4375,0.0,73.4375,-7.0654669679988675,-0.0706546696799887,0.0,9.375,0.0,5.385683239754733,8.397259622799663,53.41059319660384,47.71183932678851,23.280560518511745,38.42385151645287,37.29251421981892,30.6254763675162,8.847410550123657,-0.6179667264611978,2.074902088476103,-10.083548819482473,-10.701515545943671,0.40078372325305156,1.0,0.008483092970489345,3.1992733268678446,0.3125709802916467,0.02080348067953492
58,881,3584,256,15.53125,1,16,94.140625,-0.013070582202039108,0.014855397285074253,0.020854970564221077,0.06124324511239823,100.0,0.0,100.0,-4.264018033359282,-0.04264018033359281,0.0,3.6458333333333335,0.0,5.0738601695862275,5.577270802517144,66.59759108656071,49.365622643297876,19.501288695015106,39.852761014416586,37.89370723512766,29.783069390159184,8.223978634740064,-0.18067225055393785,0.20423011807380945,-7.618684229871679,-7.799356480425617,0.04649681588281093,1.0,0.007659865551512291,2.151264743709016,0.46484283393028164,0.02140714710155985
58,882,3607,23,10.782608695652174,1,16,34.78260869565217,0.3617237267650683,1.732489237950074,20.78364776207859,-0.9477263664417699,30.434782608695656,0.0,30.434782608695656,-3.9279350821838035,-0.039279350821838026,0.0,16.666666666666664,0.0,5.707968410256449,5.752859920406298,68.44119131417665,49.62123486556083,22.43457641837593,42.35053946116568,40.619890317191086,33.37090698249337,9.511470408998335,5.374002324475867,6.447270393287161,-8.339960629928607,-2.9659583054527396,13.876181533789195,0.07206593525495109,0.007187973348892778,60.10166253723435,0.01663847484053336,0.016792573028954046
59,883,256,256,15.53125,1,16,94.140625,-0.129343617413898,0.1374059289551725,1.9021348355899443,0.6096950849147222,0.0,0.0,0.0,-6.5273669951801025,-0.06527366995180103,0.0,0.0,75.45572916666666,0.00241963516116701,0.005436384270988978,2.4265669428731798,1.0216340950829554,0.90206217064139,0.8621780106927203,0.872207092682755,0.7881577806935337,0.7721634212910007,-1.8229308323570472,1.9504537090584562,-0.0997143379156908,-1.9226451702727378,0.49372641617169993,1.0,0.006516056204355397,0.19237703370569967,1.0,0.014884494189736678
59,884,512,256,15.53125,1,16,94.140625,-0.0850195677950038,0.08507378784638263,0.7655283124583937,0.40724047877652114,0.0,0.0,0.0,-4.294162886303011,-0.0429416288630301,0.0,0.0,14.713541666666666,0.010223686285171207,0.016811344637942077,11.099369123837768,2.198928382298328,1.2468160417310086,1.3591050541415937,1.351283605813303,1.1249899825367533,0.9510378870773177,-1.2247226327728093,1.2373587292765131,-0.09211051701320679,-1.316833149786016,0.13165372184784277,1.0,0.005932917768624977,0.2063613572431574,1.0,0.013608015908242295
59,885,768,256,15.53125,1,16,94.140625,-0.07551464115697512,0.07555570487366989,0.6039786993177123,0.36118467185050385,0.0,0.0,0.0,-3.8271274684128396,-0.0382712746841284,0.0,0.0,0.0,0.030521932690170582,0.04897829297522341,25.944863420541964,4.424883873775978,1.637501498732035,2.0649518950447323,2.009664662510287,1.5667404206536895,1.1325586836413146,-1.0879846757608096,1.099071152671848,-0.11764152385556481,-1.2056261996163742,0.14316090064118633,1.0,0.005453712537369641,0.3539061330968704,1.0,0.012969680382021575
59,886,1024,256,15.53125,1,16,94.140625,-0.07862326202172769,0.08279478038961886,0.6838184726218041,0.36926724824044244,8.203125,0.0,8.203125,-3.480306786609128,-0.03480306786609128,0.0,0.0,0.0,0.2899226201026832,2.757622105414882,70.42307797000956,12.36286834435403,2.7334279694528245,4.652492001133695,4.321461580815961,3.2327302447722728,1.6740400221249658,-1.1378049394203527,1.1694601084447507,-0.41168694760281555,-1.5494918870231684,0.21887580434217993,1.0,0.005355997782170789,1.9782688799313495,0.5054924586564301,0.01642388061994025
59,887,1280,256,15.53125,1,16,94.140625,0.016686261149238664,0.04976026183825873,0.1035829791062915,-0.08076035333263534,100.0,0.0,100.0,-0.8330342234755161,-0.00833034223475516,0.0,10.026041666666668,0.0,7.374893268697068,13.318953648272503,96.22717175861695,48.63893508628462,25.0138450180451,39.11878969078573,37.45670308357492,34.75862268407752,17.202703474084252,0.2589010346355109,0.4551548727769296,-7.664044504183052,-7.405143469547542,0.3095468391461371,1.0,0.0049227541011353185,1.975090666845803,0.5063058708069278,0.010147466136872042
59,888,1536,256,15.53125,1,16,94.140625,0.02559770144498217,0.07831060971905592,0.1553377197057092,-0.11509520357255865,100.0,0.0,100.0,-6.8982078853065145,-0.06898207885306513,0.0,64.0625,0.0,16.317743860986624,18.779627236752997,70.92855679119337,49.99938077637357,47.931840994657065,49.91465585655756,49.864594226794736,49.73219305303444,43.08217798778398,0.34831265687947155,0.5573826687397253,-23.00588733114145,-22.65757467426198,0.2767084144117278,1.0,0.0052849454825667636,2.4270929228991878,0.41201553948148373,0.011598954467766286
59,889,1792,256,15.53125,1,16,94.140625,0.031580659416032233,0.0780994912722063,0.353217898195612,-0.15076282187240475,100.0,0.0,100.0,-15.166263135982977,-0.15166263135982977,0.0,66.66666666666666,0.0,16.735304199993333,19.29029078174281,52.57296779483351,49.99973075322697,48.43109007734134,49.94759090974428,49.91546935754451,49.7840624627809,42.7023507365671,0.4517774459695766,0.8404973506152319,-31.832527060870927,-31.380749614901347,0.32060089466786224,1.0,0.004405582451736105,2.8356447227120247,0.3526534872265645,0.013190917994083754
59,890,2048,256,15.53125,1,16,94.140625,0.03288935404590029,0.03438948621599935,0.1265850029737547,-0.15615192590484597,100.0,0.0,100.0,-11.790407131191051,-0.11790407131191052,0.0,64.51822916666666,0.0,14.409794121858148,15.10091642465679,55.21678313800631,49.99933446892038,47.26677602823103,49.88991781414861,49.82646623457461,49.55239672643167,37.688242530696684,0.4774753303872112,0.5031600202197204,-26.09676497423431,-25.6192896438471,0.1403689221270464,1.0,0.004050286319622061,3.131131543276371,0.3193733594959777,0.015701585395696188
59,891,2304,256,15.53125,1,16,94.140625,-0.10689546928917484,0.1604211672642965,1.5058235144921404,0.5062354089160208,100.0,0.0,100.0,-19.54967778889957,-0.19549677788899567,0.0,73.828125,0.0,19.144786782826564,21.48069711287339,49.59942892225284,49.99991177228268,49.19522200902679,49.978517549615844,49.96399078638866,49.91684278362897,46.40030520785588,-1.5884289769024913,1.7354097582370225,-38.598804862927025,-40.18723383982952,0.6154428073675288,1.0,0.0037389962059248224,9.466698210147138,0.10563345084013799,0.009591805446524227
59,892,2560,256,15.53125,1,16,94.140625,-0.26738594840661667,0.4076648702193401,7.926262774449695,1.2759271254519047,100.0,0.0,100.0,-40.55645426992517,-0.40556454269925174,0.0,83.33333333333334,0.0,22.500437896501136,23.484730330234427,35.946714002687514,49.999996692204796,49.794666310764285,49.99747859087312,49.99523744213309,49.98822498254778,48.85103121305482,-3.9063153997189644,3.9815230187579465,-62.593865728085504,-66.50018112780447,2.2463954953645375,0.4451575878172438,0.0046447756928044565,24.20841032939472,0.04130795811841326,0.008124878642756678
59,893,2816,256,15.53125,1,16,94.140625,-0.06729686964874218,0.23970382330639622,2.0843031656269915,0.31368481591787634,100.0,0.0,100.0,-37.58594301854613,-0.3758594301854613,0.0,79.296875,0.0,20.700921682105662,23.598366817840684,36.44717298893691,49.9999874747556,49.62278031229494,49.99360253942833,49.98856383825178,49.96755721357462,47.55793798829565,-0.8678123258352102,2.041716515889016,-56.7970571774913,-57.664869503326514,1.6861941175609731,0.593051529231088,0.009400152643709081,7.187936683635579,0.13912198228966746,0.010902461849233795
59,894,3072,256,15.53125,1,16,94.140625,-0.013268761124369588,0.3759779204975758,3.152299690487402,0.08326401419522853,63.28125,0.0,63.28125,-16.434868116542752,-0.16434868116542756,0.0,28.059895833333332,0.0,8.480155292171517,17.834239470389846,45.9511363051496,49.76856475044488,31.367713608478443,44.87418994486364,43.73723853057676,37.273356733299,16.836220817203145,-0.21697154909535532,2.510896131060543,-18.45472380891084,-18.671695358006193,1.528311075149762,0.6543170538118415,0.008596411492310508,13.0602599061216,0.07656815463000705,0.01614992824747847
59,895,3328,256,15.53125,1,16,94.140625,-0.014493763616783777,0.11401745683085937,0.5640007689465781,0.07366756289955075,100.0,0.0,100.0,-4.917363837854183,-0.04917363837854183,0.0,16.145833333333336,0.0,6.588274694109053,8.444344908504753,61.068801026097766,49.83498630104273,29.123764215240847,45.44656033644227,44.254571794474565,37.37451065408992,10.189617007131458,-0.2162453765937319,1.0620741677929824,-10.788282369083278,-11.00452774567701,0.12417321687004154,1.0,0.007467910831877003,1.8549430682537125,0.5391001034556946,0.01776462528812216
59,896,3584,256,15.53125,1,16,94.140625,-0.016301132802576026,0.14384451084224156,1.18617282047705,0.07931713132730664,77.34375,0.0,77.34375,-5.747942426914012,-0.057479424269140114,0.0,2.018229166666667,0.0,4.218450765522931,5.483461865258572,58.98455333817815,47.973231437729666,17.15845696930004,34.53287509077538,32.35458262334832,24.987013658537286,6.937165759282142,-0.35418145693205483,1.5402420721932317,-7.151788946060409,-7.505970402992465,0.13244281037080158,1.0,0.006651539249200899,3.189691206779484,0.313509971709664,0.017414923265587266
59,897,3719,135,15.11111111111111,1,16,88.88888888888889,0.0661761472911163,0.757844348798592,4.014802673610737,-0.34148711930607767,88.14814814814815,0.0,88.14814814814815,-4.041702420786313,-0.04041702420786314,0.0,16.666666666666664,0.0,5.850674658899954,6.126507154513142,67.99382987433685,49.65568760351499,23.625525440165628,42.23890650475716,40.27835459049684,33.96099913431,10.036911011005134,0.9871757201976672,2.8336558272347534,-8.60471408907677,-7.617538368879105,3.2941641244915703,0.3035671454755894,0.005553622731089365,10.792661788629008,0.09265554870380405,0.011848720128579147
60,898,256,256,15.53125,1,16,94.140625,0.016332977484096747,0.01643746992542181,0.028959851382266255,-0.07756873304028032,100.0,0.0,100.0,-0.6970296401807233,-0.006970296401807234,0.0,0.0,0.0,3.1897130316987425,3.4988408505300033,97.85857201888723,46.79710905810094,11.352284769449918,26.64021210421417,24.11646219084152,17.417548727948144,4.924287335198825,0.23780404494769045,0.24066512577549018,-3.259513158523416,-3.0217091135757252,0.014166545512800579,1.0,0.004994639625476462,1.6077699512161299,0.6219795308673309,0.010785165705060107
60,899,512,256,15.53125,1,16,94.140625,0.02301481377319959,0.023109908179621833,0.056913955320401936,-0.10794825642882418,100.0,0.0,100.0,-0.6646779295105726,-0.006646779295105726,0.0,0.0,0.0,3.8121872407477904,4.140981991789916,98.00627083527296,48.01866739191395,13.64948096247292,30.773360910932087,28.102963809705535,21.044125905304057,5.805639459743739,0.33360428408188314,0.3373839217283537,-3.889738083346974,-3.556133799265091,0.0890714654597847,1.0,0.004614137270574798,2.295027695365331,0.43572458930209834,0.012410672779535059
60,900,768,256,15.53125,1,16,94.140625,0.029809966179682266,0.029883899672199725,0.0950772521135838,-0.14010611894918706,100.0,0.0,100.0,-0.6363742827601936,-0.006363742827601935,0.0,0.0,0.0,4.425783870557439,4.753636667268639,98.07153040962899,48.77235630413047,16.158470504493053,34.50585798647976,31.83964308615194,24.757088070859496,6.805826362802355,0.4316772352098923,0.4360670868423431,-4.512812079174917,-4.081134843965025,0.14502366432390573,1.0,0.0039928082572011124,2.99836855413103,0.33351470372854625,0.015320209169278865
60,901,1024,256,15.53125,1,16,94.140625,0.02387205549762333,0.030241979382759625,0.09458853433932145,-0.11368491153300254,100.0,0.0,100.0,-0.6304476529317696,-0.006304476529317695,0.0,3.7109375,0.0,5.4601404852499815,9.17174013329695,97.74697181038226,49.303518400503506,20.43036162799182,38.782938906614476,36.41750181744692,30.230093142770603,9.331645855400467,0.34071387403412,0.43494490303789385,-5.585994516374398,-5.245280642340277,0.15216159767532567,1.0,0.0037211747304797863,2.3773510250567647,0.42063624153951884,0.018564869920932682
60,902,1280,256,15.53125,1,16,94.140625,-0.0082159747844422,0.09476612650335499,0.0985650587411925,0.04343980467080682,100.0,0.0,100.0,-6.586864375415352,-0.06586864375415352,0.0,51.888020833333336,0.0,14.887125316571817,18.484486321766152,71.52466859856506,49.99515883966113,46.078227654609066,49.668683066205304,49.50160073766107,49.19224613231296,39.92552299643631,-0.10222275442656022,0.44399337549380735,-20.81397314837819,-20.916195902804752,0.21112736447715985,1.0,0.0040418390265121885,0.7288241094218464,1.0,0.015747466074234454
60,903,1536,256,15.53125,1,16,94.140625,-0.09143334450363617,0.1804244881250085,1.0715499299215734,0.43427804306900786,100.0,0.0,100.0,-21.672736996210084,-0.2167273699621008,0.0,76.171875,0.0,19.926950156539725,21.333270462589606,48.14668122366233,49.99997279018804,49.49674105878292,49.988089457713706,49.978135922066606,49.95673236317282,47.72545323879913,-1.3345980483466644,1.4639330107088735,-41.38800359669725,-42.722601645043916,0.5667701875361233,1.0,0.0047799322293405645,8.00063800034333,0.12499003203958076,0.015797243960452248
60,904,1792,256,15.53125,1,16,94.140625,0.0027894631604499787,0.09708533720256791,0.2858469396367064,-0.02064733025082538,100.0,0.0,100.0,-23.11748192784424,-0.23117481927844238,0.0,70.5078125,0.0,17.483352284560745,21.136132813354408,43.12640847727684,49.99986884750821,48.92965110351282,49.962608681160866,49.93551023528343,49.85170770809822,44.28751406334699,0.12843194426376744,0.7561044102988771,-40.53978270361341,-40.411350759349645,0.4063976294602351,1.0,0.004394747330477823,0.7588081038699631,1.0,0.016456172137408447
60,905,2048,256,15.53125,1,16,94.140625,-0.026791796820452574,0.06825462903520815,0.3249360481947564,0.13081558434955728,100.0,0.0,100.0,-17.230279241938916,-0.17230279241938917,0.0,66.66666666666666,0.0,16.0847800783359,18.901217502519977,48.39286625970203,49.99976494962003,48.49152994853553,49.940274469467,49.89831096823535,49.771898374389025,42.36691016599684,-0.39271591369999514,0.8061464484754075,-33.23791567132304,-33.63063158502303,0.15357248483718228,1.0,0.0041805704605969995,2.4576972200828306,0.40688494572423267,0.01756106958090615
60,906,2304,256,15.53125,1,16,94.140625,-0.21410608727799918,0.3044938642671457,4.961029172221641,1.0076031487871466,100.0,0.0,100.0,-32.22152272543687,-0.3222152272543687,0.0,82.74739583333334,0.0,21.556026968371867,22.888233879648737,40.18736769375734,49.99999150581483,49.7245958605192,49.99463447599598,49.989695106424875,49.97931678228524,48.621977233248295,-3.0774999187645435,3.149929895163269,-53.638812904186196,-56.71631282295074,0.4420704351622777,1.0,0.0025697668805762636,17.783361806703944,0.05623233733134877,0.019012741656842365
60,907,2560,256,15.53125,1,16,94.140625,-0.23779507937955752,0.4709943323166307,8.053794580173385,1.0622876441433236,100.0,0.0,100.0,-47.872834326074326,-0.4787283432607433,0.0,83.33333333333334,0.0,23.21267539534358,23.768555535446552,32.871914609671265,49.99999808631985,49.85825361553663,49.99795678385298,49.99584893968289,49.99126332251846,49.194336299106645,-3.440503359248887,4.0134261124813015,-70.61552596183176,-74.05602932108064,3.8396601617477994,0.2604397154629444,0.0028929976759105628,20.86325601293315,0.04793115702458423,0.020931954632277205
60,908,2816,256,15.53125,1,16,94.140625,0.04982935410401653,0.2746628023249146,2.3410102506005037,-0.24069404723920312,94.921875,0.0,94.921875,-27.891411242949538,-0.2789141124294954,0.0,71.41927083333334,0.0,17.82541019011886,22.16493562800404,41.66016882733138,49.99955840092923,48.894437070970326,49.937659844662214,49.9005026181765,49.73023098245349,43.359890082982545,0.6396715006279148,2.1637977033911944,-42.78765711199999,-42.14798561137208,0.6636719650063108,1.0,0.00433863754458512,14.232657338967142,0.07026094819708276,0.02285323867817715
60,909,3072,256,15.53125,1,16,94.140625,-0.05345467682995188,0.2670176592759532,1.1484442214550985,0.24092220710371898,62.890625,0.0,62.890625,-9.152647623632859,-0.09152647623632859,0.0,9.9609375,0.0,4.975629903094335,8.663599383841467,53.00595767077735,49.58742287984289,22.85394592924323,40.6004910078404,38.37344154882251,29.606515398115153,6.607009264585576,-0.7552739147008121,1.515548891626462,-9.386925775397213,-10.142199690098025,1.045454838614991,0.9565214709080985,0.006642732400898045,13.323539465019463,0.07505513100520089,0.01859112082248335
60,910,3328,256,15.53125,1,16,94.140625,-0.04157431509535475,0.19361010980607168,2.6223722765659714,0.20751254881626022,67.1875,0.0,67.1875,-6.65600543114083,-0.0665600543114083,0.0,10.7421875,0.0,5.020904531529394,8.07460696278375,55.79338552733996,45.51452337522123,23.582919228301037,35.40145309944906,34.02552079576385,29.000343126106504,8.2345597212978,-0.629702828623298,2.290140727800792,-8.999103539019051,-9.62880636764235,0.6708306620082369,1.0,0.007171740744091175,2.4530782748224977,0.40765107671599227,0.03106327761390496
60,911,3584,256,15.53125,1,16,94.140625,-0.03397029748869668,0.044813245197586914,0.13990870190477472,0.15511829736796612,100.0,0.0,100.0,-4.913280289874628,-0.04913280289874628,0.0,0.0,0.0,4.753471093529324,5.297242438770183,63.55856815250169,49.15322787584882,19.343822567463846,36.37560067651796,33.59592257726164,27.740064692004484,7.859278394149936,-0.43939030999861484,0.5289776968923637,-7.478883228023483,-7.918273538022099,0.26094199829959597,1.0,0.006299188381475197,5.590009497023774,0.1788905726425722,0.029573217050312815
60,912,3634,50,13.6,1,16,70.0,0.15699188851662746,1.1872698405547146,9.592733601034201,-0.7695281851361851,68.0,0.0,68.0,-4.498754602569839,-0.04498754602569839,0.0,13.666666666666666,0.0,5.483743908593437,5.58974343289112,65.53698387207324,49.52945338527537,22.70856734041243,39.71723321615943,37.17624412092837,31.93395853665301,9.330621307629595,2.3609844279418617,4.38012182502592,-8.3674035401104,-6.006419112168539,5.034266025499925,0.19863868832809556,0.007036117847674885,28.10600614169894,0.03557958377146901,0.02520071659380891
61,913,256,256,15.53125,1,16,94.140625,0.05866537645805485,0.19463418281017375,2.441140805784907,-0.2791784367775754,97.65625,0.0,97.65625,-4.890527764377037,-0.04890527764377037,0.0,4.6875,0.0,5.646341243861478,10.26552820220404,66.14638459979442,49.27486031257115,21.519765548402415,38.06385675667674,35.513157949962476,30.549848222264114,9.721210532565772,1.089205284367568,2.209588561603679,-8.536129794581438,-7.44692451021387,0.8397105876991275,1.0,0.007479617119192292,10.310445097969803,0.09698902331548294,0.021267758119016742
61,914,512,256,15.53125,1,16,94.140625,0.011538276883104732,0.011771032306808848,0.014806585925882595,-0.053538280281297666,100.0,0.0,100.0,-2.006698934871435,-0.02006698934871435,0.0,0.0,0.0,5.090630564332084,5.4000221100043655,94.02550286663879,49.20572447578576,19.268498163932016,36.43482151241142,33.57060148103782,28.318174506369168,8.014918423932091,0.16802069658570729,0.17208478099984667,-5.41409554762221,-5.246074851036502,0.07939683147300709,1.0,0.006681995503399748,1.2474974550180253,0.8016048417393772,0.020547922072211715
61,915,768,256,15.53125,1,16,94.140625,0.019472984900953425,0.019628526657752103,0.041125774446138054,-0.09403967190146113,100.0,0.0,100.0,-1.9099579820633314,-0.019099579820633313,0.0,7.682291666666667,0.0,5.667669266096853,5.976533305698656,94.11978865180329,49.490837913460915,21.99167928251197,39.056834821471895,36.34966300888301,31.63200596070243,9.224979248663658,0.28276192465533967,0.2867953083512283,-6.021761573503346,-5.738999648848006,0.05819983387033799,1.0,0.006081998600462378,2.107665926312904,0.4744584934052495,0.021211368439303956
61,916,1024,256,15.53125,1,16,94.140625,0.011393247837480126,0.03444835551161925,0.06704994491724164,-0.05159368829990194,100.0,0.0,100.0,-1.856201742796107,-0.01856201742796107,0.0,16.666666666666664,0.0,6.735463219280463,10.576571235104971,93.34868791774583,49.70499963086391,26.469214105445893,42.119398608634086,39.844409962563866,36.199964234293105,12.47371861204266,0.15946727530056432,0.36619651805346715,-7.2153807080988805,-7.055913432798316,0.11610936825913162,1.0,0.00554315826300942,1.1936108250644246,0.8377940104104078,0.023452734841795237
61,917,1280,256,15.53125,1,16,94.140625,-0.03509883507990773,0.11651979682473865,0.23034116242339098,0.15659278046191732,100.0,0.0,100.0,-9.668470962809153,-0.09668470962809153,0.0,58.463541666666664,0.0,16.416825514607893,19.613802637227806,64.71631573929159,49.99854100308159,47.79317709582847,49.81713560948879,49.698806570950914,49.60609450228705,43.20686556676334,-0.4757296908393558,0.6787358284684712,-25.367367296900454,-25.84309698773981,0.4103759662492094,1.0,0.005053603618873105,3.5156521852575953,0.28444224493917875,0.02227174294598352
61,918,1536,256,15.53125,1,16,94.140625,-0.12543006831360853,0.22793890090355187,1.823225893819047,0.5842536861154715,100.0,0.0,100.0,-26.090467028360145,-0.2609046702836014,0.0,82.421875,0.0,20.94436644119272,22.13452145150639,44.69462655757523,49.99998555302491,49.67195609736859,49.98968371272694,49.979294788617615,49.971053580856506,48.36842642852443,-1.8112535383429842,1.9095684820498307,-46.86103913232694,-48.67229267066992,1.164487255803457,0.858747053706512,0.008502262335003978,10.631036649312426,0.09406420398942714,0.023068213960680817
61,919,1792,256,15.53125,1,16,94.140625,0.0042165986102638275,0.08770022375981885,0.30868782688985147,-0.01991289138035192,100.0,0.0,100.0,-24.726062528465604,-0.24726062528465603,0.0,70.83333333333334,0.0,17.749772320372088,21.93062250574885,41.848752031271125,49.99987689106318,49.08426679074621,49.95191827739244,49.91165073414492,49.85922220968713,44.65129731901456,0.09491054366313073,0.7857325586862892,-42.41410187598598,-42.319191332322845,0.1305459676883475,1.0,0.008033847907745953,0.5770824614094703,1.0,0.020242600515887568
61,920,2048,256,15.53125,1,16,94.140625,-0.04886007198800621,0.09495253076477914,0.6751329701508171,0.22759596808722574,100.0,0.0,100.0,-18.759879116157585,-0.18759879116157588,0.0,67.31770833333334,0.0,16.705200822418853,20.746210167249057,47.199555960281174,49.99980193922357,48.798009342384546,49.92966284964659,49.87211154433733,49.80348504280022,43.35324940107634,-0.7167275354026234,1.1620094407110615,-35.3927075849536,-36.109435120356224,0.6693709477255182,1.0,0.0056372301625131046,4.423698680021269,0.22605517968850264,0.021271858856987017
61,921,2304,256,15.53125,1,16,94.140625,-0.22892696328497567,0.33777411283942815,5.750091302895824,1.1450117771744694,100.0,0.0,100.0,-35.32013402535784,-0.3532013402535784,0.0,83.33333333333334,0.0,22.377894585202867,23.513907070552815,38.87563740637777,49.999994743482056,49.80750495540954,49.99450944894652,49.988390427618164,49.98478870735585,48.94779415259585,-3.3268965184585104,3.391191915210882,-57.56277215799848,-60.889668676457,0.8981095849181108,1.0,0.008574140793835103,19.050382450087685,0.05249238447679549,0.02281881587722327
61,922,2560,256,15.53125,1,16,94.140625,-0.1991670629673382,0.4640597421023938,7.504703954405434,0.9441496007115322,100.0,0.0,100.0,-48.008338183480916,-0.48008338183480914,0.0,83.33333333333334,0.0,23.533048549566818,24.195606742639942,33.10672672835532,49.99999800398538,49.87885031093106,49.99701234013946,49.993413809942844,49.991273484136855,49.24977437891899,-2.8586656343945336,3.874197711631515,-71.08237773748615,-73.9410433718807,2.210958874753244,0.45229244714540695,0.0033308874046221446,16.945814174138782,0.05901162314916166,0.024303853980062497
61,923,2816,256,15.53125,1,16,94.140625,0.034154853571912405,0.2923503555265069,2.327017419103508,-0.17360486467488298,84.375,0.0,84.375,-26.307136562945814,-0.2630713656294581,0.0,65.234375,0.0,16.702157834930954,20.956347740801398,42.76362919034936,49.99467975864577,47.59548899087747,49.576599581879165,49.376128278479754,48.91803358955112,39.857236072677324,0.4780450365257033,2.1573212181330383,-39.05692325734645,-38.57887822082075,0.8916963534695095,1.0,0.004860529450598706,13.384790251871182,0.07471166758554179,0.026157690412558485
61,924,3072,256,15.53125,1,16,94.140625,-0.051890674300989606,0.26650313480345855,1.0625343016920485,0.25261859963145844,59.765625,0.0,59.765625,-7.535959958743856,-0.07535959958743856,0.0,3.3203125,0.0,4.221770138426021,7.354432060468267,56.664586844362596,49.302596067832056,20.010357338872286,34.897258189203725,31.76012658622681,25.382138249162974,5.108123991759337,-0.7083603899202301,1.457761504288029,-7.450456049422398,-8.158816439342628,0.8726243968408458,1.0,0.00881070521702931,12.85511139853177,0.07779006879039677,0.020976470167747997
61,925,3328,256,15.53125,1,16,94.140625,-0.0802665769594357,0.20553160182232275,3.253751113940776,0.3808087730059214,49.609375,0.0,49.609375,-6.830177564131992,-0.06830177564131992,0.0,8.138020833333332,0.0,3.45168419467285,6.98021570422485,55.95982877506094,37.291645485377515,17.062883093517012,25.72476147238522,24.037091685318753,20.930528183766175,5.305325730417668,-1.1893891135967376,2.5509806404364483,-6.168146454749568,-7.3575355683463055,0.8350173340608301,1.0,0.011315286405490023,3.7317390159642794,0.2679715799315083,0.027473173598769707
61,926,3584,256,15.53125,1,16,94.140625,-0.06425687224595297,0.06543824151532021,0.42519592298145015,0.3088918489265533,100.0,0.0,100.0,-6.391519355040208,-0.06391519355040208,0.0,0.0,0.0,3.891549739594084,4.4154317557912295,57.390756535116836,48.2922868862391,16.06752649899522,28.581101948630042,25.37415279052376,22.59122142372332,6.143762733776564,-0.9066812132954636,0.9221669295539178,-6.780795331061516,-7.687476544356979,0.04163127167404172,1.0,0.010247192975820222,13.01763066759971,0.07681889473857594,0.02779223296909501
61,927,3620,36,12.666666666666666,1,16,58.333333333333336,0.17109079405748923,1.2969324468455747,10.78004565312167,-0.6233782990332717,55.55555555555556,0.0,55.55555555555556,-5.878308552043621,-0.05878308552043621,0.0,0.0,0.0,4.609745241330817,4.694391248012321,59.225950764799386,49.024473356375005,19.212856086019084,32.78407488621235,29.538725668345673,26.90457281936346,7.294336436117149,2.6871879917542407,4.643284538582935,-7.783319949792335,-5.096131958038093,10.947873310594018,0.0913419411816103,0.011743229315531933,37.40987021373025,0.026730913373577487,0.022436115089984283
62,928,256,256,15.53125,1,16,94.140625,-0.09897743143347953,0.0990141691041855,1.0383146526637752,0.4734988727874078,0.0,0.0,0.0,-4.986248626036045,-0.04986248626036045,0.0,0.0,96.02864583333334,0.0015291747986241615,0.0024622826150515046,2.019308109683963,0.9173452032048092,0.8870916905337538,0.7939658152452492,0.8080529970597935,0.7716183725845664,0.7442698681443378,-1.4267928715416511,1.4410514582510752,-0.07572766093944372,-1.5025205324810953,0.46987775826227557,1.0,0.011821125878909232,0.1126558976412997,1.0,0.020252927167352577
62,929,512,256,15.53125,1,16,94.140625,-0.08871193417150919,0.0887606005493691,0.8335478046947539,0.42576345235049384,0.0,0.0,0.0,-4.474238100975974,-0.044742381009759746,0.0,0.0,42.64322916666667,0.004721847405561448,0.007916185876599431,5.875422178424711,1.503025183604716,1.0990255440626604,1.022012839210033,1.0303403505991415,0.9658807613225786,0.8449693086659382,-1.2781235724260256,1.2911605668504238,-0.08036609561268065,-1.3584896680387062,0.29550614234556094,1.0,0.009732394502922194,0.14816360716745353,1.0,0.018354652351556748
62,930,768,256,15.53125,1,16,94.140625,-0.07921893492815826,0.07926011397534079,0.664710854418667,0.3809816700887101,0.0,0.0,0.0,-4.004061440960918,-0.04004061440960918,0.0,0.0,8.658854166666668,0.015012709431528366,0.02484284050953087,15.84425377569859,2.9266750442765916,1.4399480148795074,1.440678324313462,1.425823039612812,1.3116963464940767,0.993713840891342,-1.1414086041517801,1.1530055111912232,-0.09475176075855576,-1.2361603649103359,0.2804087465145094,1.0,0.00890562745125541,0.23509164936545413,1.0,0.01685772723578736
62,931,1024,256,15.53125,1,16,94.140625,-0.08287591502244773,0.08618580362512195,0.7769653941816363,0.3860291960561531,8.984375,0.0,8.984375,-3.6393952356831747,-0.03639395235683175,0.0,0.0,0.0,0.25957558412780435,3.0945160781108325,69.12319160555423,9.944466562663926,2.5924758664507968,3.3901283819801757,3.1388540598882644,2.9435662656560018,1.5362307255442724,-1.199469538868375,1.2465676028051076,-0.3755260399563882,-1.5749955788247634,0.2316993449184964,1.0,0.008668821203866302,1.8285963804332925,0.546867537691968,0.01918511401721343
62,932,1280,256,15.53125,1,16,94.140625,0.021623176544339616,0.06490210300811036,0.1557585758297917,-0.10108721984090568,100.0,0.0,100.0,-0.8598885244399526,-0.008598885244399525,0.0,8.7890625,0.0,7.995785625427121,13.775994684226449,96.37123484383999,49.00950390968516,27.77896750240746,38.50050680053559,36.33575876472251,36.78703506120783,19.48856734808619,0.35570917090405674,0.5581372157987526,-8.296859159668855,-7.941149988764798,0.28050898706637883,1.0,0.007787096276079489,2.766556874958238,0.3614601272258664,0.012060962584593571
62,933,1536,256,15.53125,1,16,94.140625,0.034627802387114395,0.07985649724120229,0.20403057493458063,-0.1776968926340824,100.0,0.0,100.0,-6.688350326425913,-0.06688350326425914,0.0,61.848958333333336,0.0,16.969932331577162,19.399879285809142,72.25845278693055,49.999421947355025,48.45575468567746,49.860199761011636,49.75528310147422,49.758628888256595,44.44273087136398,0.48220222106587907,0.6387966420302796,-23.485048014543885,-23.00284579347801,0.3139460477321459,1.0,0.007557248835864403,3.331500419624943,0.3001650529921227,0.011479886049020555
62,934,1792,256,15.53125,1,16,94.140625,0.028786063860072514,0.08118572208255376,0.3798912360878046,-0.15248678715388114,100.0,0.0,100.0,-15.915409837371033,-0.1591540983737103,0.0,70.44270833333334,0.0,17.539279449385752,20.321671347649144,52.529104551223995,49.99975170846511,48.90960194898979,49.9084549914528,49.83696552571189,49.80791328475638,43.962153258053846,0.4468402546185214,0.8716550190159001,-33.38964103658429,-32.94280078196577,0.4523457752348601,1.0,0.006550467837944348,2.840053495593838,0.35210604361905024,0.012813662396928119
62,935,2048,256,15.53125,1,16,94.140625,0.030069156916318895,0.031841741020332576,0.10781228366157322,-0.13794030036185168,100.0,0.0,100.0,-12.573861159412566,-0.12573861159412564,0.0,65.49479166666666,0.0,14.790835668173763,15.461767969276298,54.26220878366593,49.999329704843284,47.93775697408607,49.79271820568245,49.643479837555795,49.56957354117749,38.71757352142808,0.4373416842526497,0.46435392463415925,-27.25807887242901,-26.82073718817636,0.06519918103388875,1.0,0.006069818078932921,2.929764492208469,0.3413243633266221,0.01508529893882719
62,936,2304,256,15.53125,1,16,94.140625,-0.10452294498560004,0.16435994811072333,1.4255525023684115,0.499290837411913,100.0,0.0,100.0,-20.049118753157472,-0.20049118753157474,0.0,78.38541666666666,0.0,20.146940872682453,22.67641795997458,50.20329265250688,49.99992273123804,49.46309452417151,49.96387442675618,49.93283176006848,49.92882086847855,47.24760237665415,-1.5484898595501706,1.6885215440546866,-40.13071615069938,-41.679206010249544,0.4853586467231062,1.0,0.006113926941568936,9.112723429938269,0.109736678358379,0.01029850641521944
62,937,2560,256,15.53125,1,16,94.140625,-0.24747255301705678,0.4038347115797543,6.68989843989953,1.1563034605068578,100.0,0.0,100.0,-40.49309117684942,-0.4049309117684942,0.0,83.33333333333334,0.0,23.515431219196508,24.33728648408022,36.9182164610629,49.99999745074709,49.872930072535,49.9956218765751,49.990492723930515,49.99059902829214,49.21615755369764,-3.5950422318701225,3.657840466696034,-63.69601100312603,-67.29105323499616,0.7789484660643357,1.0,0.006936430585113955,21.199424483963526,0.047171091873576945,0.009190557073385324
62,938,2816,256,15.53125,1,16,94.140625,-0.04790334905559404,0.23187134174470198,1.835564756561736,0.23501923405975406,100.0,0.0,100.0,-36.561219075336496,-0.365612190753365,0.0,82.03125,0.0,21.190934195269346,24.4457022169177,37.52550978651744,49.99998542085207,49.719370146867035,49.9853185714059,49.97090082875476,49.96628932753363,47.82649461050125,-0.5926661572892603,1.9160191839132175,-56.47074301141953,-57.06340916870878,1.539822470424166,0.6494255144390351,0.005608931394379808,4.319317599582074,0.23151805278147583,0.011742005897114695
62,939,3072,256,15.53125,1,16,94.140625,-0.012130861129356643,0.3920464524080283,3.337800668416558,0.029877919930166336,40.234375,0.0,40.234375,-15.539244075988384,-0.15539244075988384,0.0,19.856770833333336,0.0,7.8718141722539094,17.801082763126796,48.49861534766877,49.64581900411251,31.029749249333097,40.32393422434874,38.462196089372426,35.23338586809206,14.845041101743899,-0.21395128038545197,2.5837185095968014,-16.231008072753756,-16.444959353139204,0.5347203749342425,1.0,0.006249967899937004,14.25933773088114,0.07012948419296651,0.01693496279515124
62,940,3328,256,15.53125,1,16,94.140625,0.008158082785469893,0.17007568362408684,1.5385535557911174,-0.03775708588539346,85.15625,0.0,85.15625,-4.6262177929640576,-0.046262177929640574,0.0,9.244791666666668,0.0,4.902648690106621,7.038140749603132,63.621587702033835,47.94305853909723,23.72082773818668,35.324828004165084,32.953400153672234,29.19344765100248,6.480739416148292,0.12869242262525812,1.7541684957786223,-7.705951497261824,-7.577259074636565,0.9814207947909339,1.0,0.010112495512974756,6.063550869597994,0.16491986651153448,0.019212810990108582
62,941,3584,256,15.53125,1,16,94.140625,-0.11300694461240722,0.13635108910798815,1.8852234180537562,0.5439685692277467,70.703125,0.0,70.703125,-6.80371750302505,-0.0680371750302505,0.0,0.0,0.0,2.8535154439495862,4.425676887841611,55.76127598393181,38.95218866011808,12.745180881838161,20.72630204228298,18.687705713249144,17.42942502536903,4.815749791814795,-1.596366758584851,1.9417638466372558,-5.117378312454429,-6.7137450710392805,0.307265822636916,1.0,0.010745333588005227,13.689505450397327,0.07304865786594035,0.017304679192299863
62,942,3725,141,15.148936170212766,1,16,89.36170212765957,0.01811964791406897,0.7105076191387818,3.45109349260353,-0.09564084439763681,88.65248226950354,0.0,88.65248226950354,-5.8379511596812685,-0.058379511596812685,0.0,0.0,0.0,4.811172652283694,5.1555849172022805,59.3405700257174,49.14789387206847,20.27564978541415,32.556270777325935,29.65417325404726,28.188401194956057,7.629023447958323,0.3082942152890057,2.6272013598517834,-8.10772908011938,-7.799434864830375,3.5030087401888608,0.28546888522638575,0.009383966243933102,3.948770084420231,0.2532434096240431,0.015186459159948287
63,943,256,256,15.53125,1,16,94.140625,-0.02168299738431444,0.04555887624231326,0.19530122438359818,0.10897895568725954,76.5625,0.0,76.5625,-2.015143530388309,-0.020151435303883095,0.0,0.0,0.0,2.356692971787022,3.374447092341982,90.45680588289396,41.59064116242808,9.59575219866586,16.591816477917643,14.792685242410723,13.27553095749886,3.856688915284674,-0.2793787899793405,0.6249819587533678,-2.605324108876909,-2.8847028988562498,0.14262113374379762,1.0,0.008175152283767242,1.6480432510048661,0.6067801918367538,0.011286215924118995
63,944,512,256,15.53125,1,16,94.140625,0.016887505800492746,0.017060904874037965,0.031110832175522483,-0.07967127383040505,100.0,0.0,100.0,-0.9488167111465942,-0.009488167111465941,0.0,0.0,0.0,3.76363825435162,4.1139843357411054,97.28175330954659,47.75135197294007,14.357676948779083,25.193171245941464,22.489330533206747,20.55203672734008,5.518990220465639,0.24550670723512732,0.24944270755234552,-3.8688018321132396,-3.623295124878112,0.04458282138134167,1.0,0.007300626082030241,1.7444321737774156,0.5732524399814223,0.009427754317573868
63,945,768,256,15.53125,1,16,94.140625,0.024874932923208894,0.024981759243327975,0.06651637816562052,-0.11761829271380936,100.0,0.0,100.0,-0.9051662472609974,-0.009051662472609974,0.0,0.0,0.0,4.453418916483887,4.799865877909993,97.3814565162313,48.665791019696066,17.23905899262767,29.521235670590624,26.596186655319134,24.595410421521503,6.584302329335045,0.36060676816051546,0.3647365574373386,-4.573169344352127,-4.212562576191612,0.04037169305448794,1.0,0.006570654313470401,2.5910909343003907,0.38593782516938396,0.010840357404302878
63,946,1024,256,15.53125,1,16,94.140625,0.017042219797309497,0.028395992222650285,0.0819764841600652,-0.07706258495377728,100.0,0.0,100.0,-0.8869432545056458,-0.008869432545056458,0.0,3.9713541666666665,0.0,5.673824981753093,10.16221713821077,96.89831652236276,49.279104454906275,22.275748385862116,35.10207214569678,32.332841707019,30.66773512204123,9.637712460235846,0.24106579484166452,0.40491106223482015,-5.855442267094139,-5.614376472252474,0.06282545464148664,1.0,0.0058499987628091036,1.7425063358153023,0.573886005144486,0.014121870033036148
63,947,1280,256,15.53125,1,16,94.140625,-0.005372333929013963,0.09588766329970408,0.107630295138348,0.028371872425295735,100.0,0.0,100.0,-7.240661583836651,-0.07240661583836652,0.0,53.450520833333336,0.0,16.152462291594627,19.704273385915883,70.72681204118481,49.997397743384454,47.45695652529413,49.65745497462516,49.45274908877175,49.470718042378515,42.5020744416209,-0.05346911729557856,0.46396184140152735,-22.837820375940193,-22.89128949323577,0.19296973888514876,1.0,0.005900064871393181,0.3392683512036861,1.0,0.013786259437835569
63,948,1536,256,15.53125,1,16,94.140625,-0.09776247813250263,0.1882310547958327,1.2360209996196563,0.4733683854606856,100.0,0.0,100.0,-23.125635986887808,-0.23125635986887805,0.0,81.96614583333334,0.0,21.15137546978309,22.593556376687655,47.95185746496688,49.9999819837197,49.679343196787144,49.983600247666416,49.96736036642831,49.968260152594894,48.398085739599495,-1.435704712008139,1.5722728768376413,-44.10960615078584,-45.54531086279398,0.633205035029586,1.0,0.005582653130067108,8.466570466230989,0.11811157823448246,0.01408291959747597
63,949,1792,256,15.53125,1,16,94.140625,-0.00027466417214158656,0.11236379769164644,0.3611105698382173,5.535610562856785e-05,100.0,0.0,100.0,-24.878724469066167,-0.24878724469066169,0.0,72.00520833333334,0.0,18.325117864192286,22.46151898503151,42.47265302493333,49.99988438702421,49.22075697116415,49.93797436754562,49.887804721558986,49.86913564922735,45.02051709199283,0.08505160465733744,0.8498359486844709,-43.145686833913174,-43.06063522925584,0.7894598310611058,1.0,0.008672528275882212,0.5153592890842468,1.0,0.015914384944421628
63,950,2048,256,15.53125,1,16,94.140625,-0.03441614652204944,0.07205854962436654,0.38677681985032597,0.16339653855892583,100.0,0.0,100.0,-18.49545672739179,-0.18495456727391787,0.0,67.64322916666666,0.0,16.807756587837943,20.125576959765358,47.7094405780498,49.99979359940377,48.88199114924379,49.90255154832033,49.826834157946294,49.797950701855356,43.196077239102614,-0.5032471304525205,0.8795189820013278,-35.229414522984094,-35.732661653436615,0.2876279080139407,1.0,0.008199662292917515,3.1627529201178417,0.3161802471635188,0.017545315273065316
63,951,2304,256,15.53125,1,16,94.140625,-0.21766259088344672,0.31791392339950075,5.114290383062253,1.0248035098619366,100.0,0.0,100.0,-33.893617527617735,-0.3389361752761773,0.0,83.33333333333334,0.0,22.842151982406122,24.060285355603284,40.33491717947676,49.99999456139347,49.82613368141271,49.99264216586678,49.984671048604234,49.9850309896883,49.03519815911932,-3.1288292404481592,3.198215246997066,-56.631210821051795,-59.760040061499936,1.5599259897829432,0.6410560542934127,0.005055115612782518,17.852835412623655,0.056013511405191396,0.018673109166716877
63,952,2560,256,15.53125,1,16,94.140625,-0.21519744447316808,0.4713357063831194,7.39248609704528,1.0205135824771285,100.0,0.0,100.0,-48.23621888539856,-0.4823621888539855,0.0,83.33333333333334,0.0,24.203912114886062,24.757894233105677,33.5852577156766,49.99999835843102,49.89919588949158,49.996491250929616,49.9923268362245,49.99245861236136,49.37239355681075,-3.107559788795135,3.845123170210619,-72.06707276088102,-75.17463254967615,0.8487698822788128,1.0,0.007734114789643615,18.233684042480213,0.054843552058390074,0.020260547600035986
63,953,2816,256,15.53125,1,16,94.140625,0.053228790390173766,0.29779855694331775,2.3514512809516726,-0.22618811908676223,89.453125,0.0,89.453125,-27.41611061336506,-0.27416110613365063,0.0,68.29427083333334,0.0,17.621606897385497,22.526973106338136,42.53381680435756,49.99710496001255,48.40374019788701,49.67612967616173,49.530526659650995,49.316901397298324,41.368953490157196,0.7012304727495926,2.168617661530807,-41.429639334836686,-40.72840886208709,1.7273909019559537,0.5789077613339767,0.008537953770797618,16.464518701986663,0.060736667624504366,0.02226674275065149
63,954,3072,256,15.53125,1,16,94.140625,-0.06410258785141268,0.2665443535912228,1.255795464994714,0.30332806858145606,47.65625,0.0,47.65625,-8.400992319356952,-0.08400992319356952,0.0,3.7760416666666665,0.0,4.156228882668783,7.033948231382881,56.39011801854052,49.19859865693837,20.51630004191663,32.29242450844694,29.608333996256114,24.86607089518005,4.758651288381382,-0.8930040057516115,1.5847999652919695,-7.37049154836359,-8.263495554115202,1.0894437096676008,0.917899650184872,0.008484390566944448,15.88974978791561,0.06293365303716203,0.019497596372454566
63,955,3328,256,15.53125,1,16,94.140625,-0.08090769150724963,0.18643201228963704,2.5644530359966193,0.4214515641108477,43.359375,0.0,43.359375,-6.289022736586665,-0.06289022736586666,0.0,4.6875,4.4921875,2.502790314155516,5.8917095972518965,62.093054319254364,31.018459312555375,13.175170703073627,19.53044947157309,18.11723070545434,15.751483270903186,3.5419666716508784,-1.2169880061015372,2.2647088271990374,-4.030708976381322,-5.247696982482859,0.6548980013695249,1.0,0.01114898784254907,1.2017758597140236,0.8321019197689339,0.02928507742757619
63,956,3584,256,15.53125,1,16,94.140625,-0.12163292106143048,0.13684410662939672,1.6389126123346056,0.586971127137799,17.578125,0.0,17.578125,-8.36312574625371,-0.0836312574625371,0.0,0.0,0.0,3.100022320137473,3.6172834485993035,50.34971366689951,46.86644001844962,13.43336592490946,21.754963575915504,19.4461553438313,18.270925461022514,4.89246148922916,-1.6577174213454073,1.8104765186738023,-6.156981032000314,-7.814698453345722,0.42284700736346,1.0,0.010340144771355435,25.801567568943025,0.038757335085473084,0.028763107827872055
63,957,3642,58,13.931034482758621,1,16,74.13793103448276,0.041945372840312474,0.9703361249358332,6.036090290928938,-0.33463497409498605,72.41379310344827,0.0,72.41379310344827,-7.566213863125853,-0.07566213863125854,0.0,0.0,0.0,3.8586484527970093,4.00951929016068,52.95509830084041,48.27544239259355,16.493757396325574,26.257245871469614,23.70787234417499,22.598689776431545,5.882132370639895,0.7935298069442209,3.474504364921402,-7.286642035627704,-6.493112228683484,4.185040926677874,0.2389462893004035,0.010355506529319047,12.504789093887652,0.07996936153755689,0.024183689923453325
64,958,256,256,15.53125,1,16,94.140625,-0.04913402652163473,0.05400237264418118,0.31141858581211224,0.23098911251907242,91.40625,0.0,91.40625,-6.071958351180353,-0.06071958351180353,0.0,12.6953125,0.0,6.331196975683173,7.155643134722284,82.13621916736706,49.54260733220736,25.49435217437969,38.028702215752716,35.5376085371858,33.99445382737085,10.103537327422481,-0.7225521747391708,0.7892003368120318,-7.708167042340043,-8.430719217079213,0.11785469236592436,1.0,0.009508128645296071,6.856827848546933,0.14584003304267226,0.022507452507158517
64,959,512,256,15.53125,1,16,94.140625,-0.02211834718469685,0.0224624387429588,0.05276898691097345,0.10464581104263555,100.0,0.0,100.0,-5.444848903856172,-0.05444848903856172,0.0,16.666666666666664,0.0,7.504189205750526,7.778928394784752,84.01171049702474,49.84618255793514,30.9193457618034,42.6000272804486,40.526129362229106,39.44690949792968,13.050687862181363,-0.316367305791885,0.3248660859830507,-8.932313318410873,-9.248680624202759,0.09273385669573413,1.0,0.008436985924240399,2.983291421248557,0.3352002398684482,0.023514732840631627
64,960,768,256,15.53125,1,16,94.140625,-0.007754113325171605,0.00861938448996663,0.007571191645854434,0.03611924111358186,100.0,0.0,100.0,-5.108135832710487,-0.051081358327104864,0.0,16.666666666666664,0.0,8.132811886932554,8.394464432807096,84.07655870879206,49.90338705406221,33.705367068306,44.251777534937474,42.49291508969379,41.66535746698154,14.998634459790113,-0.10925864358343473,0.12305439159862953,-9.67310271951234,-9.782361363095774,0.04057088767111836,1.0,0.007591378543448352,1.0328479693589037,0.9681967043230064,0.025325089840781724
64,961,1024,256,15.53125,1,16,94.140625,-0.012936376401243246,0.041411473330730905,0.11395476779119933,0.05259042905627766,100.0,0.0,100.0,-4.817456309692274,-0.048174563096922744,0.0,16.666666666666664,0.0,9.338839819453495,13.572684621467179,82.93469120802989,49.946524223672796,37.48299772686421,46.07414007983411,44.752815525559846,44.243842817382955,19.662403322196845,-0.19239938365857281,0.47739871761704455,-11.260474577554454,-11.452873961213028,0.18240294871567234,1.0,0.006774405785481986,1.846219072429511,0.5416475297723261,0.027962721377907902
64,962,1280,256,15.53125,1,16,94.140625,-0.07274936169861873,0.14563429506033213,0.6394336609051205,0.32982122664481195,100.0,0.0,100.0,-14.88773307025847,-0.1488773307025847,0.0,73.046875,0.0,19.336445746644998,21.997951430837567,57.444579370669175,49.99976957941093,49.209811162204446,49.92049601139361,49.86432399799963,49.87851737834405,46.848345343492895,-0.990322202449485,1.130870161340479,-33.66104506027258,-34.65136726272207,0.512805683369716,1.0,0.005983746140020615,6.778570843225366,0.1475237219065755,0.031056098008863095
64,963,1536,256,15.53125,1,16,94.140625,-0.15933250424733578,0.2998626250307459,2.931480346510517,0.769611349788417,100.0,0.0,100.0,-32.7285427334444,-0.327285427334444,0.0,83.33333333333334,0.0,23.125832362869485,23.992041490510953,41.485004358309745,49.9999946465649,49.84235759894718,49.991592584021845,49.983253117236785,49.98547389668896,49.147228877449834,-2.341782882080038,2.421355135667016,-55.74504021532593,-58.086823097405976,1.5596754968053739,0.6411590116330373,0.0078901881485978,13.329440702073835,0.07502190244519538,0.03247432907672746
64,964,1792,256,15.53125,1,16,94.140625,0.008046661401183541,0.07673939025176825,0.3839170445847975,-0.03337132888556335,100.0,0.0,100.0,-27.197527816223836,-0.2719752781622384,0.0,72.13541666666666,0.0,19.224151598540256,23.50271848432196,41.45153588090934,49.99993279190686,49.46513800303576,49.949548671717594,49.91194818355072,49.90943020734919,46.36661439818174,0.12657388538476674,0.8762614274117029,-46.37741687973017,-46.250842994345405,0.277032104470862,1.0,0.007963997595492097,0.806556145546097,1.0,0.02817774148417012
64,965,2048,256,15.53125,1,16,94.140625,-0.06518725744602943,0.11383072926591703,1.0205546794839313,0.3187142530789934,100.0,0.0,100.0,-21.21492428957341,-0.21214924289573414,0.0,71.02864583333334,0.0,18.805371218227144,23.269788074012876,47.04203148156253,49.99991242091489,49.385274113193944,49.93884136911683,49.894586777437624,49.89320978991559,46.095960127839064,-0.9581808882962946,1.4286739862431397,-39.97567840070352,-40.93385928899983,0.30127491038846327,1.0,0.006511811133266191,5.68313114657561,0.17595933899969093,0.030472884047364094
64,966,2304,256,15.53125,1,16,94.140625,-0.23848592828575868,0.38814446437363503,6.265321913943203,1.1549792648212907,100.0,0.0,100.0,-39.378431090811695,-0.3937843109081169,0.0,89.453125,0.0,24.322084696519653,25.11197874529469,38.238447145854586,49.99999749908089,49.896464914525545,49.99480332309754,49.98946981839879,49.991138480097376,49.447816894794094,-3.4733062169687523,3.5398649448653274,-63.60636090620223,-67.07966712317096,2.176276038550527,0.45950053315205075,0.0056436773852758864,19.551232262161403,0.05114767123581034,0.030944001221311634
64,967,2560,256,15.53125,1,16,94.140625,-0.14661009251505838,0.4549904261625193,5.923104635525911,0.6527872793657719,100.0,0.0,100.0,-47.02130408120199,-0.47021304081202,0.0,95.63802083333334,0.0,24.636023080687742,25.505313413661465,34.54675104610895,49.9999977173819,49.90758721929428,49.99510245966812,49.990198294494874,49.9914108962123,49.44271542343654,-2.090863583882629,3.441832254926411,-71.31212729036797,-73.40299087425059,3.105058317616258,0.3220551428379279,0.008515291360176489,11.959373478177442,0.08361642036054182,0.0309944195867495
64,968,2816,256,15.53125,1,16,94.140625,0.042449368369437995,0.3180922541367049,2.6119586973351305,-0.1596017640056685,77.34375,0.0,77.34375,-24.189508431904613,-0.24189508431904616,0.0,61.002604166666664,0.0,16.4868402775116,21.267098234757782,45.01131544499601,49.979388527801504,46.566602841049466,48.58800679900558,48.27747223658274,47.792032437572225,37.64036642154104,0.628111644204027,2.28558906951146,-36.62821251615848,-36.000100871954444,0.47380657668526066,1.0,0.008325454279790043,14.77336705716186,0.0676893761679886,0.028074279601868337
64,969,3072,256,15.53125,1,16,94.140625,-0.03317318452962621,0.2252538284686805,0.7361247453995715,0.15860547639778627,74.609375,0.0,74.609375,-6.225596355831425,-0.06225596355831424,0.0,5.729166666666666,0.0,4.6127551161520195,5.985480501448901,61.97827921214451,49.449806134962955,23.446387778172845,32.62042453921134,30.727018061398088,27.3474857893573,5.4860614600553,-0.4452040799108302,1.2133628850426994,-7.442534989335684,-7.887739069246514,0.7423274940154194,1.0,0.010464563514031546,8.906706864168612,0.11227494238335911,0.027967229350016488
64,970,3328,256,15.53125,1,16,94.140625,-0.1108694244349018,0.21284834665539717,3.7131600695732105,0.5344691351953326,47.65625,0.0,47.65625,-7.593778337442453,-0.07593778337442453,0.0,4.8828125,3.1901041666666665,2.764679485407197,6.3827677429103105,54.812224622516155,33.166432957278964,14.423036589399022,19.047623955661418,18.112965439803986,16.90081092295062,4.347142682906876,-1.6321678015393368,2.7251275454823065,-5.043910376648903,-6.67607817818824,0.645298062458508,1.0,0.008522371567289569,7.895462415604741,0.12665502631278203,0.029230815920292443
64,971,3584,256,15.53125,1,16,94.140625,-0.06212621773410242,0.06277432102199036,0.41653458409849653,0.30071279312190313,100.0,0.0,100.0,-7.500292743784423,-0.07500292743784424,0.0,0.0,0.0,4.931554277323548,5.569164314164264,53.8731211332943,49.10533506660183,21.346168398198166,30.43226195668123,28.417150684128583,28.190077920601915,8.131667720995384,-0.8936340714895118,0.912726228502826,-9.154016276728736,-10.047650348218248,0.3348374895186664,1.0,0.008353706991527772,14.071806166317689,0.0710640829031317,0.030654687235700032
64,972,3602,18,9.333333333333334,1,16,16.666666666666664,0.53098646357926,2.4197282604156074,38.12629873627755,-1.1479759401657255,11.11111111111111,0.0,11.11111111111111,-6.889378502230222,-0.06889378502230221,0.0,16.666666666666664,0.0,5.798325426903123,5.848125800417794,56.05930870054842,49.533714933292764,25.367138002365085,35.050315801889326,33.050917560622004,32.94205922947026,9.9486514154761,8.14340156218602,8.732273327865721,-10.343198232921482,-2.1997966707354646,14.009304478162889,0.07138113113029684,0.009086286174852673,117.91310984438043,0.008480821185360829,0.02347153723143228
65,973,256,256,15.53125,1,16,94.140625,0.05955392370075669,0.17394905613937786,1.9096109416553593,-0.2886787239981425,100.0,0.0,100.0,-5.8034428977962795,-0.05803442897796279,0.0,16.666666666666664,0.0,8.753190773275826,13.338999773835576,73.035973374694,49.895606874157046,35.144327917401824,44.02491953825188,42.56324181050731,42.185576995293566,18.228196440596665,1.0812649324253427,1.9542829588651482,-11.984766367622194,-10.903501435196851,0.8217637425925038,1.0,0.011037840887610081,10.183193586570892,0.0982010202888367,0.016377660889213625
65,974,512,256,15.53125,1,16,94.140625,0.018373042236176605,0.01863578374566876,0.037084646118363804,-0.08813339088012198,100.0,0.0,100.0,-3.5892244488887144,-0.03589224448888714,0.0,16.666666666666664,0.0,8.11376327928969,8.395874101338295,87.74904244275558,49.88387313788401,33.52546314462843,43.20088252341584,41.59000794168607,41.18001450108145,15.692702333249796,0.2671672494678823,0.2723403977318231,-9.246554781019778,-8.979387531551897,0.10641105809084302,1.0,0.009893108760415723,2.340144180762302,0.42732409747259675,0.012541661795527499
65,975,768,256,15.53125,1,16,94.140625,0.0297990645982789,0.029975670986233525,0.0958425429884859,-0.14206214325952418,100.0,0.0,100.0,-3.3334681058049993,-0.033334681058049986,0.0,16.666666666666664,0.0,8.701854376015483,8.980658415688058,88.0690470938547,49.92462547003308,35.92077201033221,44.659156391042345,43.27500929724319,42.99304997478725,17.58893925826353,0.43233555592647277,0.43781855371486006,-9.880718212769992,-9.44838265684352,0.23206208688814753,1.0,0.008837432001181061,3.751287071272918,0.26657517300073535,0.011480578706150294
65,976,1024,256,15.53125,1,16,94.140625,0.018934657978623065,0.04639935620675559,0.13178474779997842,-0.09115750914693385,100.0,0.0,100.0,-3.142016501494745,-0.03142016501494746,0.0,16.666666666666664,0.0,9.9308280451386,14.62787509998754,87.4253986104483,49.95639164364337,39.200630657500525,46.30322975821545,45.24849111302457,45.12052538753902,22.295120939469616,0.2663062022918215,0.513390198192327,-11.359202477747418,-11.092896275455598,0.2646270427069498,1.0,0.007367925220487645,2.3421609866446027,0.42695613397292875,0.01343319888227926
65,977,1280,256,15.53125,1,16,94.140625,-0.022302508668856177,0.10153023214047724,0.17575106915224326,0.10528967196762472,100.0,0.0,100.0,-12.098464821049504,-0.12098464821049505,0.0,75.32552083333334,0.0,19.93447502628957,22.58541763653627,62.93965891136233,49.99982933445236,49.34716274773609,49.92750245255256,49.879785726940185,49.90209137998797,47.47681264200372,-0.30057328059115024,0.5928761576454956,-31.672359480630824,-31.972932761221973,0.45528921634736685,1.0,0.006537920694777773,1.8694417792881788,0.5349190389768472,0.013784946285424968
65,978,1536,256,15.53125,1,16,94.140625,-0.14023410352429982,0.2638407810983251,2.3240730015902398,0.6714129129820224,100.0,0.0,100.0,-30.190768543224454,-0.30190768543224455,0.0,83.33333333333334,0.0,23.7858663315624,24.765522555510746,44.1408591343936,49.99999499689049,49.8657790902876,49.991557535832804,49.9838788707711,49.987344244032215,49.28950143583801,-2.0362328447822033,2.1559559372075485,-53.88627860446188,-55.92251144924408,1.3129183822921486,0.7616619688530505,0.008145672479009455,11.521279238416634,0.08679591730279335,0.015431833584908294
65,979,1792,256,15.53125,1,16,94.140625,0.006219267596362599,0.10407153671850909,0.35182152753313184,-0.06141516970001633,100.0,0.0,100.0,-27.93083632023935,-0.2793083632023935,0.0,80.14322916666666,0.0,20.438698252573396,24.55108978909124,42.28144459370401,49.99996047622856,49.63274127518362,49.96257449637493,49.93648191999391,49.94090239603342,47.29785480958449,0.1474146593974296,0.8388343430417377,-48.33964035282005,-48.192225693422614,1.0877676653427206,0.9193139600127129,0.010707667305104616,0.856761042053418,1.0,0.014395314977721672
65,980,2048,256,15.53125,1,16,94.140625,-0.047723408860219974,0.08956353736325375,0.6710816740296955,0.2349504755884088,100.0,0.0,100.0,-21.423335688343,-0.21423335688342998,0.0,72.91666666666666,0.0,19.667984915281444,23.620260339938167,47.901754100718755,49.99994281561696,49.545011046308645,49.95082838082281,49.9176872145719,49.92384187572192,46.73801278208523,-0.701099772572498,1.1585177374815592,-41.059007722195986,-41.760107494768484,0.2459849085754317,1.0,0.009193054208297498,4.14283396749709,0.24138066064089797,0.01656767340152898
65,981,2304,256,15.53125,1,16,94.140625,-0.23188053151232088,0.37636387791117976,5.835241755413896,1.1370001096134947,100.0,0.0,100.0,-39.1328237917881,-0.39132823791788096,0.0,92.3828125,0.0,25.02453429279464,25.788003536416284,39.0540542896498,49.99999785987616,49.9140383115714,49.995104798041446,49.990399773538506,49.99265904406821,49.493253753401625,-3.3220806995604386,3.416208938403474,-64.07666181645757,-67.39874251601802,1.508771495453341,0.6627908884900623,0.01237020117638297,18.65192304368222,0.05361377471148853,0.017586536849042506
65,982,2560,256,15.53125,1,16,94.140625,-0.16084921648479714,0.47652560944503203,6.087937455324705,0.7623079054231723,100.0,0.0,100.0,-48.01634857655823,-0.48016348576558227,0.0,96.484375,0.0,25.4183069479675,26.12535106182949,34.76132093660052,49.99999831789777,49.92654630918048,49.99576553110948,49.991719345547324,49.993493709583994,49.50333361694491,-2.2234974497117923,3.489394633836851,-73.12238506219805,-75.34588251190985,2.3429877583637513,0.42680547366511207,0.00607979821583056,12.72775228074453,0.078568468174296,0.018781988016354063
65,983,2816,256,15.53125,1,16,94.140625,0.0533390991961655,0.31912141364664814,2.6058920308213707,-0.2933078651063067,81.25,0.0,81.25,-25.28944208752705,-0.2528944208752705,0.0,64.32291666666666,0.0,17.609030747161167,22.288237337230512,45.10135295166469,49.989144727821696,47.60567237091619,49.03423050032647,48.842209155828904,48.55534867445344,38.89911268041511,0.7777453296133179,2.2829332144508174,-39.043242818087606,-38.26549748847428,1.2282337460507118,0.814177271399211,0.006252198137027628,17.039676826834967,0.058686559032924156,0.02058977423642706
65,984,3072,256,15.53125,1,16,94.140625,-0.04582691883780032,0.22884152884927816,0.9562899678637404,0.2305452765169403,70.703125,0.0,70.703125,-7.261128684515615,-0.07261128684515615,0.0,9.309895833333332,0.0,4.860879802442902,6.1749148807664,59.386117183573816,49.540824865309276,25.183085978564833,33.39940082071894,32.01122573400952,29.133879052634057,5.2236141023586455,-0.5856549516976326,1.3829605691152156,-8.18521235765759,-8.770867309355221,1.6899621986463846,0.591729211932062,0.008610673225184913,11.719580032940424,0.08532728964598414,0.019374693860941327
65,985,3328,256,15.53125,1,16,94.140625,-0.10012203851412033,0.2108784451786103,3.639206969176631,0.4745404752969097,53.90625,0.0,53.90625,-7.212308248072777,-0.07212308248072777,0.0,6.184895833333334,2.669270833333333,3.3276423601094436,6.848724050768593,56.68252928487401,35.99430183260934,17.331833554071537,21.904978738863903,21.17538142786031,20.15655554057642,4.651753910053127,-1.4831998912426043,2.697853579858118,-5.870666680001946,-7.35386657124455,1.222977066434573,0.8176768211323595,0.00965023669917379,6.883208126391794,0.14528109300745554,0.020515882456697845
65,986,3584,256,15.53125,1,16,94.140625,-0.02851472576130283,0.030053394913338943,0.09131202303146829,0.1336571089175629,100.0,0.0,100.0,-6.506596617745308,-0.06506596617745308,0.0,11.9140625,0.0,6.072114628833181,6.709098522591148,57.618113542109285,49.590935622341206,26.76232108428499,35.66908525233394,34.03139826397884,34.37127008819414,9.576464681880093,-0.4031540103377056,0.4273453475386582,-10.538551603907463,-10.94170561424517,0.228555785147512,1.0,0.008219927602064872,5.631026987391923,0.177587499090137,0.022869882409972068
65,987,3609,25,11.2,1,16,40.0,0.44610252079637436,2.2755322973307126,35.40062882013075,-0.9644836055976859,36.0,0.0,36.0,-5.92830517638177,-0.05928305176381771,0.0,16.666666666666664,0.0,6.903807400521622,6.970319352405739,60.3723373368129,49.780107376945715,30.561436562092272,39.31509535635055,37.80914571558382,38.19519732783444,11.39269083636279,6.672478051109843,8.414348319404272,-11.435382006175743,-4.7629039550659,14.137576640320638,0.07073348038644621,0.00784838955971242,82.83471677829954,0.012072232982656531,0.01652650894280932
66,988,256,256,15.53125,1,16,94.140625,0.019967577792600336,0.02188435939578677,0.0475735260208271,-0.09513207445364652,100.0,0.0,100.0,-1.6379884522085086,-0.016379884522085084,0.0,0.0,0.0,5.497162501916877,6.049304164081014,95.37317255202613,49.19322154217899,22.225786031918894,31.923856328654274,30.153778092606288,29.733417477829335,7.7618269056173474,0.2827214117972776,0.30845915781778016,-5.763845696669231,-5.481124284871953,0.09164048070356189,1.0,0.007242633963857665,2.1685392394341165,0.46113991474784266,0.013967756720352642
66,989,512,256,15.53125,1,16,94.140625,0.03344738826383775,0.03355807985000149,0.11997131571567385,-0.158936885753725,100.0,0.0,100.0,-1.5391788324618392,-0.015391788324618391,0.0,15.559895833333334,0.0,6.424912365451618,6.788290602266659,95.59233261445662,49.602376240892056,26.55630465310084,36.59491627581971,34.86484891877741,34.623236893922126,9.581757082630752,0.4846342593790587,0.489839393507043,-6.721158684729037,-6.236524425349979,0.11768043344264556,1.0,0.006719650652105562,3.716750189038158,0.26905224971786057,0.01362822666047983
66,990,768,256,15.53125,1,16,94.140625,0.04242533743792401,0.042508596365813354,0.1923098335962854,-0.20506662902512432,100.0,0.0,100.0,-1.4582037526197102,-0.014582037526197102,0.0,16.666666666666664,0.0,7.122170132707154,7.477410572020552,95.6085960217264,49.7604109664672,29.816079536209187,39.53857384553118,37.95463345171187,37.83204165316876,11.165711777503903,0.614140464503213,0.6201771256605413,-7.449298942836363,-6.835158478333151,0.16985401017638782,1.0,0.0061346381675319575,4.706032474763356,0.21249322127771444,0.015084658194208855
66,991,1024,256,15.53125,1,16,94.140625,0.03242556663466056,0.04211883715438939,0.18352999153111632,-0.15029098174514433,100.0,0.0,100.0,-1.4076266457918953,-0.014076266457918953,0.0,16.666666666666664,0.0,8.453687661098456,13.509046990471827,94.89609684301959,49.868977015507795,34.37373625576757,42.804500853439805,41.52698485070614,41.555087334009514,15.569453942080017,0.4619754406835302,0.6058547540972445,-8.908361821332694,-8.446386380649162,0.11911937789409507,1.0,0.00552313449434638,3.5367480631086132,0.28274561324593,0.017550919699490828
66,992,1280,256,15.53125,1,16,94.140625,0.012939954931280626,0.08890333675139339,0.14176991647388545,-0.06523063375526844,100.0,0.0,100.0,-8.470474452798385,-0.08470474452798385,0.0,69.921875,0.0,19.266974098973083,22.42774631916896,70.37271989993806,49.999570220821255,49.084666820738796,49.87057751918388,49.801095794123555,49.84566159259862,46.116405071050615,0.2124622948113473,0.5324845847043564,-27.378470132131472,-27.166007837320123,0.5832511231862979,1.0,0.005189565081240592,1.5576069285934444,0.6420104980548741,0.020007947965751744
66,993,1536,256,15.53125,1,16,94.140625,-0.09934380088168565,0.20249227134243233,1.305993932600758,0.45862795195917594,100.0,0.0,100.0,-25.60157190050541,-0.25601571900505404,0.0,83.33333333333334,0.0,23.696782847424405,24.945053057566454,48.17873282710677,49.999992941598876,49.852835347917626,49.98934910849726,49.98074795347246,49.98579915786095,49.037073811545625,-1.4661492351862395,1.616164553874857,-49.18515174000571,-50.651300975191944,0.6884908027981161,1.0,0.007185832118532436,8.365111857931877,0.1195441276797501,0.016102078399675365
66,994,1792,256,15.53125,1,16,94.140625,0.004235365941780783,0.12205156706970606,0.4092944755682386,-0.010486695582288874,100.0,0.0,100.0,-27.270379880412587,-0.2727037988041259,0.0,81.51041666666666,0.0,20.799229921976988,24.811081907481903,43.293707942370084,49.999959169601894,49.65720149733704,49.96151776477495,49.93801501553872,49.9451569460433,46.76011126292495,0.15919327384018503,0.9047590569518922,-48.04215418476893,-47.882960910928745,0.5226993816516494,1.0,0.008184877400921801,0.9536941524048768,1.0,0.01859606502857912
66,995,2048,256,15.53125,1,16,94.140625,-0.02938014823791521,0.07093680044175818,0.36356664946501244,0.13578927400883625,100.0,0.0,100.0,-20.332756182871428,-0.2033275618287143,0.0,71.80989583333334,0.0,19.365886722858903,22.745068554743206,48.823117507009705,49.99992979585109,49.518838365543175,49.941519350063025,49.90770112622144,49.9178999980395,45.5333859379717,-0.4314864579294653,0.8527211143920531,-39.66540383267922,-40.096890290608684,0.38159002150591265,1.0,0.008225493876216123,2.598230028741449,0.38487739304760016,0.016494533871134566
66,996,2304,256,15.53125,1,16,94.140625,-0.21395881834231778,0.3387029890937416,5.04152897336918,0.9613214685813972,100.0,0.0,100.0,-36.44969042245564,-0.3644969042245564,0.0,83.33333333333334,0.0,25.093804091994258,26.002889268732336,40.82921823761301,49.9999973792828,49.91178592735502,49.99441257075063,49.989630237404725,49.99249001044136,49.33314087734101,-3.0890811008933907,3.1753831181037606,-61.46040795088539,-64.54948905177878,2.039304584197242,0.49036323840445,0.0061819270034168825,17.390076255120277,0.05750406066825402,0.015077662505019237
66,997,2560,256,15.53125,1,16,94.140625,-0.1884365378124367,0.4888753600731497,6.6907726921442325,0.908746150439318,100.0,0.0,100.0,-48.97359724344926,-0.4897359724344927,0.0,92.578125,0.0,25.93599742033436,26.443134759939255,34.77674142762223,49.999998668769834,49.93688947899705,49.99631353572861,49.99303134521341,49.99494382575266,49.46284578292362,-2.6562048298454703,3.6580794666448218,-74.57857279214234,-77.2347776219878,1.5697962843220394,0.6370253325143256,0.007223473479920206,15.365861504316115,0.0650793318499656,0.015270041631377197
66,998,2816,256,15.53125,1,16,94.140625,0.06143336957001583,0.29122809692142076,2.4599564468590933,-0.28456902945855106,86.71875,0.0,86.71875,-27.068798045512104,-0.270687980455121,0.0,69.27083333333334,0.0,18.784153932442415,23.51093609212517,44.6649723965991,49.996759943751954,48.64998288088262,49.533746274398844,49.443990604812754,49.3201493669152,40.450024575284914,0.8711261684753056,2.218087665922649,-42.05567119945805,-41.18454503098275,1.4611260127994237,0.6844036662409864,0.008443838655502078,19.281268858950888,0.05186380664650982,0.018596012381173744
66,999,3072,256,15.53125,1,16,94.140625,-0.06555771999473248,0.27354680398510883,1.3467145450885971,0.32023463756889103,57.421875,0.0,57.421875,-8.84919318006487,-0.08849193180064871,0.0,6.575520833333333,0.0,4.743720089670267,7.675532731659873,55.95302882408297,49.488326300805326,25.23722262394823,32.682699235238516,31.926087378102324,29.22243541071423,4.450716937670969,-0.8960722944554657,1.6411669903386414,-8.478039865517527,-9.374112159972993,0.4646595536199915,1.0,0.006659999164095797,16.930912985101063,0.05906356029825351,0.018244334162696618
66,1000,3328,256,15.53125,1,16,94.140625,-0.09414341511432163,0.21521563351458256,3.5891223569802384,0.4459802924029921,52.734375,0.0,52.734375,-6.72280241579097,-0.06722802415790971,0.0,7.291666666666667,3.90625,3.220603915894506,6.767516141288232,59.77089553342046,35.10545613378454,17.45575644865523,21.531403591640586,21.18133645071549,20.146375894046095,3.83385987967752,-1.4106915915894571,2.6792246479085096,-5.388247720152911,-6.798939311742368,1.1671864667472382,0.8567611332804773,0.005970388450963367,4.828784646524716,0.2070914470620887,0.018168955754781068
66,1001,3584,256,15.53125,1,16,94.140625,-0.030624020645922664,0.03797192582265551,0.11882721988551495,0.14674372597842966,100.0,0.0,100.0,-6.274207945754705,-0.06274207945754705,0.0,11.458333333333332,0.0,5.974645742433697,6.630219739463845,57.958833958072525,49.564323533351285,26.81125077306734,35.03750776739818,33.90541694291852,34.611814035395106,8.305631536718483,-0.4088631859428804,0.48749814335136693,-10.308429853429697,-10.717293039372578,0.07502830409167004,1.0,0.0054493559357871,5.69621580186096,0.1755551465717466,0.020122397006547055
66,1002,3631,47,13.446808510638299,1,16,68.08510638297872,0.2329237751805821,1.6359024292376514,18.414058429954082,-0.5732516860537039,65.95744680851064,0.0,65.95744680851064,-5.6469856210676665,-0.05646985621067667,0.0,16.666666666666664,0.0,6.85473597573111,6.983054088215508,61.12330806318318,49.7732514915003,30.820724208015104,38.9466269882018,37.877426425891876,38.59709752537413,9.972993115193997,3.480186463931226,6.068617376298176,-11.214602404446708,-7.734415940515482,13.26002174094382,0.07541465764812706,0.0056154431758016375,42.083682682487606,0.023762178979078098,0.014838467661708493
67,1003,256,256,15.53125,1,16,94.140625,-0.2187702664646355,0.2603197482853601,6.543985943957635,1.0330981707678344,0.0,0.0,0.0,-11.036839244318498,-0.11036839244318498,0.0,0.0,91.796875,0.000746401485965532,0.002521054797267395,0.5621587874942615,0.8089646120780802,0.7857461875018654,0.68104830506564,0.7138430362952198,0.702086179407868,0.6535328617475751,-3.022711348110847,3.6177302121517116,-0.13277413829862994,-3.1554854864094777,0.9908524452105594,1.0,0.009596232483457184,0.17178445416480465,1.0,0.01324580368646825
67,1004,512,256,15.53125,1,16,94.140625,-0.10117941896559246,0.10123131674680448,1.0838592317406641,0.4884823361840551,0.0,0.0,0.0,-5.102738647536942,-0.05102738647536943,0.0,0.0,22.65625,0.005995546384521757,0.010783498435178503,6.473062661246729,2.1287836408114758,1.2953123280802143,1.1031284288953764,1.1839185522275613,1.1619583160708302,0.8481400147112794,-1.4575854887355602,1.4723173786522143,-0.0926230240349164,-1.5502085127704766,0.431689155206312,1.0,0.008329108154996502,0.20242592452738883,1.0,0.012181969569981873
67,1005,768,256,15.53125,1,16,94.140625,-0.09158391967659019,0.0916179515267264,0.8884585314219008,0.42180549562256614,0.0,0.0,0.0,-4.630054888322404,-0.046300548883224046,0.0,0.0,7.356770833333333,0.0218548181980136,0.0377491914552043,18.943283681817185,4.561544807333219,1.8065650656967367,1.6103237969390551,1.7280650799657589,1.7071975713685656,1.0078556342219547,-1.3198958158672967,1.3330105261564147,-0.11536974563175162,-1.4352655614990486,0.31236977014253575,1.0,0.007993229920185089,0.3673033833206695,1.0,0.011812324530235388
67,1006,1024,256,15.53125,1,16,94.140625,-0.09969777724066449,0.10458455236886892,1.127800466864792,0.4722006900211468,12.5,0.0,12.5,-4.238960662695983,-0.04238960662695983,0.0,0.0,0.0,0.4892654079560328,4.72116878288945,77.04562536027944,14.52833861314527,3.781164280408208,4.34366456187861,4.393302521591978,4.6393168419426,1.7391101822039146,-1.4440806305942595,1.5018658174848991,-0.6350333398789849,-2.0791139704732444,0.5590327899811036,1.0,0.00831262311011476,3.2971118502422425,0.30329574652632085,0.014515388556437787
67,1007,1280,256,15.53125,1,16,94.140625,0.04507003118315275,0.08160793884031274,0.41242791092744624,-0.21810928163652177,100.0,0.0,100.0,-0.8984731029448974,-0.008984731029448974,0.0,15.625,0.0,10.397273047961823,15.931331211889805,96.78890654668982,49.683902223551996,35.167400067609464,42.4801211488946,41.45538188738891,43.08619350432009,24.447243232988395,0.6820087080581437,0.9082157353046095,-10.742215630823665,-10.060206922765522,0.3171047987290133,1.0,0.00876613376171592,5.394055981671061,0.18538925131626152,0.011524800969599196
67,1008,1536,256,15.53125,1,16,94.140625,0.06164643242164866,0.08939920113890315,0.48158217509269363,-0.3012957480367534,100.0,0.0,100.0,-6.342084541704882,-0.06342084541704882,0.0,72.91666666666666,0.0,19.43409785420718,22.047411201235885,75.76371232265086,49.99974861577783,49.224924602454436,49.89487020177242,49.84275123827616,49.88809466983166,45.83663504714824,0.8832641212578691,0.9814093693181186,-25.650931373906584,-24.767667252648714,0.5124817767074124,1.0,0.00749697591273233,5.889264812861949,0.16980048134633627,0.014338533822109447
67,1009,1792,256,15.53125,1,16,94.140625,0.046722071790753134,0.08863247008485949,0.5538315221136051,-0.22236599605255608,100.0,0.0,100.0,-16.487961672695203,-0.16487961672695203,0.0,76.5625,0.0,20.10804339284866,22.977563674452895,54.99756042585608,49.99989825531861,49.50851848608123,49.93092051830366,49.89961121729195,49.91557439452335,45.123007602843174,0.7056218958643945,1.0524557207917158,-36.56170062298843,-35.85607872712404,0.4522706282467684,1.0,0.0076855680872964915,4.366571183583441,0.22901264125948512,0.015856080395834256
67,1010,2048,256,15.53125,1,16,94.140625,0.04741832415174292,0.04851183046412416,0.2527474551915189,-0.2244415084632771,100.0,0.0,100.0,-13.214926946666044,-0.13214926946666045,0.0,66.66666666666666,0.0,16.975267399452115,17.50844787023116,56.32417295572959,49.99971565243948,49.04234134139595,49.838680342179146,49.77571302937427,49.80298456373524,40.08922510402871,0.6885565312816705,0.7109816526346077,-30.138511599264064,-29.44995506798239,0.24993848605645008,1.0,0.006847308475635025,4.561722624591848,0.2192154329176192,0.017479605186861057
67,1011,2304,256,15.53125,1,16,94.140625,-0.08076896602032944,0.1420960785055788,0.9450148387172009,0.36800699978651963,100.0,0.0,100.0,-20.233518066407925,-0.20233518066407924,0.0,79.94791666666666,0.0,22.595232929047395,25.068839687212133,52.81148530287005,49.99996439039549,49.73789187897583,49.970650219557946,49.95525050527492,49.96599524549304,47.72855688784766,-1.2038187714355009,1.374783502022919,-42.784695032653154,-43.988513804088655,0.5814811866801046,1.0,0.0057979312320896904,6.94054781028342,0.1440808459698752,0.011514122021168046
67,1012,2560,256,15.53125,1,16,94.140625,-0.21983624180065023,0.3819415301476921,5.375482525978553,1.0269324298954994,100.0,0.0,100.0,-40.62232908906489,-0.4062232908906489,0.0,83.33333333333334,0.0,25.723653104960835,26.407416490178946,38.93489435555669,49.999998148280675,49.92736784029402,49.99529642953574,49.991801900915945,49.99447562991041,49.30096581407811,-3.1764262227633515,3.278866427891979,-66.06837781566914,-69.24480403843249,2.334751014580139,0.4283111962496914,0.0084936104712013,18.52322068967923,0.05398629194960572,0.008481311536812669
67,1013,2816,256,15.53125,1,16,94.140625,-0.037951207115677815,0.27274995803392893,1.9265355739994217,0.15192704059297307,100.0,0.0,100.0,-37.10044312436847,-0.37100443124368465,0.0,83.33333333333334,0.0,23.31015926989322,26.505933697749334,39.38453542011833,49.99999117697192,49.853593386570594,49.98547128327117,49.977436045775434,49.98188509425019,47.93941406981729,-0.3724095407174297,1.962924132002774,-59.18607143956805,-59.55848098028548,2.596943804002388,0.38506801666590107,0.004464952189462698,2.2900180495082565,0.4366777808649733,0.009986983195048052
67,1014,3072,256,15.53125,1,16,94.140625,-0.02215670490435393,0.3961519305462967,3.6642645292693032,0.13064561694004836,46.875,0.0,46.875,-16.833379571929186,-0.16833379571929186,0.0,26.953125,0.0,8.86970265212205,19.673943468722996,49.865233787612375,49.77232255776477,35.5683227591283,40.390782234697625,40.258272342791145,38.77884758242632,14.019113507406479,-0.38375492030344904,2.7071256081937918,-17.7873479745431,-18.17110289484655,1.6690887542032655,0.5991293138137205,0.007342523846349134,18.962527558586302,0.052735585850062286,0.01794477151854199
67,1015,3328,256,15.53125,1,16,94.140625,0.012353420175755142,0.19227223893830783,1.602532270429909,-0.07701730034849535,85.9375,0.0,85.9375,-5.393603602978069,-0.05393603602978069,0.0,13.802083333333334,0.0,5.547600119447244,7.573636775512796,62.581500036513326,48.203028319268945,29.08632723348097,35.2092051956633,35.0547355753136,33.61512236898372,5.553170072002326,0.19106402733713893,1.7902694045477674,-8.864600746563255,-8.673536719226115,1.147651782773404,0.8713444400211794,0.006193443014370678,7.921517217264016,0.12623844303722745,0.016966574394316387
67,1016,3584,256,15.53125,1,16,94.140625,-0.08507844473598203,0.14354114236066395,2.0123029375905213,0.3779940587440519,76.171875,0.0,76.171875,-6.087703156881677,-0.06087703156881678,0.0,10.546875,0.4557291666666667,4.756351334467494,7.194466400920094,61.36089374230964,42.059887010779576,22.59557631701314,27.95618237263233,27.667152911547458,28.221003501507802,6.8267271363110265,-1.1788121190172927,2.006142037638672,-7.751437510741289,-8.930249629758581,0.8027489172660702,1.0,0.007127021817378947,8.771162488761034,0.1140099731684773,0.014122404332716136
67,1017,3729,145,15.172413793103448,1,16,89.65517241379311,0.09868800764723087,0.9646707507171741,6.682056051039236,-0.38258164766506364,88.96551724137932,0.0,88.96551724137932,-4.581277727047366,-0.04581277727047367,0.0,16.666666666666664,0.0,7.612867302884651,7.988228917967686,66.61892129333172,49.865646673985715,34.20597491531371,41.42793435308711,40.83299753814031,41.658309570069164,11.22965414515648,1.4577637995784587,3.655695843759225,-11.427485097460844,-9.969721297882385,7.284010011533944,0.13728701613761365,0.0063174459548203925,15.112940713045603,0.06616845913626807,0.0122325662236394
68,1018,256,256,15.53125,1,16,94.140625,-0.04886840549434253,0.05697812231143874,0.31515151511391665,0.23565328648043207,0.0,0.0,0.0,-2.482970924126573,-0.024829709241265728,0.0,0.0,9.049479166666668,0.04797736390423714,0.12245322618761247,46.91612008888694,6.551567893819474,2.0801327392969373,1.9420190334940097,2.0951226946586936,2.0556019404320582,1.073399559689147,-0.677197327288924,0.7939162614708388,-0.10226200251286674,-0.7794593298017907,0.3089584490152228,1.0,0.0056014832008024745,0.2131166018650584,1.0,0.010774007000252548
68,1019,512,256,15.53125,1,16,94.140625,-0.023129145873882796,0.023157809652409867,0.05666133220019941,0.11047856888053495,0.0,0.0,0.0,-1.2418605557435762,-0.012418605557435763,0.0,0.0,0.0,0.22292388890187387,0.3485509007142172,85.6327037768751,17.31852638281189,3.6742991974112758,3.8188248554571778,4.063811564321797,4.0379825737054045,1.4944212750863315,-0.3329255071288148,0.33663431851253495,-0.26032564554159726,-0.5932511526704121,0.11812642465618148,1.0,0.005040669981419126,0.5063556368013975,1.0,0.010001061388809867
68,1020,768,256,15.53125,1,16,94.140625,-0.018738580549912773,0.01879648739089344,0.03729091961131801,0.084499066859824,0.0,0.0,0.0,-1.1481541157514212,-0.011481541157514213,0.0,0.0,0.0,0.5528018826314818,0.792890914375985,92.82883707352892,26.86699948281248,5.175232310973772,5.797611287701541,6.087419105171272,6.106294845524268,1.8488562906016899,-0.2694517807542518,0.2730967579863152,-0.5955066335621679,-0.8649584143164197,0.0613718182388752,1.0,0.004561573546937499,0.860283632022569,1.0,0.01119986699565347
68,1021,1024,256,15.53125,1,16,94.140625,-0.028814158125271577,0.037788976217322814,0.15188942162936114,0.13847471901800837,97.65625,0.0,97.65625,-1.067691286422045,-0.010676912864220449,0.0,0.390625,0.0,1.8530089342520597,7.447409625307179,96.45666226420973,37.498190838905714,9.363734035631492,11.93945459011247,12.04835561140782,12.47544361873706,3.3115982024323607,-0.42137851339759835,0.5511613586407544,-1.9210792606283447,-2.342457774025943,0.2572254576609526,1.0,0.004241399508929706,2.663716533861389,0.3754153218962738,0.014045001674861758
68,1022,1280,256,15.53125,1,16,94.140625,0.06979602630260459,0.085268807258064,0.6076089519429378,-0.32454998484485176,100.0,0.0,100.0,-1.099813219646399,-0.010998132196463988,0.0,33.984375,0.0,13.868265189839736,18.468646647096012,93.55899591874994,49.96715243905706,43.797268619089536,47.920925880143955,47.522226891702374,48.102490338226445,34.181135748348744,1.0399274039166353,1.102369223030957,-14.823016272944447,-13.78308886902781,0.46935218173838467,1.0,0.003659074569905141,7.880498021900173,0.12689553340676768,0.012171890897817585
68,1023,1536,256,15.53125,1,16,94.140625,0.0252151582698473,0.08487074532121935,0.19241055501444676,-0.11779344083410892,100.0,0.0,100.0,-10.965658315955562,-0.10965658315955559,0.0,78.19010416666666,0.0,21.047897041929758,23.20215556573222,66.06187205950144,49.99992910850287,49.568896626862184,49.950640007293394,49.92713768448415,49.948250559726645,47.188297288797095,0.34439462860255543,0.6203395119036781,-31.860884933705893,-31.516490305103336,0.5503472965457531,1.0,0.004082178233528038,2.3091183731442695,0.4330657153094861,0.015468750284725651
68,1024,1792,256,15.53125,1,16,94.140625,0.031007566444052836,0.09716396224130255,0.5231116197726644,-0.1577995630456206,100.0,0.0,100.0,-19.883745497860897,-0.19883745497860897,0.0,75.71614583333334,0.0,20.31348307770147,23.675801565445447,50.57561388176934,49.999916387049936,49.55208544699887,49.93531262482241,49.911495973624945,49.923963461465526,44.93565374871171,0.49801664088677844,1.0228505460453785,-40.16458035524456,-39.66656371435778,0.6992575228499776,1.0,0.0041836998372619385,3.174160487573807,0.3150439317466135,0.016717607513747217
68,1025,2048,256,15.53125,1,16,94.140625,0.030038146416874342,0.03413256501229565,0.1234983023848034,-0.13922962944079254,100.0,0.0,100.0,-15.057810902404864,-0.15057810902404864,0.0,66.66666666666666,0.0,17.600795298880815,19.244739463305834,53.96949151498557,49.99980265014959,49.214466566475636,49.86914623433671,49.826912930930376,49.84648949533204,40.96821642650582,0.43538673770329406,0.4969875297928579,-32.612490510483404,-32.177103772780114,0.2266720263368636,1.0,0.0036206081709634565,2.874618561745428,0.3478722406192264,0.01822180259172795
68,1026,2304,256,15.53125,1,16,94.140625,-0.12660464929891344,0.20115813662778634,1.9365491525518848,0.5807739776728171,100.0,0.0,100.0,-25.004894073331116,-0.2500489407333112,0.0,82.48697916666666,0.0,23.608609178897723,25.491509545436205,48.62613219246314,49.99998486932351,49.82000245296159,49.982659246952466,49.973955499472844,49.980807271434884,48.405270609776174,-1.8657138565359157,1.968018878238664,-48.55127914647706,-50.416993003012976,0.649074319656809,1.0,0.0037584331613127304,10.70746477818,0.09339278911641444,0.01234270685337032
68,1027,2560,256,15.53125,1,16,94.140625,-0.24874287836519965,0.4415624397964159,6.981071827813754,1.0866800787585416,100.0,0.0,100.0,-44.58642437383037,-0.4458642437383037,0.0,83.33333333333334,0.0,25.9972238064793,26.570947498266918,37.0044242761376,49.99999836909966,49.93108832936008,49.99548298698096,49.99258995786109,49.99488122015377,49.312583605312696,-3.6352494994280065,3.7365951955794605,-70.25436637651914,-73.88961587594713,2.15343372211401,0.46437463560211517,0.004441787013809098,21.4996771297929,0.046512326392765355,0.009218527872157085
68,1028,2816,256,15.53125,1,16,94.140625,0.027612853496289336,0.2071810920571259,1.2654976091821046,-0.13372634635617672,100.0,0.0,100.0,-34.29357870535726,-0.3429357870535726,0.0,82.87760416666666,0.0,22.240972051805784,26.384953962549524,40.7052053807678,49.999982862688675,49.80453451920464,49.975516159072086,49.96619838575954,49.96960677822306,46.617356306782185,0.5319982755519528,1.5909101855114918,-54.6391348324067,-54.107136556854755,0.5879064279411924,1.0,0.005740801055502831,7.403680023166053,0.1350679657779656,0.013057665483138156
68,1029,3072,256,15.53125,1,16,94.140625,-0.053314428404358294,0.38151151519138465,3.081863315772141,0.29312794816439114,48.4375,0.0,48.4375,-14.62893757486675,-0.14628937574866752,0.0,20.572916666666664,0.0,7.237916588985968,16.756042852982464,51.5244341725454,49.75823923867726,33.607409285330796,38.86619319659221,39.082676759325835,37.235885258299824,8.88613179222357,-0.8292524194664506,2.482685367005711,-14.047542113218713,-14.876794532685164,2.380498200421154,0.4200801327314936,0.006841865632824106,18.293411772201495,0.054664488639543506,0.020355122895952933
68,1030,3328,256,15.53125,1,16,94.140625,-0.007129064779157812,0.19231777341508013,2.094123051197269,0.04100168424771861,75.0,0.0,75.0,-6.1558245800643645,-0.06155824580064366,0.0,13.28125,0.0,5.45696093249049,7.961609792045049,61.50686236996064,45.76237656055959,28.773725460105933,33.688104072395774,33.91344008891817,32.6177534626034,5.466568777084396,-0.1174165604014432,2.046520486678435,-8.872117227614616,-8.989533788016061,1.0055847655971013,0.9944462507904193,0.010844731664031913,6.218773949748708,0.16080340081189293,0.01898580248173377
68,1031,3584,256,15.53125,1,16,94.140625,-0.044524485443532325,0.12320639352433868,1.3841367917501644,0.20393606207679205,91.015625,0.0,91.015625,-4.9336209917969995,-0.04933620991797,0.0,13.151041666666666,0.0,6.196568085836714,7.832978015694082,65.48630480054995,47.86353123246711,28.890871386985946,34.94486188866321,34.86482819428461,35.34653733669201,8.484341351738937,-0.5770237722376503,1.663812965299985,-9.46238775375928,-10.039411525996933,0.49919697782968625,1.0,0.011039949083829307,6.2810459756352675,0.15920915145010694,0.015826950698589793
68,1032,3694,110,14.909090909090908,1,16,86.36363636363636,0.13865929128678764,1.10938495880783,9.023563215331457,-0.742238640572029,85.45454545454545,0.0,85.45454545454545,-3.928350879068796,-0.03928350879068797,0.0,16.666666666666664,0.0,8.127839857558719,8.395877844647098,70.53626153548639,49.9098420984593,36.493337944982095,42.94366788734585,42.66420621725153,43.22862747158457,11.70321360718769,2.0318306144227423,4.2481909597689835,-11.52292406859364,-9.4910934541709,1.4711559223431396,0.6797376028009865,0.010680417279327203,19.79167224884003,0.050526301538699386,0.014389816880193567
69,1033,256,256,15.53125,1,16,94.140625,-0.06598962321330981,0.12032562505310718,1.3305991190154043,0.3162847929355226,59.375,0.0,59.375,-3.5764448441765766,-0.03576444844176577,0.0,0.0,1.5625,1.2190526720905848,2.5992324769872774,87.2834701060244,29.22638189753453,6.916138919037971,8.54677820867438,8.875779523073872,8.671216571337409,2.134400407282304,-0.8587436837505346,1.6313179451078226,-1.3966592650473053,-2.2554029487978395,0.41508029468869473,1.0,0.010775229377669521,1.1713589534013256,0.8537092725472895,0.01590929023916531
69,1034,512,256,15.53125,1,16,94.140625,0.025649111815905568,0.02583615846702101,0.07138967829102275,-0.12294112222800513,100.0,0.0,100.0,-0.09692097223135843,-0.0009692097223135842,0.0,0.0,0.0,3.1160158479905604,3.5545838374127094,99.77180940849988,46.35089807875723,13.846492282091571,18.604923769227124,18.803971580304207,18.587854092395652,3.6192197631444563,0.3727494082366709,0.37786155742817434,-3.1231425654841303,-2.7503931572474594,0.12845197981747977,1.0,0.009964604336216298,2.6428227273980656,0.3783833057106061,0.014465987932588449
69,1035,768,256,15.53125,1,16,94.140625,0.03449921189507581,0.03458646424952402,0.12736137788172697,-0.16698537299857497,100.0,0.0,100.0,-0.09319786782116285,-0.0009319786782116283,0.0,0.0,0.0,3.9539529139041263,4.372830495337879,99.7931053553943,47.99745182411906,17.319261458839154,23.50607701882695,23.52668050828512,23.34320532939314,4.379298641985888,0.49960461265538675,0.5047006595631255,-3.9621503908740685,-3.4625457782186815,0.1047513872666662,1.0,0.00896047322095435,3.623422162176378,0.275982194522804,0.015126008839777504
69,1036,1024,256,15.53125,1,16,94.140625,0.026359933041194068,0.0349334805694267,0.12670314104202327,-0.12246201469651027,100.0,0.0,100.0,-0.10099844879892016,-0.0010099844879892018,0.0,3.3854166666666665,0.0,5.418391138842218,10.758350219892032,99.65663446270693,48.988312850757495,23.119422483334237,30.494575024356358,30.263286505683705,30.296633109338245,6.965543080081405,0.375329382260295,0.5033947577041764,-5.437060129569061,-5.061730747308766,0.21430051621792706,1.0,0.008219725712574613,2.7432467344465974,0.36453155578137697,0.017035281968938772
69,1037,1280,256,15.53125,1,16,94.140625,0.04219676105562722,0.08474460865477643,0.29159497009417856,-0.20635006412484286,100.0,0.0,100.0,-4.496283465553563,-0.04496283465553563,0.0,53.776041666666664,0.0,17.032600193594767,20.871895644817073,80.56508439368086,49.99700175104719,47.83927880818979,49.526384375568895,49.408616747455,49.53995077624934,40.606660460097814,0.6331982596295469,0.7636687372076698,-21.141416684137084,-20.50821842450754,0.19062488733836808,1.0,0.007480428077415865,4.743225431959301,0.21082700249963165,0.021576455182096943
69,1038,1536,256,15.53125,1,16,94.140625,-0.04290912747756637,0.14046950353194804,0.3774009258546499,0.20602693824864068,100.0,0.0,100.0,-18.8536533362512,-0.188536533362512,0.0,83.33333333333334,0.0,22.52559514403484,24.09623817254843,54.6854494893195,49.99997954200979,49.761087123426364,49.976623417407126,49.966054138587516,49.974813263377534,47.807912895881955,-0.662192294919587,0.8687933308384105,-41.19120415830954,-41.85339645322913,0.738753440445928,1.0,0.0076597464973848,3.8980042702868114,0.25654153527297724,0.015048816741892646
69,1039,1792,256,15.53125,1,16,94.140625,0.025173766063342568,0.09654847015024294,0.4732247716059976,-0.1326476699281538,100.0,0.0,100.0,-23.09086356854139,-0.23090863568541392,0.0,74.34895833333334,0.0,19.877609180817615,24.13410972519659,46.30099276120951,49.999911998950765,49.539839156981174,49.92962068955526,49.90896448259191,49.915776327974044,43.26088023427846,0.4056583066772623,0.9728563836517675,-42.931280725088186,-42.525622418410926,0.3426904772364907,1.0,0.006179970650216721,2.5527709912282317,0.39173118287389475,0.01799906885208676
69,1040,2048,256,15.53125,1,16,94.140625,-0.0049546388678237685,0.058938739086289764,0.19486862216117776,0.02467325857620295,100.0,0.0,100.0,-17.0076934137998,-0.17007693413799801,0.0,68.68489583333334,0.0,17.888020090713013,21.451077335048957,51.33150683156134,49.99983103966278,49.298882268265785,49.882410795144985,49.85078611088616,49.85987323899013,40.09837597320457,-0.07631675144128405,0.6242893914863167,-34.84803231943019,-34.92434907087147,0.15767957039242025,1.0,0.005641410393013409,0.5512995003381367,1.0,0.017650771359443092
69,1041,2304,256,15.53125,1,16,94.140625,-0.17277515422787937,0.2621672625450569,3.4269088825682976,0.8068465771373914,100.0,0.0,100.0,-30.77035119150048,-0.3077035119150048,0.0,83.33333333333334,0.0,24.258589484249633,25.58064105532122,44.17987365982368,49.99999360176544,49.87110202270131,49.98909357447411,49.983909363443914,49.98797913830202,48.5560086106104,-2.5358603778952684,2.6179797106044567,-54.90868912626594,-57.444549504161216,0.3398531656769634,1.0,0.005832281369923153,14.620935108957772,0.06839507819081507,0.01462290643658117
69,1042,2560,256,15.53125,1,16,94.140625,-0.24273672238092864,0.4704408835426004,7.3811428146023275,1.1156179074850068,100.0,0.0,100.0,-48.178474224496995,-0.48178474224497,0.0,83.33333333333334,0.0,25.921206665163034,26.4361195935526,35.22341088926119,49.9999983427395,49.931558022095274,49.99522213768558,49.99269948563166,49.994636061223574,49.11136637275642,-3.5250304607904095,3.8421719937041674,-73.59084770823776,-77.11587816902816,1.75168847113725,0.5708777653544579,0.005962125925437043,21.884336704890597,0.045694782231006585,0.013741786386106793
69,1043,2816,256,15.53125,1,16,94.140625,0.06054971459654175,0.24757441280067988,2.166275948815681,-0.28864613039527276,93.359375,0.0,93.359375,-30.25264612322031,-0.30252646123220306,0.0,76.62760416666666,0.0,20.02118220083026,25.01657859582308,43.50217059153625,49.99976144779124,49.53220304072107,49.890847017183134,49.87527716664518,49.85229372835452,41.31359672460371,0.8326012648551694,2.0814782962191467,-46.02340970251624,-45.19080843766107,0.4485568363507217,1.0,0.004586828877049283,17.499278026341553,0.057145214705127054,0.017309281926276482
69,1044,3072,256,15.53125,1,16,94.140625,-0.09476427129082328,0.33355823760646225,2.2499538925121794,0.46542548162488384,46.875,0.0,46.875,-12.199053000112478,-0.12199053000112478,0.0,13.997395833333334,0.0,5.443816861398881,11.742261249565647,51.148195165365756,49.64566755107025,29.85024848114401,36.08421694066257,36.37317174627313,33.482077199621074,4.4050835025638655,-1.3752702164055224,2.1212986081700893,-10.643223761461442,-12.018493977866964,2.5387364722429413,0.3938967320686549,0.005695089316283742,24.499948841515728,0.04081641175941873,0.017276271930773
69,1045,3328,256,15.53125,1,16,94.140625,-0.05087523190943862,0.20802307094590805,2.7054461920897483,0.24060097875722414,58.203125,0.0,58.203125,-6.696157425385945,-0.06696157425385943,0.0,10.026041666666668,1.171875,4.27546539979522,7.57541752273673,59.2558575971476,40.724483192518846,23.851650651792752,27.85820821492137,28.115882417517682,26.621858324389414,4.022557446339958,-0.7733279625046516,2.3261324949751887,-7.215262040188628,-7.98859000269328,1.1656885869195712,0.8578620492824613,0.006187423137057011,3.07538266347781,0.32516278766725754,0.023244165279852246
69,1046,3584,256,15.53125,1,16,94.140625,-0.028868820002099005,0.086008191963949,0.5043999583431099,0.13265141427724772,100.0,0.0,100.0,-4.88208241476611,-0.0488208241476611,0.0,14.388020833333334,0.0,6.170144976864968,7.032993987392642,63.59079640885374,49.5194083303717,29.32710686244314,36.30955664418971,36.156899039738214,36.466849880872346,7.2356995497032734,-0.30087633319753143,1.004390320884376,-9.702889923243514,-10.003766256441047,0.28160250935939624,1.0,0.005864932731506458,4.061732717368976,0.24620034590748724,0.01905422263496683
69,1047,3659,75,14.4,1,16,80.0,0.1615828123285988,1.2466967640294178,11.087380845734408,-0.7663720804231868,78.66666666666666,0.0,78.66666666666666,-4.277764100218811,-0.042777641002188116,0.0,16.666666666666664,0.0,7.2425338617969635,7.429285899171997,67.45657677133096,49.838769414931015,33.85783657239892,40.63446426233841,40.42299430494165,40.849821402336424,8.880706404186938,2.379520506097628,4.709008567784605,-10.736586717627569,-8.357066211529942,3.286406000448893,0.3042837676974206,0.006061519762879847,25.08376006366106,0.039866431406697427,0.017558311702949286
70,1048,256,256,15.53125,1,16,94.140625,-0.0732735611297094,0.07740449749865679,0.6050951715191176,0.34821530608013423,0.0,0.0,0.0,-3.701655707741769,-0.03701655707741769,0.0,0.0,39.90885416666667,0.007013636136587816,0.01781647274846838,10.287300143808778,2.3469840710318506,1.3588814699368192,1.1876313211227247,1.2696143984631372,1.2206799872560967,0.826194198713059,-1.0338031440011441,1.1000865161605407,-0.06817761743647427,-1.1019807614376183,0.2920651128276278,1.0,0.006080945019366646,0.10999800758549533,1.0,0.01563248557446701
70,1049,512,256,15.53125,1,16,94.140625,-0.0490942067115965,0.04911533769969886,0.25523803008516566,0.23134293117087915,0.0,0.0,0.0,-2.4895369351979095,-0.024895369351979096,0.0,0.0,3.6458333333333335,0.03433967782915521,0.05727887552464971,39.684857901442165,6.41015819264552,2.220634300812904,2.060402199991372,2.2112789684677834,2.133872219637984,1.0433785674272624,-0.7073987111436506,0.7144760738963422,-0.08653093306882495,-0.7939296442124757,0.2314725791001765,1.0,0.00509100173915313,0.21863620706846032,1.0,0.013881769501356759
70,1050,768,256,15.53125,1,16,94.140625,-0.044560364746656485,0.044577857775257065,0.21033985024063714,0.21321450575466225,0.0,0.0,0.0,-2.285397410855464,-0.02285397410855464,0.0,0.0,0.0,0.10104919001508897,0.16178008351004508,64.07578436002512,12.091119764611019,3.105776937864883,3.0564546679304736,3.2693501395472517,3.182929147683299,1.2330831450485058,-0.6421893920557707,0.6485982581546718,-0.15770261889783496,-0.7998920109536056,0.23443857028006515,1.0,0.004527948013491974,0.5044597872708269,1.0,0.012524252379210895
70,1051,1024,256,15.53125,1,16,94.140625,-0.05577712788441702,0.061640699847587806,0.40336393509191115,0.2606644362542949,21.484375,0.0,21.484375,-2.123955798023215,-0.021239557980232155,0.0,0.0,0.0,0.8137008290306806,5.573379274296615,90.30950260128218,24.07786476972441,5.878231301594101,6.926790555077458,7.126313693480591,7.329582151980466,2.033949595745292,-0.8106427029345553,0.8981803105077634,-0.9010135208286798,-1.7116562237632351,0.2924965425766893,1.0,0.004365334444810548,2.917655992113302,0.34274088607536113,0.013604748700478885
70,1052,1280,256,15.53125,1,16,94.140625,0.054173251529182426,0.07641917211863071,0.42062336241621634,-0.27098013931496545,100.0,0.0,100.0,-0.7731114008255526,-0.0077311140082555255,0.0,22.4609375,0.0,11.735192185254796,17.15879718524008,95.7674920050909,49.852780710971714,39.13638878774386,44.95667311358133,44.47215499683844,45.58637938148275,26.06794415873958,0.8186699743145637,0.917195030968023,-12.253836807829284,-11.435166833514717,0.2845946099925198,1.0,0.004517409564849033,6.484434494281462,0.154215452539753,0.010909317920696436
70,1053,1536,256,15.53125,1,16,94.140625,0.04060380656387083,0.08318148362337147,0.2575982637954884,-0.20215418843006244,100.0,0.0,100.0,-8.739193837339855,-0.08739193837339854,0.0,74.609375,0.0,19.961402179364015,22.26856753308436,70.03042495691459,49.99982956323109,49.37589357420323,49.90374872605763,49.87613683214026,49.91144993915808,45.107777616170026,0.5650057281710772,0.7177719189206114,-28.50389982874592,-27.938894100574835,0.5837064462576694,1.0,0.004953072671728093,3.85094378239384,0.25967660306336016,0.014110284128326158
70,1054,1792,256,15.53125,1,16,94.140625,0.046596087246564194,0.09111411398437749,0.5776087141435879,-0.23660955845658002,100.0,0.0,100.0,-17.08658214800137,-0.17086582148001367,0.0,74.8046875,0.0,19.16924685588764,22.77545519050873,52.94476587627753,49.99980218423099,49.37870117321808,49.87349644622424,49.8505509161144,49.86841149577501,41.08232706614068,0.6992012120872586,1.074810415044056,-36.20612262349549,-35.50692141140823,0.518854951743314,1.0,0.004971321127897615,4.463625035803218,0.22403315511022817,0.016282723549536575
70,1055,2048,256,15.53125,1,16,94.140625,0.03563569054346315,0.03898863797149862,0.16153662420774959,-0.16761448578998422,100.0,0.0,100.0,-13.022449328606633,-0.1302244932860663,0.0,66.66666666666666,0.0,16.198249517011767,17.7166285946737,55.56984547506326,49.99951495927393,48.88573785365219,49.736071903404195,49.69750760591137,49.725936008558435,34.193957447418555,0.5158051509245274,0.5683953275806366,-29.14935137669344,-28.633546225768917,0.11153592369778273,1.0,0.004437950163886202,3.513051547473612,0.2846528115191317,0.018347573617758184
70,1056,2304,256,15.53125,1,16,94.140625,-0.1009400367836401,0.1552040147761929,1.304903021408193,0.4690268361984785,100.0,0.0,100.0,-21.873652563781683,-0.2187365256378168,0.0,80.92447916666666,0.0,22.56887248105944,24.78031970760743,50.885636234798795,49.99996218983606,49.74278873573757,49.96401803746191,49.954149470147875,49.96594079825703,46.96554850278572,-1.4923897439331435,1.6154894127837502,-44.35214758231798,-45.84453732625113,1.0431914373861615,0.9585968252439047,0.008476680077107883,8.855738421024727,0.11292113118719316,0.012084816983377256
70,1057,2560,256,15.53125,1,16,94.140625,-0.25199233474159394,0.4035786953543594,7.057488670882929,1.1556348419679832,100.0,0.0,100.0,-42.65933271081288,-0.4265933271081288,0.0,83.33333333333334,0.0,25.53511474172037,26.411180868287293,37.724458940585464,49.999997363390754,49.91917519252321,49.992618803444714,49.98981623422355,49.99312994191058,48.86414263163683,-3.643976268656425,3.756990463358386,-67.68848502754452,-71.33246129620093,2.8460260033474127,0.3513671339699037,0.005852234556799148,23.069045720389596,0.04334813030935862,0.009108243473905809
70,1058,2816,256,15.53125,1,16,94.140625,-0.02255937319671944,0.24105011730529013,1.5357197234329718,0.11742197955630096,100.0,0.0,100.0,-37.034718681467155,-0.3703471868146716,0.0,83.33333333333334,0.0,22.30272689492643,26.38082082533376,39.393741758869844,49.9999818765326,49.817162346604704,49.97061335574257,49.96456881319994,49.96970080337224,45.48733723016193,-0.1309744883370919,1.7525522665147375,-56.614898456313256,-56.74587294465035,0.45458439483420465,1.0,0.00618496774655443,0.9904084562925982,1.0,0.0210963369741624
70,1059,3072,256,15.53125,1,16,94.140625,-0.08460711522833009,0.4035069759933138,3.7507002515144,0.37500415532368103,31.640625,0.0,31.640625,-17.13280115234119,-0.1713280115234119,0.0,19.791666666666664,0.0,7.598107660508099,17.795818112052107,50.52340937348523,49.72366219015255,34.94197834146763,38.77987368817007,39.39640416975457,37.600270643216014,8.740373041732202,-1.3175567322977524,2.7388684712904343,-15.038786484776695,-16.356343217074446,1.4479804592954415,0.6906170546573399,0.007245769254609393,26.891289951160662,0.037186762026521485,0.023333536630602083
70,1060,3328,256,15.53125,1,16,94.140625,-0.0019009042804349896,0.16648035486783003,1.6034761155288584,0.012430007261641784,78.515625,0.0,78.515625,-5.7931646799913095,-0.0579316467999131,0.0,12.5,1.4973958333333335,4.996484815786202,7.277399199213284,61.97297508500818,45.70379925010529,28.131033459915386,32.133216601292084,32.86873759668525,31.377925689567807,4.054468996380712,-0.03448301575069035,1.790796535360094,-8.06236074503852,-8.09684376078921,1.1101522766706287,0.9007773266916339,0.007367424913880774,5.718977570041859,0.17485642979933574,0.02342743314594134
70,1061,3584,256,15.53125,1,16,94.140625,-0.08782056118983697,0.13412347420502205,1.78507464642857,0.4280258717643385,77.734375,0.0,77.734375,-6.086366847239493,-0.06086366847239492,0.0,9.375,2.018229166666667,4.181550858843126,6.193851850821884,58.72933224232119,41.78216748305866,21.335271867835672,25.3975231486255,25.856931460771094,26.475258559218307,4.828284646250025,-1.2220233423767874,1.8894838694355505,-7.12003814650874,-8.34206148888553,0.8902445187119281,1.0,0.00927292100259075,9.370760197872126,0.10671492801908172,0.019475009847225798
70,1062,3722,138,15.130434782608695,1,16,89.13043478260869,0.07801933162339236,0.899818302405447,5.669791658177886,-0.46592114291795783,88.40579710144928,0.0,88.40579710144928,-4.886577470215704,-0.04886577470215705,0.0,16.666666666666664,0.0,6.590795644882673,6.951423059287661,63.58011919815896,49.734336944025955,31.589764725591376,37.42609793663438,37.7267822513198,38.683303582454954,7.5282100930215,1.1641522354706848,3.3674297789791807,-10.366126594291629,-9.201974358820944,2.300472594037891,0.43469328980127336,0.00727777822770314,13.006964610608291,0.07688188827579454,0.017525379058712917
71,1063,256,256,15.53125,1,16,94.140625,0.009440865227564113,0.029514188896205974,0.051563477332005295,-0.04411072600082741,92.1875,0.0,92.1875,-0.6059365829743095,-0.006059365829743094,0.0,0.0,0.0,1.2088804476673602,2.7293253833221507,88.0220763511016,35.58944149592111,7.957606712178593,9.364038176596463,9.812550413200805,9.66192543505413,2.1138052367673934,0.18284823926719124,0.3211338578599438,-1.373383244045948,-1.1905350047787566,0.10904639548466047,1.0,0.006594950539458663,1.0853886756084559,0.921328941855241,0.016673682297314595
71,1064,512,256,15.53125,1,16,94.140625,0.009251522608714063,0.009371120874255299,0.009363659731187815,-0.04441212068393316,100.0,0.0,100.0,-0.02309300942156138,-0.00023093009421561384,0.0,0.0,0.0,1.2034936110958618,1.5238984948181005,99.91890988606308,36.534283508351876,8.006979768666683,9.298232239848165,9.81177931049244,9.672942877635398,2.102350367168624,0.1344117930378837,0.13684779670267122,-1.2044703174486173,-1.0700585244107335,0.02590909635768525,1.0,0.0059602084897533774,0.7066550594668106,1.0,0.0169470765816177
71,1065,768,256,15.53125,1,16,94.140625,0.015076922244631134,0.015217038628677666,0.024714534701349856,-0.07156689859561405,100.0,0.0,100.0,-0.02210837742940721,-0.00022108377429407207,0.0,0.0,0.0,1.8403838060089441,2.221350465313127,99.93997366357348,41.54189837457429,10.262944871330946,12.280757578130036,12.879392537631556,12.83574469537148,2.487776681299121,0.21898871815836599,0.22232649280438826,-1.8414891845020913,-1.6225004663437255,0.03333798346671332,1.0,0.005340228905527426,1.3797391129170427,0.7247746988094013,0.01891135223569282
71,1066,1024,256,15.53125,1,16,94.140625,0.005698664500701542,0.024079038989490938,0.05955354304070823,-0.029718544142161765,100.0,0.0,100.0,-0.025385013741953268,-0.0002538501374195327,0.0,1.4322916666666665,0.0,3.2408056077310854,8.770322873941248,99.88120488350037,45.44510075482667,15.201907390518185,18.880404049791547,19.384618980117054,19.74738109587866,4.093929581907257,0.07699452645613203,0.3451189448312226,-3.244660105483411,-3.1676655790272785,0.07425230304316169,1.0,0.0048987530971906735,0.4922618857738034,1.0,0.01918568096602079
71,1067,1280,256,15.53125,1,16,94.140625,0.04748635943871607,0.08150375565712188,0.3262388306808272,-0.2286006712902143,100.0,0.0,100.0,-2.9984682136801775,-0.02998468213680177,0.0,40.49479166666667,0.0,15.379472880842542,19.557415463745134,85.23747614147885,49.98717398905451,46.13566269850584,48.738265818707504,48.59580239442087,48.9460397550639,36.29810173121637,0.711772608900499,0.8077608936818211,-18.043088060603047,-17.331315451702547,0.28171407479895444,1.0,0.004348434143643095,5.508259068842625,0.18154556412505782,0.02117871124530449
71,1068,1536,256,15.53125,1,16,94.140625,-0.01578977630009805,0.10339111954611546,0.17107123323526097,0.07700010801252027,100.0,0.0,100.0,-15.733188684438739,-0.1573318868443874,0.0,80.53385416666666,0.0,21.621146675593792,23.433467156396976,58.22070059276228,49.99995122789846,49.65952235384375,49.951061610294424,49.93894705458366,49.95797135394805,46.96744777812427,-0.2569686023278397,0.5849294542682236,-37.136527825090496,-37.393496427418334,0.5534737983210154,1.0,0.005724751532853648,1.523218750009077,0.6565045237225716,0.0176573762564454
71,1069,1792,256,15.53125,1,16,94.140625,0.02640142844473417,0.09754207752701617,0.4754600128574732,-0.11720177789843444,100.0,0.0,100.0,-21.152362726110105,-0.21152362726110102,0.0,73.56770833333334,0.0,19.06480167186195,23.557527759949835,47.46909319986165,49.999809068055754,49.3997972118831,49.86114674243893,49.84603176756862,49.86679778752948,40.77867062660533,0.47258772692300416,0.9751512835016659,-40.16255712236254,-39.68996939543953,0.15032186512268125,1.0,0.004794515612734498,3.0380828921284015,0.32915494260903005,0.01963494859833704
71,1070,2048,256,15.53125,1,16,94.140625,0.0035139154002994805,0.030275579721028196,0.08513407832853455,-0.014961960910718164,100.0,0.0,100.0,-15.63977269920492,-0.15639772699204924,0.0,66.66666666666666,0.0,16.759585210875557,19.450797736844912,51.84552952763903,49.99961074559458,49.04510705932202,49.75548024962744,49.73379057471688,49.76662362329665,36.08232873236854,0.048534872577615656,0.412635622137824,-32.32599871883065,-32.27746384625303,0.19991426129746204,1.0,0.004503202158827072,0.4375260177098639,1.0,0.02086413767347217
71,1071,2304,256,15.53125,1,16,94.140625,-0.15695189151552338,0.22547180171093079,2.770843693431992,0.7559712777095573,100.0,0.0,100.0,-28.261685776475645,-0.2826168577647564,0.0,83.07291666666666,0.0,23.670896874536574,25.292066376003685,45.68868118810845,49.999985591907965,49.82993112642039,49.978118270504226,49.97260057512064,49.981152484962436,48.13656967154283,-2.2573978103337655,2.3540788828890133,-51.80910514155415,-54.06650295188791,1.0011832170305859,0.9988181813174064,0.0037892594618386326,13.288819069750033,0.07525123148650185,0.017751303956444208
71,1072,2560,256,15.53125,1,16,94.140625,-0.2637515382746053,0.46575064896272783,7.838800402595675,1.2389842420786534,100.0,0.0,100.0,-47.2683681178012,-0.47268368117801207,0.0,83.33333333333334,0.0,25.815249484219244,26.42562321373891,35.579306730902566,49.999997622534394,49.92464908131555,49.99239399015036,49.99009555702394,49.993464232870764,49.03841376723513,-3.7942117673397853,3.9594950189628157,-72.55692102004139,-76.35113278738118,3.7220047270064005,0.2686724153637219,0.007664459212953951,23.995091932338653,0.04167518936038251,0.01695292402206477
71,1073,2816,256,15.53125,1,16,94.140625,0.055038127951548776,0.2535660333844439,2.1107104538253547,-0.27230310355170617,92.1875,0.0,92.1875,-32.2007450544105,-0.322007450544105,0.0,78.77604166666666,0.0,20.170428592757354,25.562197868999554,42.26151942504836,49.99983925344105,49.61905747064864,49.88983763278729,49.887345911664255,49.886422370920116,41.25949311927969,0.7783023893322268,2.054609672821266,-47.72764649063318,-46.94934410130094,0.8113766280857378,1.0,0.008701238259159355,16.47882096122198,0.06068395319988023,0.019549944429361487
71,1074,3072,256,15.53125,1,16,94.140625,-0.12550862374918206,0.338284179555466,2.837825559067413,0.5755709534723064,24.21875,0.0,24.21875,-13.573941922431317,-0.1357394192243132,0.0,6.705729166666667,0.0,5.214945131840481,11.125543001493737,51.444317773264416,49.481355953901755,29.61266713187397,33.00482250626165,34.344240694733934,32.15118644441262,3.9689459588344107,-1.8352149688726351,2.3823625077084354,-10.137067333315255,-11.972282302187889,1.1796463111339741,0.8477117171152062,0.008291420112397415,32.631893053899205,0.03064486630758032,0.017105990933310503
71,1075,3328,256,15.53125,1,16,94.140625,-0.05169829521495145,0.15401857491422138,1.6362650779525436,0.24609857731043022,50.390625,0.0,50.390625,-5.488216247588518,-0.05488216247588518,0.0,2.994791666666667,6.380208333333333,2.614316395209472,5.366521978014744,70.09273940536737,31.704596092409194,16.503746693729894,18.162057854354714,19.1956995468604,18.066518086217194,2.2496204376091553,-0.7872798479825283,1.8090135864346313,-3.7297962918671153,-4.517076139849643,0.6748240604836854,1.0,0.007150449986349023,2.1670508927202095,0.4614566290802434,0.020951866708513768
71,1076,3584,256,15.53125,1,16,94.140625,-0.1418467283141002,0.16319569307922568,2.7810853432624683,0.6540098974978883,39.0625,0.0,39.0625,-8.650238850928426,-0.08650238850928427,0.0,0.0,1.3671875,2.7059930513718635,3.6434609641655236,45.13457621750182,42.02614855300865,14.9001181225522,16.901305739536426,17.943624452835003,19.07363390086616,3.164051218866818,-2.031379015403476,2.358425467663741,-5.995388188274518,-8.026767203677993,0.5575645185196039,1.0,0.006216769445037136,25.636727889024556,0.03900653797663914,0.017529782946636853
71,1077,3690,106,14.867924528301886,1,16,85.84905660377359,-0.004133271759799772,0.8113980234582618,4.589338893141506,-0.06514772547495876,84.90566037735849,0.0,84.90566037735849,-7.748389093458752,-0.0774838909345875,0.0,0.0,0.0,3.9631419839356274,4.293314168927789,49.43017387052143,48.37045471960148,20.277063589687106,23.53867117597278,24.711858995695863,26.25713464630293,4.18748033167558,0.0337194817270721,3.029633275873998,-8.017657381333061,-7.983937899605989,2.6563266892076087,0.37645971937973616,0.006862825247418495,0.32257627579161857,1.0,0.016418214135981372
72,1078,256,256,15.53125,1,16,94.140625,-0.03375242942250344,0.047904622107289414,0.17400403610709478,0.165586494976843,0.0,0.0,0.0,-2.095783148039797,-0.020957831480397964,0.0,0.0,0.0,0.17395268606506217,0.8076875561912218,50.65396126832002,13.250735693249547,3.4466702901435196,3.3230309315405,3.609398596819994,3.6010652637531093,1.2309546851583755,-0.4363429385400682,0.5899220899527238,-0.34341378583130794,-0.7797567243713761,0.06869634818157443,1.0,0.006094201930484454,1.3197359523004282,0.7577273304231068,0.01759710517801856
72,1079,512,256,15.53125,1,16,94.140625,-0.016571882312704858,0.016578202972080534,0.029106601460319084,0.0800615482708894,0.0,0.0,0.0,-0.8639183512444284,-0.008639183512444283,0.0,0.0,0.0,0.07907192269938391,0.1213466407199764,79.87959917221859,10.647990904101682,3.0124730916895777,2.7729392460332214,3.03474266136825,3.016512494821632,1.1488759278249745,-0.2388808509758652,0.24127412401796874,-0.09898888266690806,-0.33786973364277323,0.03524613261878848,1.0,0.005456823673043337,0.1402739088646178,1.0,0.015980951191157708
72,1080,768,256,15.53125,1,16,94.140625,-0.014555813609326698,0.014572398988327533,0.02245579494927948,0.06795452189362061,0.0,0.0,0.0,-0.8042830698062018,-0.008042830698062017,0.0,0.0,0.0,0.20236295319412373,0.3045908357046221,90.28059994595752,17.670238557468736,4.112895277596571,3.9929207344452964,4.3511954655736265,4.388996751070614,1.346645935231516,-0.20959928440214226,0.21192354729609203,-0.22414887951039245,-0.4337481639125348,0.03366486775406302,1.0,0.0048908114284756405,0.28993591579268047,1.0,0.014781353875363838
72,1081,1024,256,15.53125,1,16,94.140625,-0.027702244087733086,0.038275448392538484,0.1552043382835244,0.12932263986325976,33.984375,0.0,33.984375,-0.7564697732716932,-0.007564697732716932,0.0,0.0,0.0,1.093568882569477,6.257897677286584,96.83526767853408,29.295619463446577,7.387020488437951,8.393107418878703,8.80801297660841,9.30137878548836,2.2533752584848,-0.4059293116856817,0.5571433177980768,-1.129308472817795,-1.5352377845034766,0.11005469878152235,1.0,0.004392542627913218,2.0746543276037017,0.48200800812684536,0.016431321344414933
72,1082,1280,256,15.53125,1,16,94.140625,0.05413167405503157,0.07413965963354366,0.39248483966928777,-0.2539557232301596,100.0,0.0,100.0,-1.3413368968467119,-0.013413368968467117,0.0,27.278645833333332,0.0,13.050869253419947,17.847837349685847,92.00801142491451,49.924301204148605,42.018413740170715,46.4884610112591,46.24576391700218,47.16526558302557,30.052571543731155,0.8160327882458115,0.8859851462290863,-14.184492253775575,-13.368459465529764,0.18618694876104355,1.0,0.0038660635652264003,6.454760399968192,0.1549244182642206,0.011808848972802424
72,1083,1536,256,15.53125,1,16,94.140625,0.013570511439450733,0.08765339032808915,0.14223650159726475,-0.06853367368730498,100.0,0.0,100.0,-11.481593068586207,-0.11481593068586204,0.0,75.78125,0.0,20.493138299634467,22.481739969055717,64.53736141738318,49.99986515081783,49.454956270724836,49.90874442846305,49.89039581545202,49.9254509030201,45.84163318222425,0.18855345869772,0.5333601064895364,-31.7539140887694,-31.56536063007168,0.21655014108139123,1.0,0.004184913265547296,1.4219753677741716,0.7032470622647334,0.014202088538169578
72,1084,1792,256,15.53125,1,16,94.140625,0.03864600652939336,0.08808806925263223,0.5372075843787785,-0.17422049681222684,100.0,0.0,100.0,-18.662192922612345,-0.18662192922612345,0.0,73.6328125,0.0,18.66859867907705,22.927513668262122,50.095907139078754,49.999677574466894,49.26008788835777,49.81177735075571,49.796598874441074,49.82694057856678,39.42940925947937,0.5787922339219469,1.0365399986288792,-37.26571639325415,-36.6869241593322,0.10599514293837975,1.0,0.003975059927755512,3.7908285936734463,0.26379457031344294,0.016571586984047103
72,1085,2048,256,15.53125,1,16,94.140625,0.01714749456136852,0.028993698244767472,0.07951894387191225,-0.07987717462519171,100.0,0.0,100.0,-13.927290504384919,-0.13927290504384918,0.0,66.66666666666666,0.0,15.833325133753917,18.157640928771663,53.369493870083964,49.99927236172121,48.731985082017985,49.638219709438104,49.61589979443737,49.66699064723068,32.50693042510185,0.2472315121549376,0.3987955462938678,-29.667369850455373,-29.420138338300436,0.06837553233798409,1.0,0.003538563056835714,1.7482355498235784,0.5720052999156287,0.018412589572806386
72,1086,2304,256,15.53125,1,16,94.140625,-0.1282371546000391,0.18590895175339078,1.9575195008259074,0.5898080451511494,100.0,0.0,100.0,-24.493338774595728,-0.24493338774595724,0.0,81.77083333333334,0.0,22.911531145518666,24.970246733419287,48.444293165112505,49.999964056358344,49.75359605452323,49.96333996568884,49.95594708203589,49.96920426753398,47.40311003322736,-1.8798757299621653,1.9786457494083711,-47.29459271379888,-49.17446844376105,0.3294709399310371,1.0,0.0038025367729577157,11.264265121262834,0.08877631955877564,0.0129812504285333
72,1087,2560,256,15.53125,1,16,94.140625,-0.2715797419333118,0.4499854382092885,8.031800166653671,1.3404047678774227,100.0,0.0,100.0,-44.80852770636633,-0.4480852770636633,0.0,83.33333333333334,0.0,25.660872486789415,26.422949199174273,36.68554846463729,49.999996813656175,49.91382944479689,49.9911438369585,49.9887048377594,49.99260372960198,48.93609859135491,-3.940094754585416,4.007942156931327,-69.94817730890676,-73.88827206349217,2.3007956168872816,0.43463226053641735,0.00881138990474753,25.153429868176183,0.03975600962734661,0.010684185753987989
72,1088,2816,256,15.53125,1,16,94.140625,0.0270997832580053,0.18468045123665947,1.5726419657552222,-0.12726257378777162,100.0,0.0,100.0,-34.89583672654341,-0.34895836726543406,0.0,81.4453125,0.0,21.046882382902034,26.059410363591716,40.5911843720165,49.99994201579666,49.72242515978212,49.93636861044514,49.93183192758315,49.93927159278272,42.86933496303165,0.4298630140948091,1.7734948354902094,-51.8508703515725,-51.42100733747769,0.8720289530189341,1.0,0.00750435148721521,8.475475993172122,0.11798747360096402,0.015120351167698222
72,1089,3072,256,15.53125,1,16,94.140625,-0.121070453325557,0.38373155441696616,3.4249355689397816,0.5611702209987152,14.0625,0.0,14.0625,-15.39913389541795,-0.15399133895417952,0.0,9.049479166666668,0.0,5.906340627383326,14.48979202376223,51.99315041651099,49.497847585215254,31.449635932924238,34.69127714125784,35.76580851313366,34.07609023265128,5.025584491113353,-1.7871276192072487,2.617225847702021,-11.35984371031247,-13.146971329519719,2.747911786860253,0.3639127008303981,0.00779516146160998,31.573461805249497,0.031672168423221084,0.018093698017773836
72,1090,3328,256,15.53125,1,16,94.140625,-0.03403216299968158,0.13658777291124552,1.1705938928033175,0.1605337252063108,57.03125,0.0,57.03125,-4.8284904017834265,-0.048284904017834265,0.0,0.5208333333333333,5.2734375,2.698092260588742,4.977403978508944,70.59277851904338,34.93420591814991,17.535395412893948,19.420890319114804,20.45138312667674,19.46694701066594,2.1491388722895604,-0.5079462092492488,1.5300940446935394,-3.822051372947297,-4.329997582196546,0.9724603016696126,1.0,0.006233506266614911,2.531776372810144,0.3949795924866976,0.016506093162552863
72,1091,3584,256,15.53125,1,16,94.140625,-0.15585519807345766,0.1743285188576824,3.1882536296669723,0.7352116488666889,11.328125,0.0,11.328125,-9.012985801143845,-0.09012985801143844,0.0,0.0,3.125,2.2358232912713647,3.3599022129722265,42.37804232457242,37.2249752043654,12.97249115404872,14.740465479177846,15.497978064407683,16.94978796008305,2.649110396620551,-2.237127524280812,2.5251746987751056,-5.275900368750513,-7.5130278930313255,0.44970597452440486,1.0,0.0063299542050784564,24.78802621017482,0.040342058359996685,0.015723195631567904
72,1092,3715,131,15.083969465648854,1,16,88.54961832061069,-0.02467064535645559,0.74063946403219,4.033370258240588,0.180944896758007,87.78625954198473,0.0,87.78625954198473,-8.061041649862371,-0.08061041649862373,0.0,0.0,0.0,3.789822806112123,4.201121448982804,47.25734056001247,48.169341123686166,19.820315895008783,23.29197091718725,24.202371882344398,26.354019252961198,3.8396230739735984,-0.28179351823884713,2.8402007880572766,-8.019543125367786,-8.301336643606632,6.420395926139051,0.15575363443378124,0.009091808555399447,5.140037391999845,0.19455111388030735,0.01791383031055442
73,1093,256,256,15.53125,1,16,94.140625,-0.15554309929102084,0.1631130732880228,2.6962997387811853,0.7367656458003793,0.0,0.0,0.0,-7.914268796997252,-0.07914268796997254,0.0,0.0,65.55989583333334,0.004455630509015966,0.020666878271264476,2.85919707609037,1.8880027817722493,1.2415132085898182,1.049608989685111,1.1090697238615634,1.1335344121940862,0.7480380244738157,-2.1984811601671694,2.322197122890813,-0.15583502607342264,-2.3543161862405917,0.5204217342202697,1.0,0.0064978238580197965,0.8058419093523617,1.0,0.02109342770518124
73,1094,512,256,15.53125,1,16,94.140625,-0.11558719899186587,0.11562760340714222,1.415557150454203,0.5300188073174359,0.0,0.0,0.0,-5.820897711791167,-0.05820897711791167,0.0,0.0,68.88020833333334,0.0011372373732668982,0.0019270922356688079,1.362143538244852,1.1315941151553073,1.0525095082259615,0.8751090690932982,0.919974754799761,0.9327830584906724,0.7069027925377498,-1.6660563043762016,1.6825915430990392,-0.08348880579298203,-1.7495451101691835,0.20011091518128854,1.0,0.0061687384562273085,0.12617455956870113,1.0,0.019375454048696807
73,1095,768,256,15.53125,1,16,94.140625,-0.10493367604026402,0.10497556555904392,1.1663379030497456,0.5171487362295459,0.0,0.0,0.0,-5.2892499219358005,-0.052892499219358007,0.0,0.0,16.666666666666664,0.004058539586775583,0.006989723277882688,4.622490843177114,2.064186123287791,1.3940949509833476,1.169807052056837,1.2383146428148692,1.2786209631565502,0.7899689287667114,-1.5122187345692146,1.5273099901786444,-0.08779984048569975,-1.6000185750549143,0.45342438756007053,1.0,0.006281631500937143,0.16839612505860851,1.0,0.018030991703036712
73,1096,1024,256,15.53125,1,16,94.140625,-0.10684824384684607,0.10964459812122865,1.255586972889558,0.4906901150295862,0.0,0.0,0.0,-4.842946336088531,-0.04842946336088531,0.0,0.0,12.5,0.1868625175798832,2.8734536348894557,62.2141703301079,8.013412139248308,2.623003106318891,2.6491784947291803,2.7422182963090216,3.0803892105821395,1.14527720303639,-1.544997280988828,1.5846684024675686,-0.30035362778028246,-1.8453509087691105,0.4933001045273958,1.0,0.00471481973072252,1.6845690177125183,0.5936236446743531,0.02061149656292915
73,1097,1280,256,15.53125,1,16,94.140625,0.017060610997328494,0.08247426430644464,0.2162220832245066,-0.08253335495213332,100.0,0.0,100.0,-1.1386128109662652,-0.011386128109662653,0.0,7.486979166666667,0.0,8.129912715999922,14.334276758427213,96.70364253921719,48.79715601466851,27.542182755888867,35.26538577813628,34.63428003242875,37.800733622561914,15.866450714264584,0.3119868493647873,0.6576048710654546,-8.407038765580022,-8.095051916215237,0.41459632779598404,1.0,0.004001973612793357,2.551777685664838,0.3918836682434037,0.01678014182882053
73,1098,1536,256,15.53125,1,16,94.140625,0.05729822269278395,0.08380355241702185,0.3980057781068951,-0.2698029780775669,100.0,0.0,100.0,-5.67065584451511,-0.0567065584451511,0.0,59.505208333333336,0.0,18.174567699913503,20.789501215134887,76.84201293299229,49.99908228903934,48.637839056103104,49.726518081643405,49.68059307847919,49.791656108384736,42.03965242823584,0.833956133715952,0.8921947972353292,-23.651863097030102,-22.81790696331415,0.32498011593054565,1.0,0.004043768497245257,5.937114141741814,0.16843199846358736,0.017446385949318816
73,1099,1792,256,15.53125,1,16,94.140625,0.056935644254213866,0.09130791626212648,0.6636440702232079,-0.26580206593587125,100.0,0.0,100.0,-14.222391912471593,-0.14222391912471594,0.0,63.671875,0.0,18.104855340856673,21.689447382171114,56.1282852564781,49.999430410144704,49.01820295067041,49.755474615498855,49.73479745727785,49.788533695762496,37.76164261034155,0.8583920509311205,1.1520799192965807,-32.25620604322147,-31.397813992290352,0.22494415885099592,1.0,0.0038022580920649422,5.6075150495620445,0.17833211166826946,0.018858988598125962
73,1100,2048,256,15.53125,1,16,94.140625,0.04033905917143592,0.04183188254923444,0.18757892930137957,-0.1953688475117344,100.0,0.0,100.0,-11.14565539379506,-0.11145655393795059,0.0,29.622395833333332,0.0,14.512653336964995,15.231783332762308,56.80301332592234,49.9984181128949,48.09494427855702,49.43879069238922,49.40528552635872,49.51079414919536,26.678052725657082,0.5853541268374429,0.6125013131437018,-25.549090597878674,-24.96373647104123,0.21366847023516247,1.0,0.003606823067078583,4.1489101739467955,0.2410271512455318,0.019953816233536183
73,1101,2304,256,15.53125,1,16,94.140625,-0.07489710292124824,0.11948662658742963,0.7795717505504136,0.35830355193039953,100.0,0.0,100.0,-17.913455810459233,-0.17913455810459233,0.0,78.19010416666666,0.0,21.05030253637824,23.937115143613134,54.15308027984485,49.99983560231064,49.4919071865434,49.90784577774614,49.894835849366125,49.92615183424969,44.611430058799115,-1.1071948862971475,1.2486566786354154,-38.871847044706186,-39.97904193100334,0.6022401276541898,1.0,0.002928081019216291,6.879821216267321,0.1453526143434516,0.013712272174435021
73,1102,2560,256,15.53125,1,16,94.140625,-0.2363784589345465,0.3544006859871901,6.306576990804301,1.1651755029180104,100.0,0.0,100.0,-39.2144994139794,-0.392144994139794,0.0,83.33333333333334,0.0,24.949481415005025,26.01739539587948,39.221103704357134,49.99999440808794,49.87919292098747,49.98791004560288,49.98503999904894,49.99080078904924,48.536738681994365,-3.456456907237974,3.551500243785519,-63.61238990893912,-67.0688468161771,1.9919152104534548,0.5020294010267397,0.004404419715826806,22.64766491140152,0.044154662474565745,0.010656375253307102
73,1103,2816,256,15.53125,1,16,94.140625,-0.07178862479538592,0.2776346957903189,3.2247226935345874,0.3407984685373735,100.0,0.0,100.0,-39.655620899188165,-0.3965562089918817,0.0,83.33333333333334,0.0,22.581505761354897,26.285945162589314,38.11872383996867,49.99997759048971,49.799019906360904,49.967625173629564,49.963485186833005,49.97311350885115,45.24133151959957,-0.9565679167995537,2.5395758281786303,-59.239931158654066,-60.196499075453616,1.0385487891754936,0.9628820623765807,0.00682644209102399,10.626654032013795,0.09410299770627763,0.011947181471645625
73,1104,3072,256,15.53125,1,16,94.140625,-0.10618463646265687,0.4047616792615246,4.273489719564752,0.5506503055611998,19.921875,0.0,19.921875,-19.77672299839532,-0.1977672299839532,0.0,23.697916666666664,0.0,8.415123133423968,18.634856938240304,50.01474182186354,49.695674006239145,36.46323747573047,39.98258503237287,40.414061559526125,39.65212475281402,10.23660757710754,-1.5962203923361014,2.923521752805938,-16.825285559597482,-18.421505951933582,0.6721877735507181,1.0,0.007523444430990921,31.22060162709082,0.03203013228073983,0.019066102743733934
73,1105,3328,256,15.53125,1,16,94.140625,0.0021327691608755057,0.150858491564044,0.7678859118213129,-0.023761830629083866,80.859375,0.0,80.859375,-5.5052999455639124,-0.055052999455639136,0.0,7.486979166666667,0.4557291666666667,4.501399870726165,6.139196510229181,59.80294241608261,47.9462506537272,27.226335856592137,31.724794897644323,32.396521074469696,32.00046647679485,3.155214513904644,0.07167267330014777,1.2392626128640474,-7.527054169688511,-7.455381496388363,0.7592580941710095,1.0,0.006860208081378978,3.191032537055192,0.3133781897826835,0.019079717391327265
73,1106,3584,256,15.53125,1,16,94.140625,-0.12576689394637872,0.15744373597727696,2.539897355979679,0.5825748971474997,62.109375,0.0,62.109375,-7.319689850966287,-0.07319689850966288,0.0,0.0,4.8828125,2.774849302314121,5.067365501694514,50.7447655691844,34.39632095768168,15.492166387459676,18.706788739332907,18.938204544821502,20.704187779176156,3.1766571831899557,-1.7895584781602718,2.2538399925370385,-5.468247357515026,-7.2578058356753,0.5542805193636786,1.0,0.0068819214483372085,11.972412128803038,0.08352535723308555,0.018123505693423463
73,1107,3758,174,15.310344827586206,1,16,91.37931034482759,0.03721041749321891,0.767473585074559,4.058567136282467,-0.21903281053988882,90.80459770114942,0.0,90.80459770114942,-5.71514403280834,-0.05715144032808339,0.0,7.088122605363985,0.0,5.602561170592693,6.078856031134116,57.05751423367145,49.47049150154087,27.89793415535865,34.1141259111756,34.26432757903402,37.010533834513346,5.8167667773015115,0.5736471939352755,2.84905848879326,-9.819146953454984,-9.24549975951971,2.8972519342987475,0.3451546578195798,0.007867234206627818,6.627002779768214,0.1508977788651201,0.015055271512114313
74,1108,256,256,15.53125,1,16,94.140625,-0.007853975239219262,0.008641525394697076,0.007896540212265378,0.03736064666640296,100.0,0.0,100.0,-2.246666279695096,-0.022466662796950962,0.0,0.0,0.0,3.896156879289664,4.318839364067244,95.84674125078794,47.81230066633933,18.260897048429612,24.375803366744996,24.360915231167994,25.417464769359945,3.747383134033731,-0.11242143442002464,0.1256705232921816,-4.064986277514818,-4.177407711934842,0.05732250469518353,1.0,0.007096126451375233,0.8472782421014485,1.0,0.014485998465386654
74,1109,512,256,15.53125,1,16,94.140625,0.0028120974432845752,0.003931465682471401,0.0016293206471193482,-0.013413307700840295,100.0,0.0,100.0,-2.171979063328223,-0.02171979063328223,0.0,0.0,0.0,4.735298720275185,5.118009409545446,95.9847060157685,48.77672042290632,22.01569093217026,28.979247541627213,28.948109928511737,30.16969055311764,4.541948077386488,0.04251809387501069,0.05708451010772271,-4.933388783310191,-4.89087068943518,0.007528321305423971,1.0,0.006381065442486026,0.32545528761060083,1.0,0.012516338386138985
74,1110,768,256,15.53125,1,16,94.140625,0.012466362225792098,0.012760993197969505,0.0174330331850417,-0.05908119516151729,100.0,0.0,100.0,-2.0960878161305754,-0.020960878161305752,0.0,0.0,0.0,5.515654583587041,5.892916510432478,96.02047933908487,49.28630686623349,25.62693072482251,33.00394347796163,32.966123795833525,34.245970684514425,5.431534179491221,0.18182076936717084,0.18672457355710684,-5.744248124516401,-5.562427355149231,0.03774950106279385,1.0,0.0057309616974337,1.3974716411170025,0.7155780271867969,0.011262784971397502
74,1111,1024,256,15.53125,1,16,94.140625,0.0034830469847171655,0.03542207431331047,0.08183661882998736,-0.019061563933497554,100.0,0.0,100.0,-2.0572975715492,-0.020572975715492006,0.0,13.28125,0.0,6.931787401618033,12.172728481353898,94.97906174894342,49.62049380670464,30.701806056890426,37.88324448500748,37.8068912765286,39.021750817857836,8.507906911670306,0.04447368133934175,0.4045654924236306,-7.298226865980958,-7.2537531846416154,0.06151278618943244,1.0,0.005238640294463903,0.4030207023782605,1.0,0.010897981780415083
74,1112,1280,256,15.53125,1,16,94.140625,-0.02382904868832486,0.10993703283777684,0.1520170020027266,0.11518858964354467,100.0,0.0,100.0,-10.045302380860873,-0.10045302380860872,0.0,62.3046875,0.0,18.645298594938538,21.963191875770757,66.79118451349295,49.99866125706096,48.5851251174291,49.70981996330389,49.67066753643377,49.78004016196195,43.042447340665085,-0.2894065521362663,0.5513927855943105,-27.915807648495694,-28.205214200631957,0.5614683720886136,1.0,0.006113471336791928,2.22328556393531,0.44978477628845726,0.013023472313217946
74,1113,1536,256,15.53125,1,16,94.140625,-0.10427586512966647,0.2103301229131845,1.2833441721294478,0.4961208752704947,100.0,0.0,100.0,-26.518982544091855,-0.26518982544091857,0.0,83.33333333333334,0.0,23.312921389604185,24.444363601038308,46.96692114669515,49.9999809235096,49.77647005612961,49.9747788206745,49.97001743878057,49.98112114534825,48.16066094959202,-1.502847033027778,1.6020887441895644,-49.63689511771331,-51.139742150741085,0.8899441250099738,1.0,0.006338968199471771,9.016355243573408,0.11090956079096047,0.016486290559349432
74,1114,1792,256,15.53125,1,16,94.140625,0.021998689950388756,0.08429968629704959,0.4659866194096002,-0.10311277511369159,100.0,0.0,100.0,-24.614981599413195,-0.24614981599413194,0.0,71.74479166666666,0.0,18.676164628308392,24.207253852793677,43.196525156185565,49.9997612293778,49.337865001475095,49.85534099740305,49.845949121363724,49.877859886060406,39.89136290491267,0.3423193350943051,0.9653876106617488,-43.23534025197868,-42.893020916884375,0.2432556901803514,1.0,0.006571255680050749,2.1013998225313406,0.475873267560955,0.012899322848055977
74,1115,2048,256,15.53125,1,16,94.140625,-0.04436452266215174,0.0919287660443038,0.6087036496169923,0.20613089219288785,100.0,0.0,100.0,-18.6801460407752,-0.18680146040775197,0.0,68.81510416666666,0.0,17.723673342118087,22.938223561603294,48.76659925477169,49.99964875828031,49.16093616067138,49.8094929192668,49.79787960653364,49.8406377908878,38.402636866210884,-0.6530471079213954,1.103361817009264,-36.34387800864312,-36.99692511656451,0.540751576852698,1.0,0.007579775929665914,4.2196108161812695,0.2369886806065674,0.015449841929286614
74,1116,2304,256,15.53125,1,16,94.140625,-0.2081857575326779,0.3153735553391709,4.775869370569941,0.9759734903313659,100.0,0.0,100.0,-35.41175197111862,-0.3541175197111862,0.0,83.33333333333334,0.0,24.704624214107447,25.827767210309922,41.203605807504395,49.99999188579994,49.85962109928582,49.98548033083465,49.98275672058783,49.98927153843714,48.79727211492184,-3.020913000784771,3.0905887369787464,-59.957432680826216,-62.97834568161099,0.4295113670932398,1.0,0.008132153909439938,17.67504077858469,0.05657695574946639,0.018065415582133433
74,1117,2560,256,15.53125,1,16,94.140625,-0.17699558246562902,0.45604608318494055,7.122003465670681,0.8485032233603094,100.0,0.0,100.0,-48.56323911541034,-0.4856323911541034,0.0,83.33333333333334,0.0,25.74130467427854,26.559931570514326,34.936410246159845,49.99999619727951,49.90744695314818,49.990771205615346,49.98912514602496,49.99312377187792,49.010081506519995,-2.5431585505067886,3.7741233328206647,-73.6804511193533,-76.22360966986008,3.185482005548714,0.31392423446691087,0.008336075995363469,15.142509707358919,0.06603925104396813,0.020588787201881877
74,1118,2816,256,15.53125,1,16,94.140625,0.0020835803673622116,0.2842703269677178,1.648347455657111,-0.006092586844201775,73.4375,0.0,73.4375,-27.11366113289938,-0.2711366113289938,0.0,64.77864583333334,0.0,16.960508275300654,22.15557268151222,46.096292549732595,49.988745531555054,48.05360853574492,48.98684405705535,49.04598698486368,48.97354661271534,33.131312439033096,-0.013556757382805984,1.8156802888488441,-36.79364941768846,-36.807206175071265,1.5248029463040844,0.6558224473686022,0.008114441637539226,8.171988842296706,0.12236923217811857,0.0210377724020878
74,1119,3072,256,15.53125,1,16,94.140625,-0.09230344357959662,0.29420850200883963,2.216195470188526,0.4353598532851277,47.265625,0.0,47.265625,-10.122571711453533,-0.10122571711453535,0.0,3.125,0.0,4.484223762640196,6.881351112072526,49.92228544796366,49.36487233276881,28.071741979263376,32.70178114824395,33.61901910470428,32.73375419957394,3.0972449812115244,-1.250608969639318,2.105324426395384,-8.982408802806741,-10.233017772446061,2.0962429980465336,0.4770439309430678,0.007773970961350711,23.629451094506894,0.04232006896818981,0.02278463981461818
74,1120,3328,256,15.53125,1,16,94.140625,-0.1095363743154314,0.20160199475801588,3.1568250988706255,0.5231222495125499,42.1875,0.0,42.1875,-6.93749250154757,-0.06937492501547571,0.0,4.166666666666666,6.119791666666666,2.2408161355266323,5.6857766547406055,57.07718165625075,30.14286740012059,15.037215113363548,16.85326418424285,17.438856309880578,17.573257476487235,2.172643885644789,-1.6411515104349539,2.5126977927600547,-3.925940402982794,-5.567091913417747,0.734726140327561,1.0,0.006860997678537179,5.906430102955453,0.1693070065282955,0.022174618909235083
74,1121,3584,256,15.53125,1,16,94.140625,-0.051777729625618586,0.06004903520668809,0.2948491402760595,0.2403505226961848,100.0,0.0,100.0,-6.989724514036093,-0.06989724514036093,0.0,0.0,0.0,4.959224912834779,5.5994376074162195,50.92906779220394,49.096105678465165,25.235829221750244,30.843514750470963,31.23874054965894,34.31789175015153,5.36080697740184,-0.6973245051118594,0.7679181470392005,-9.737513620058685,-10.434838125170547,0.1368616127097924,1.0,0.0062490801920725095,10.137845469291245,0.09864028831659749,0.024130602286058195
74,1122,3637,53,13.735849056603774,1,16,71.69811320754717,0.17869735955119462,1.4638964485417516,14.444149400484974,-0.7160811108691433,69.81132075471697,0.0,69.81132075471697,-6.221322111576896,-0.06221322111576895,0.0,12.264150943396226,0.0,5.884971632416673,6.035190666482429,55.22736936314843,49.52792148081872,29.440517795657282,35.34511594927738,35.70157840978396,38.431330579612634,6.4971730498157765,2.7089865451855046,5.374783605036574,-10.655897067484691,-7.946910522299187,5.677529244488506,0.17613295448381103,0.006407614455802085,33.96554245113324,0.029441602513450675,0.017961183154569224
75,1123,256,256,15.53125,1,16,94.140625,0.011715239165467519,0.012178418629279555,0.01602305719018501,-0.05588282913850348,100.0,0.0,100.0,-0.2861741662831576,-0.002861741662831576,0.0,0.0,0.0,1.8439183393435754,2.079310351979803,98.97870037808615,41.21265695696401,10.827271608842485,13.684118038284545,13.930644932771703,14.84365411134678,2.429741382911387,0.1742909215791952,0.17901428540865116,-1.862944585350222,-1.688653663771027,0.013653094062788617,1.0,0.005776280558499779,1.1085335237370335,0.9020927004795032,0.01445953661606926
75,1124,512,256,15.53125,1,16,94.140625,0.016907918245935814,0.01705728973229594,0.03105086015984799,-0.07707123374870725,100.0,0.0,100.0,-0.24852622548276082,-0.002485262254827608,0.0,0.0,0.0,2.477729945399085,2.874284262092883,99.43336770440507,44.26075018020276,13.274268803358382,16.9986681272395,17.298659334235204,18.475175391931742,2.8253769182282484,0.24554467162089688,0.24920216756620714,-2.4918495698193244,-2.246304898198427,0.08367033039762636,1.0,0.005142929571951703,1.6926348494593535,0.5907948783634055,0.013243593053239999
75,1125,768,256,15.53125,1,16,94.140625,0.02485923642085253,0.02497647506137846,0.06649497059733424,-0.11971776086293792,100.0,0.0,100.0,-0.2390956277319109,-0.0023909562773191087,0.0,0.0,0.0,3.267476706644161,3.679437927864812,99.50493833910853,46.64632447258461,16.52341560482479,21.296247625572732,21.63518182778413,23.081754892652263,3.38469911529978,0.3604415866416209,0.3646778594796625,-3.2837332108168757,-2.9232916241752553,0.12481607000954043,1.0,0.00462326872579382,2.603997383935496,0.3840249633771411,0.014016546624384944
75,1126,1024,256,15.53125,1,16,94.140625,0.015344110974703612,0.029553094644977955,0.08911722366212385,-0.07116250092057372,100.0,0.0,100.0,-0.24607258264392845,-0.0024607258264392846,0.0,2.669270833333333,0.0,4.781889312668998,10.47236026426008,99.28495189890566,48.26189865045821,22.210786302546545,28.200444213952604,28.4545533930009,30.112218505446293,5.727279134724919,0.21576704361717475,0.42217821749143775,-4.816328377273157,-4.600561333655983,0.04750906937708913,1.0,0.004123917143520486,1.5872811969509255,0.6300080930341402,0.0161110556460915
75,1127,1280,256,15.53125,1,16,94.140625,0.02931815400145376,0.08712175982627518,0.19365242463491428,-0.13867496029842136,100.0,0.0,100.0,-5.237378973098271,-0.05237378973098271,0.0,49.93489583333333,0.0,17.06407476830014,21.019339722383954,78.11261844136641,49.99493971567781,47.52244835875457,49.37064807637028,49.31101852249482,49.535419276556034,40.79140486116049,0.4500511089636803,0.6223382113206842,-21.845477861056377,-21.395426752092696,0.1084025567007985,1.0,0.0036559594858543093,3.556828099272862,0.2811493758173004,0.01837870806658687
75,1128,1536,256,15.53125,1,16,94.140625,-0.05366768915145054,0.14144684700026822,0.49757732385223885,0.24432660901002218,100.0,0.0,100.0,-19.984764817673913,-0.1998476481767391,0.0,82.48697916666666,0.0,22.660888903446143,24.335952172951583,53.37383914975578,49.99996000734302,49.70845657476451,49.96280217011002,49.9574448657103,49.97250347833344,47.92043392053711,-0.816705342761306,0.9975743820409974,-42.4569213390561,-43.273626681817404,0.7079998013387245,1.0,0.004943001348426515,4.950884694011396,0.20198410219684632,0.014653055904297729
75,1129,1792,256,15.53125,1,16,94.140625,0.022358683018117637,0.09452765711449286,0.48616737573218666,-0.11054522909063626,100.0,0.0,100.0,-23.46187435695011,-0.23461874356950108,0.0,73.11197916666666,0.0,19.19705354518225,24.35026417141103,45.0535081065402,49.99975725115365,49.409655792167555,49.866314023253736,49.86250872065298,49.888942115634805,40.78070232532692,0.3578958306678198,0.9860703582728635,-42.60945340768149,-42.25155757701367,0.44968956988078285,1.0,0.00512093776233147,2.315746570880889,0.43182618192093836,0.016376338095503845
75,1130,2048,256,15.53125,1,16,94.140625,-0.020968015843035925,0.06790302945523191,0.2854083338949298,0.10430725884253547,100.0,0.0,100.0,-17.3463987937391,-0.17346398793739098,0.0,67.31770833333334,0.0,17.206582200778662,21.662485567166243,49.88666005417436,49.99955569735369,49.12905711798855,49.78716714015741,49.78297077484215,49.82390991228901,37.032559506568084,-0.3092079411467638,0.7555241013957527,-34.49134935490409,-34.800557296050854,0.04198743988058493,1.0,0.004768038009314957,2.0544488235655884,0.48674855685353846,0.014779153327840073
75,1131,2304,256,15.53125,1,16,94.140625,-0.17717266455752315,0.26064957615062584,3.5890500305133,0.8241077829424612,100.0,0.0,100.0,-31.70224391357567,-0.31702243913575673,0.0,83.33333333333334,0.0,24.573081481290608,25.976755368337813,43.75594643632957,49.999987855879446,49.847621377147306,49.98294971956753,49.98051301238954,49.987449827011915,48.71537736579583,-2.5893826777968396,2.6791976524748224,-56.15941028049191,-58.74879295828875,1.1644797878545612,0.8587525609546226,0.0056741101922899,15.170494561904693,0.0659174291200199,0.014355197867029728
75,1132,2560,256,15.53125,1,16,94.140625,-0.22219273749697505,0.46260398407178527,6.803398468478248,1.0313978333215874,100.0,0.0,100.0,-48.181020792497094,-0.481810207924971,0.0,83.33333333333334,0.0,26.253538150053867,26.863627690425403,35.49208387347785,49.999996718095744,49.91838421268487,49.99218824964707,49.99099024987319,49.99427395226198,49.20430890204971,-3.1694378085893398,3.688739206958998,-73.9701231509608,-77.13956095955014,3.2019389788929193,0.3123107612580903,0.009343253327840174,19.260025002824822,0.05192101255597188,0.015587711151611758
75,1133,2816,256,15.53125,1,16,94.140625,0.036345552862640886,0.26248794373885564,1.9749833694430132,-0.18350899318852498,83.984375,0.0,83.984375,-29.039759939095013,-0.2903975993909501,0.0,72.78645833333334,0.0,18.746382263157162,24.783514210928402,44.98647875799786,49.998572091287784,49.242820081072125,49.70327683665876,49.72547863322902,49.71662940156219,37.13835741997795,0.4401913463564273,1.9874523236762252,-41.67114826657635,-41.23095692021993,1.7571078335401948,0.5691170347725414,0.008484143191405887,11.801023589440065,0.08473841208950994,0.016527375923023408
75,1134,3072,256,15.53125,1,16,94.140625,-0.10734884413897368,0.32529207408551225,2.783180099128763,0.50360924216704,40.234375,0.0,40.234375,-12.139236611198797,-0.12139236611198798,0.0,4.947916666666666,0.0,4.783934448341846,10.331569061556197,48.232589443216234,49.43718389816869,30.392744820350032,34.59588654771102,35.75908027177717,34.70585739359048,3.1759412665509275,-1.617445925149518,2.3593135014782427,-9.918469034248982,-11.5359149593985,1.9242538150409867,0.5196819630463874,0.010323951132063976,28.61246812710156,0.03494979865273509,0.01921243977994578
75,1135,3328,256,15.53125,1,16,94.140625,-0.07177050376662691,0.17102981951997814,1.9164445626095739,0.3323805830148842,43.75,0.0,43.75,-6.360352400292761,-0.06360352400292762,0.0,4.6875,6.8359375,2.4929966602318965,5.639230119151605,62.493072866113295,30.27095805687871,17.020976980296187,18.83480763743217,19.634867831846556,19.482373233319066,2.121565670083897,-1.085679564663028,1.957776576941084,-3.9892368000097456,-5.074916364672774,0.9866746226590549,1.0,0.009528303732211908,0.6729672249831152,1.0,0.025069621012781092
75,1136,3584,256,15.53125,1,16,94.140625,-0.09086783356140052,0.1303823490202006,1.536276867722104,0.42932162373995125,97.65625,0.0,97.65625,-7.335868229575489,-0.07335868229575489,0.0,0.0,0.0,4.270393203347714,5.130373104334954,47.930966831588364,47.95994061182636,23.39117475229714,27.758563034877596,28.570562876762345,31.81074598276402,4.438815424587068,-1.2208996557486826,1.7528701422079753,-8.909466020896868,-10.13036567664555,0.4392269500203708,1.0,0.008784433540230138,16.84250648889106,0.05937358555625777,0.024339228208050276
75,1137,3666,82,14.536585365853659,1,16,81.70731707317073,0.09438743454774506,1.145516965201912,8.815065242892915,-0.2658602697031203,80.48780487804879,0.0,80.48780487804879,-6.498639617813316,-0.06498639617813315,0.0,0.0,0.0,5.437905243791527,5.6793121482216815,52.855832426936615,49.352492037398214,28.568801606214265,33.478936367695965,34.262837534743475,37.439858246126136,5.5961060379505865,1.4539498790193013,4.198824893441715,-10.288183903466894,-8.834234024447593,10.061837402497822,0.09938542633890633,0.008070536834556302,18.710189808972,0.053446812149413644,0.020688888778021882
76,1138,256,256,15.53125,1,16,94.140625,-0.011127434092801846,0.022029046454016862,0.04482772863540262,0.05174077446498232,68.75,0.0,68.75,-0.7090736764993045,-0.007090736764993045,0.0,0.0,0.0,0.6726488244307288,1.3028489670787682,93.26348141225418,26.79995264841613,6.769111136789201,7.542705315542176,7.907064061574841,8.540111435430015,1.6187566263899142,-0.1433906716785799,0.2994252114816073,-0.7212349509637191,-0.864625622642299,0.05403326245820074,1.0,0.007251157808508645,0.09331552574861358,1.0,0.018411978457406705
76,1139,512,256,15.53125,1,16,94.140625,0.011284596788482225,0.01150378448700975,0.014170962486748274,-0.05427804277148672,100.0,0.0,100.0,-0.1340264221811909,-0.001340264221811909,0.0,0.0,0.0,1.687247766638815,2.068019416585862,99.64321716629263,40.30334412972829,11.188789490229322,13.147173353179998,13.721262274875444,15.02768656200578,2.246856513732797,0.1645101093434917,0.1683506013458121,-1.693289131585344,-1.5287790222418522,0.056044898843488976,1.0,0.006553503932052046,1.0209888894204462,0.9794425878303531,0.017326089091154427
76,1140,768,256,15.53125,1,16,94.140625,0.018755431649030686,0.018897868006182,0.03810655001075052,-0.08827566528294872,100.0,0.0,100.0,-0.12908807149551466,-0.0012908807149551466,0.0,0.0,0.0,2.440983766018719,2.849517519954673,99.7160248069317,44.156928153971535,14.270219209165228,16.985659170964578,17.686734827664015,19.444827665802862,2.679945374034654,0.27227499476429723,0.27606720200252155,-2.447935294998879,-2.1756603002345813,0.113488705493305,1.0,0.005878116832711956,1.885230810314374,0.5304390287538552,0.017783608628467232
76,1141,1024,256,15.53125,1,16,94.140625,0.008726136090575343,0.02720060110468791,0.07515617478085043,-0.04563859276154044,100.0,0.0,100.0,-0.13734899274683035,-0.0013734899274683034,0.0,1.8229166666666667,0.0,3.9603257067773203,9.818944512534038,99.55588831414443,46.8976678799299,19.874261440133182,23.933883540054406,24.596403956604256,26.796311830050534,4.617916910527658,0.12015076103698241,0.3877013664687047,-3.977992436048262,-3.8578416750112803,0.1898723323360765,1.0,0.005400476682504074,0.858932255670589,1.0,0.018793163593419634
76,1142,1280,256,15.53125,1,16,94.140625,0.031331668840293675,0.08695663847027918,0.2061890004208211,-0.15305028576319873,100.0,0.0,100.0,-4.715636072709312,-0.047156360727093116,0.0,45.57291666666667,0.0,16.650848613456034,20.820848885090548,79.64365025266052,49.990838569968574,47.103907085752795,49.12642180080294,49.082199539307865,49.41059665817747,39.364233057441744,0.4806162575582679,0.6421666456938123,-20.90668692436006,-20.426070666801788,0.2798675966385384,1.0,0.0056491673778307295,3.861650317077786,0.25895664233957016,0.020459722528740957
76,1143,1536,256,15.53125,1,16,94.140625,-0.0444096760008658,0.13140712328833506,0.3869632243190223,0.21686455410454367,100.0,0.0,100.0,-18.98345770576075,-0.18983457705760748,0.0,82.09635416666666,0.0,22.549150998139343,24.265598593752852,54.56179714652521,49.999937225596014,49.689897664737146,49.95265285218475,49.948647297750334,49.96910348026496,47.61555576485834,-0.6845529477887436,0.8797308955800317,-41.32772778283641,-42.01228073062515,0.6554297907748312,1.0,0.009137215790799423,4.1886586540538895,0.23873991236602074,0.016522250511934528
76,1144,1792,256,15.53125,1,16,94.140625,0.026853423036940494,0.09654748270716286,0.5200385704878356,-0.12216432981153755,100.0,0.0,100.0,-22.731965125320365,-0.22731965125320364,0.0,73.17708333333334,0.0,19.01531411319113,24.33404492655789,45.60720013908304,49.999624291884984,49.4012489512425,49.82941263943401,49.83486802680298,49.87716808018037,39.28948454178198,0.4215424744431936,1.0198417234922639,-41.69366691049289,-41.272124436049694,0.1950135732900798,1.0,0.0072149189783081375,2.7484073406100844,0.3638470852643053,0.01764754893928859
76,1145,2048,256,15.53125,1,16,94.140625,-0.018709912829411326,0.06759243131430928,0.2681758456153336,0.08525295283602563,100.0,0.0,100.0,-16.783031676329323,-0.16783031676329324,0.0,67.12239583333334,0.0,16.888603867382066,21.473754016367245,50.25732711543846,49.9992943512407,49.106400335518956,49.72206714285039,49.73343249647428,49.80203925485516,34.8214838265513,-0.27671614676603584,0.732360356129868,-33.60426197873561,-33.88097812550164,0.2359692311942733,1.0,0.006929463916687128,1.8694418225323537,0.5349190266030295,0.015771327264134334
76,1146,2304,256,15.53125,1,16,94.140625,-0.17073370669265325,0.2481634639314275,3.338571117371629,0.7814746886857487,100.0,0.0,100.0,-30.801982817849712,-0.30801982817849716,0.0,83.33333333333334,0.0,24.557852566049686,26.078419497528035,44.46136102172978,49.999980567763856,49.84212725535596,49.978042724731296,49.97640700227463,49.98616997399884,48.520564528763245,-2.502769286307538,2.5840166862354543,-55.23414488829397,-57.7369141746015,1.0402797103205081,0.9612799231582647,0.004809548202052314,14.794622090245959,0.06759212867351957,0.015212615229864345
76,1147,2560,256,15.53125,1,16,94.140625,-0.22967716120674841,0.4507224246831845,6.945077218355106,1.075104177258892,100.0,0.0,100.0,-48.04867313515861,-0.4804867313515861,0.0,83.33333333333334,0.0,26.430168317842544,27.057279207292392,35.728901547110304,49.99999520866899,49.92024642687093,49.99051628829325,49.98974635241461,49.99415553079794,49.12910401362049,-3.3180554372152313,3.726949749689444,-73.97419784370666,-77.2922532809219,0.8665004753644988,1.0,0.004725732566318652,20.55625182561542,0.048647000848368996,0.016229370108100466
76,1148,2816,256,15.53125,1,16,94.140625,0.04049987696330686,0.24821833103935914,1.8318318614410811,-0.21377492687812438,85.15625,0.0,85.15625,-29.98072780745298,-0.2998072780745298,0.0,72.98177083333334,0.0,18.981398004809407,25.07212970749981,44.843124169396354,49.998510208392915,49.380628852696134,49.699728319259165,49.73748193422546,49.761179619569475,36.64268844980789,0.5170061593671685,1.9140699367792604,-42.32844690549784,-41.81144074613067,0.8056331693851523,1.0,0.005949675389220309,11.537732928338894,0.08667213968385483,0.01758810175066156
76,1149,3072,256,15.53125,1,16,94.140625,-0.13194585048897622,0.3451793460282168,3.220951418418515,0.6034223576520708,31.25,0.0,31.25,-13.054367939925225,-0.13054367939925227,0.0,3.90625,0.0,4.70305697082502,10.062095350630376,47.10727959838743,49.336531224233184,31.95142205729516,33.71176885481957,35.38246076795468,35.30715736690047,2.926040903089764,-1.856903757173582,2.538090391778242,-9.983715915928235,-11.840619673101818,1.9748046365367602,0.5063792040481091,0.005666840492193824,33.036067475530686,0.03026994664969385,0.01889714216033299
76,1150,3328,256,15.53125,1,16,94.140625,-0.06798699345847248,0.15291115619756987,1.6575507093204518,0.33491729491284994,41.015625,0.0,41.015625,-5.862593293230027,-0.05862593293230028,0.0,0.0,7.747395833333333,2.085984372349405,4.865715709954867,66.59641222978308,28.02903777252328,16.075269518514457,16.30955273213712,17.41191260147184,17.832728576871535,1.7306158874517052,-1.0302346035680812,1.820741996725759,-3.1322774043021435,-4.162512007870225,0.6307154883522736,1.0,0.005387978040813734,0.7274797641990028,1.0,0.022492578159541695
76,1151,3584,256,15.53125,1,16,94.140625,-0.12544167990416397,0.15401755630960812,2.4184722252685025,0.5942023779686183,89.453125,0.0,89.453125,-8.440965918295863,-0.08440965918295862,0.0,0.0,0.6510416666666667,3.1065069660262754,4.034712928613242,41.08024371321796,44.62768456932091,19.661917178768398,21.046576333593997,22.32615409117966,26.614119148599258,3.2277577189130504,-1.780164098505539,2.199305447303081,-7.562046096203483,-9.342210194709022,0.3834675266563247,1.0,0.004482968910343116,24.32986455981583,0.04110174956138636,0.021264910401561362
76,1152,3677,93,14.709677419354838,1,16,83.87096774193549,0.041040917717220966,0.9910467307707255,6.560947511895372,-0.3084532221569958,82.79569892473118,0.0,82.79569892473118,-7.4404066257558235,-0.07440406625755823,0.0,0.0,0.0,4.379152490595513,4.684345258003508,46.74811469128935,48.586384197638445,25.433884260993853,27.704643965437093,29.08863800938625,33.73646983928066,4.191099812409804,0.6927502964051663,3.6224156337713023,-9.367548872321661,-8.674798575916496,3.164513609598999,0.3160043290591877,0.004141252194644132,9.729387549146933,0.10278139245133466,0.018573564090442564
77,1153,256,256,15.53125,1,16,94.140625,-0.010193334072814236,0.010195985140642525,0.0110114726131105,0.048333160719647175,0.0,0.0,0.0,-0.5264670373827658,-0.005264670373827658,0.0,0.0,9.765625,0.03621415709827117,0.055675446208537864,77.60942196141438,7.581770066033089,3.0284234484111017,2.6174049754895705,2.7918042801541185,3.134458634627588,0.9891561002073435,-0.14695956230774876,0.14840129792633552,-0.04666206265042924,-0.19362162495817797,0.06400517977106006,1.0,0.003717185755096376,0.040938864130915235,1.0,0.016692995955733418
77,1154,512,256,15.53125,1,16,94.140625,-0.009152331204949063,0.009159660296073437,0.008876123085369215,0.04270413673586284,0.0,0.0,0.0,-0.49209235817100566,-0.004920923581710057,0.0,0.0,0.0,0.09357349967773816,0.14606117980807887,89.3224177298167,12.641837523033622,4.102886204089495,3.66337352897213,3.9267242576874635,4.517625628183945,1.1292478315489551,-0.1318370566177538,0.13323755540664362,-0.10475925535376815,-0.23659631197152192,0.03019658529900705,1.0,0.0033552899255752445,0.08995843100442016,1.0,0.014969218163173877
77,1155,768,256,15.53125,1,16,94.140625,-0.007557650143832362,0.007580728361102974,0.006067490982470298,0.03604884536969098,0.0,0.0,0.0,-0.46118995866200585,-0.004611899586620058,0.0,0.0,0.0,0.2371716308578921,0.3565027223154706,95.10077287882075,19.87626386778055,5.632239489690768,5.226750833252529,5.619776380822271,6.598959733832521,1.3158953540347018,-0.1086882740436656,0.11015889417083215,-0.24938980376121736,-0.35807807780488293,0.03203331989036498,1.0,0.0030329313839102534,0.17277679709418278,1.0,0.013408773252684766
77,1156,1024,256,15.53125,1,16,94.140625,-0.021982444696653138,0.03542035066188794,0.13248997025224737,0.10639552301038457,100.0,0.0,100.0,-0.43930384469663375,-0.004393038446966337,0.0,0.0,0.0,1.2209730580064717,6.785293148617421,98.2488981593921,30.76440660786295,9.559059955667411,10.171805695891797,10.706060109654407,12.7148757619666,2.269121336238601,-0.3238314676135561,0.514762023176239,-1.2427346065760971,-1.5665660741896532,0.04366278339046952,1.0,0.0026801754305339296,1.9135522466485602,0.5225882918804141,0.013349739748096454
77,1157,1280,256,15.53125,1,16,94.140625,0.05451392252122973,0.07906229955127196,0.4012142437029092,-0.2638206002571231,100.0,0.0,100.0,-1.7080381945408298,-0.017080381945408295,0.0,29.036458333333332,0.0,13.831834861809211,18.51192531303524,90.35883757744561,49.91753082931641,42.97593939221627,46.9087348772615,46.868209328935166,48.01909931278495,31.897522135932928,0.8225987772264804,0.8957837280313917,-15.307672423247023,-14.485073646020542,0.10569519271220469,1.0,0.0024132541247375633,6.659655096852755,0.1501579264176284,0.011501806598309851
77,1158,1536,256,15.53125,1,16,94.140625,0.006732773710487722,0.08745194587679041,0.13706961629709957,-0.03505051141499341,100.0,0.0,100.0,-12.606037833598084,-0.12606037833598083,0.0,75.84635416666666,0.0,21.205551903402892,23.472099744371757,63.128702165926065,49.99975056878519,49.4573345216012,49.89546282585033,49.892393394259535,49.938897524021876,46.218649618095455,0.10468292525224263,0.5235830713403549,-33.59098346052909,-33.48630053527685,0.2867600709654441,1.0,0.002288150980855771,0.9123668690206639,1.0,0.015863337121669752
77,1159,1792,256,15.53125,1,16,94.140625,0.039214867321238425,0.08822313946209825,0.5682931108073311,-0.18629238625823163,100.0,0.0,100.0,-19.33080055088186,-0.1933080055088186,0.0,73.50260416666666,0.0,18.78432606264564,23.618527976241637,49.360850835768915,49.99928446489268,49.301974142607115,49.764802566487106,49.782895403608805,49.84905157938017,37.6442940949738,0.5838492796330959,1.0661079784030614,-38.05510995980187,-37.47126068016877,0.4237901376742846,1.0,0.002868159678183853,3.904905865227654,0.25608811953824157,0.01814615971058881
77,1160,2048,256,15.53125,1,16,94.140625,0.009363439999354767,0.029815469788284636,0.08049019964721835,-0.043866262104260104,100.0,0.0,100.0,-14.400410579796976,-0.14400410579796974,0.0,63.802083333333336,0.0,15.897573586169448,18.781494760992064,52.6115815267102,49.99846839501904,48.86531177151859,49.56797010811323,49.60625342033211,49.72327601191475,30.096047641313266,0.13379382694677355,0.4012236275376074,-30.216870743751475,-30.0830769168047,0.13407174013090767,1.0,0.0024184617429121717,0.9996931203897397,1.0,0.01943727172921176
77,1161,2304,256,15.53125,1,16,94.140625,-0.1343384328527086,0.19876802195702034,2.0881400905509495,0.6343227178976263,100.0,0.0,100.0,-25.600107629500954,-0.25600107629500946,0.0,82.09635416666666,0.0,23.705640105631893,25.688027807498003,48.18904254955143,49.99993194195538,49.75843870582927,49.95751288846176,49.95729724824978,49.97553362098803,47.63442782156806,-1.9674742649507129,2.0435949160980753,-49.193009139486534,-51.16048340443726,0.5097666902137217,1.0,0.002176980977331158,11.90848860398459,0.083973712639352,0.013878361491173453
77,1162,2560,256,15.53125,1,16,94.140625,-0.2591210314190303,0.43861319480474176,7.499546614435634,1.1679750175412804,100.0,0.0,100.0,-45.55165459854484,-0.45551654598544844,0.0,83.33333333333334,0.0,26.420870421272593,27.177260697569675,36.971586643592175,49.99999207888162,49.90750328780388,49.98811135706016,49.987839344374706,49.99339802557823,48.99442908819835,-3.763715386795349,3.8728662807888514,-71.46263609395783,-75.22635148075318,1.6830833288143046,0.5941476472852227,0.005160548263873619,23.963801562638263,0.04172960610553088,0.011252968937229983
77,1163,2816,256,15.53125,1,16,94.140625,0.03654730446707054,0.18694384736248232,1.7638452546810446,-0.16405928336717954,92.1875,0.0,92.1875,-33.78973079338769,-0.33789730793387696,0.0,80.33854166666666,0.0,20.742328663588875,26.760816616352457,42.372950887937186,49.999778501528326,49.70908773150499,49.89477267573035,49.90838372818773,49.93272135015593,40.03338372932785,0.5656576439842806,1.878214713328082,-48.95181531832809,-48.3861576743438,0.831551754825803,1.0,0.005358694540369273,9.303017621174858,0.10749200321021343,0.0153365937224923
77,1164,3072,256,15.53125,1,16,94.140625,-0.1538075692702259,0.38637116910823943,4.098340864240543,0.7087946172761486,16.796875,0.0,16.796875,-15.955902290537974,-0.15955902290537977,0.0,5.924479166666666,0.0,5.5883805230599,13.939756009618804,48.25333363291564,49.40923704803265,35.4203708212321,36.11092046363032,37.76992715172885,38.07897957682663,3.6690213983934035,-2.2507575403022866,2.862984758688227,-11.581335634907987,-13.832093175210272,0.8951288745625225,1.0,0.007347264490837174,39.188320195433285,0.025517807219420763,0.018097278848090793
77,1165,3328,256,15.53125,1,16,94.140625,-0.038910243452867754,0.13990780835332448,1.181009351742375,0.19019258639425926,54.6875,0.0,54.6875,-5.295294988006248,-0.05295294988006248,0.0,0.0,5.6640625,2.563585976453447,4.770298679870744,65.87077096988405,33.760114462250264,20.453820574101563,20.09873622044705,21.577601366075367,22.4204808840868,1.8232822380589875,-0.5895129185816571,1.536886041150986,-3.8918414627718754,-4.481354381353533,0.6813847719009547,1.0,0.00912682766842906,1.9126582897937567,0.5228325442846514,0.015975622160404716
77,1166,3584,256,15.53125,1,16,94.140625,-0.1391141383195219,0.1636383674114941,2.7742138373407657,0.6451523960448904,75.0,0.0,75.0,-8.460977591873679,-0.08460977591873678,0.0,0.0,2.994791666666667,2.428392264508392,3.620736592181127,39.03285050470286,38.292567517493765,17.13153300286911,17.25496382590431,18.553877966686237,22.701651896622476,2.5483186983274018,-1.9903163871596379,2.3555100667756723,-6.221406413082253,-8.21172280024189,0.6091388034270524,1.0,0.010112631282846405,21.86373156969351,0.04573784657080924,0.014964389981083409
77,1167,3712,128,15.0625,1,16,88.28125,0.006425204457607608,0.818567907419669,4.6381649524041055,-0.10140288423899008,87.5,0.0,87.5,-7.420736336538585,-0.07420736336538586,0.0,0.0,0.0,4.061434054152891,4.4854123383720195,45.46380173440616,48.19907160257246,25.06981449912118,26.24256615200823,27.87066559788975,33.097557018432035,3.6667077854908348,0.16193934222609813,3.045706798890565,-8.933335751108718,-8.771396408882621,3.268068684207444,0.30599112094319864,0.010747402602326216,1.7315766105838595,0.5775083781380116,0.013901956421429445
78,1168,256,256,15.53125,1,16,94.140625,-0.11836236425086821,0.13305632545074347,1.6957575577438844,0.5658267835887398,0.0,0.0,0.0,-6.188330422360606,-0.061883304223606064,0.0,0.0,19.921875,0.01858138844947977,0.12140065123118036,8.109072456388274,3.99184022743834,2.0514468640894243,1.666965394081343,1.7526230663365168,2.0477531553064443,0.7992817053790169,-1.639981539226795,1.8416066668775308,-0.22914320410149341,-1.8691247433282883,0.5730927109177977,1.0,0.009106699546520634,1.8920266596376314,0.5285337787954447,0.017138328429842795
78,1169,512,256,15.53125,1,16,94.140625,-0.07728747379579248,0.07731127416976942,0.6328583767170319,0.36218199145464014,0.0,0.0,0.0,-3.892946216615907,-0.03892946216615907,0.0,0.0,16.666666666666664,0.0017530763916960904,0.002959485578523486,3.020608422902356,1.6856870443109644,1.483393284074666,1.1471974484215304,1.1950336500632228,1.334211013977371,0.721278876403575,-1.114067792644005,1.1250407785649656,-0.05803719470568265,-1.1721049873496876,0.12245371152008791,1.0,0.008029049579882434,0.06651576063720775,1.0,0.01549279127884617
78,1170,768,256,15.53125,1,16,94.140625,-0.07077075548098771,0.07079318423332326,0.5305352568815203,0.33551984752950215,0.0,0.0,0.0,-3.568435204151544,-0.035684352041515446,0.0,0.0,16.666666666666664,0.005764652063140792,0.009808166498213823,9.134844884413283,3.10110254188321,2.0304215374768835,1.5889468157086324,1.662001553962122,1.9296210365311937,0.800177546663911,-1.0200402392293175,1.0300827703456847,-0.06310618446271567,-1.0831464236920332,0.20933638565686163,1.0,0.0073903425656043,0.09888716615810744,1.0,0.014056544209424855
78,1171,1024,256,15.53125,1,16,94.140625,-0.07775663433026932,0.08237904526706173,0.7069312476047647,0.3617884171701654,9.765625,0.0,9.765625,-3.3134948147188696,-0.03313494814718869,0.0,0.0,12.5,0.24143854269047527,3.3916786022674517,74.76015598753725,9.842378937334557,3.739791601979334,3.518915203414898,3.6336530735173778,4.5882720224664055,1.178715221420739,-1.1264100480380703,1.1890595002814321,-0.32295082788581103,-1.4493608759238814,0.5368002607537036,1.0,0.0063728092534684555,1.6175797484270724,0.6182075418367445,0.015156794345778333
78,1172,1280,256,15.53125,1,16,94.140625,0.029223680037722785,0.07256247784823845,0.2420710844598024,-0.13304864414494302,100.0,0.0,100.0,-0.8160519504986534,-0.008160519504986533,0.0,8.3984375,0.0,9.35504988397598,15.521799190811487,96.72265829229889,48.971197913896766,31.085792110850683,38.096924879259504,37.893818863755,41.57945718884264,18.935659647674548,0.4802416211735627,0.6958032544617802,-9.672035538668435,-9.191793917494874,0.24529080851048166,1.0,0.005418556151475057,4.095665511586354,0.24416056369131445,0.01284450791753601
78,1173,1536,256,15.53125,1,16,94.140625,0.04766285465102704,0.08385675075875547,0.3091820156696554,-0.22814930580240245,100.0,0.0,100.0,-7.057745085603819,-0.0705774508560382,0.0,61.263020833333336,0.0,18.99500326971571,21.69916375950378,73.53514879461848,49.998621520523365,48.74210822816154,49.71737167669584,49.71204479456801,49.83613624575952,42.89997256816338,0.6750185500961072,0.7863612600702751,-25.83118900427903,-25.15617045418292,0.3614203944765135,1.0,0.004932911463525798,4.96360132960213,0.20146662344458624,0.0157978223652193
78,1174,1792,256,15.53125,1,16,94.140625,0.05772768971902564,0.09255366434166272,0.6929521337727038,-0.2863054835777879,100.0,0.0,100.0,-15.129264528281766,-0.15129264528281766,0.0,60.15625,0.0,18.02635446012195,22.29787825397001,54.491922840397734,49.99853094598669,49.015453854643255,49.66265657587934,49.68532203639728,49.78204137399841,35.23013689600599,0.8314277343500627,1.1772443533716386,-33.08078247288067,-32.249354738530606,0.24896199551701378,1.0,0.004334891432702996,5.607127383953697,0.1783444411949279,0.018448107949374903
78,1175,2048,256,15.53125,1,16,94.140625,0.029790565274615335,0.03466109652076998,0.1250912428683438,-0.1420050577992415,100.0,0.0,100.0,-11.609939021532714,-0.11609939021532714,0.0,30.6640625,0.0,14.307734814577143,15.853849347142296,55.441289970849596,49.99626151380224,48.23874945098437,49.282609143536575,49.33706877456335,49.52941680694208,23.1238870260099,0.4310099943197514,0.5001824524477919,-25.807002005364573,-25.375992011044822,0.031843013195256745,1.0,0.003886040554083016,3.16153442343464,0.3163021071627669,0.020330589573116856
78,1176,2304,256,15.53125,1,16,94.140625,-0.08867956040325622,0.13443648069686218,0.9954860052466306,0.4032418031073798,100.0,0.0,100.0,-19.501203531244087,-0.19501203531244088,0.0,78.7109375,0.0,21.858055596339845,24.527178466059613,52.984996258190826,49.99969978900725,49.52215035517421,49.89862236333902,49.90032663869793,49.93972860159515,45.0951258216446,-1.309412513652344,1.4110180758917517,-41.25329270540594,-42.56270521905829,0.34260292301297657,1.0,0.004192565587759095,8.298717787182818,0.12050054305310604,0.013475292849937814
78,1177,2560,256,15.53125,1,16,94.140625,-0.2432831526660499,0.3712197705985065,6.637080264883551,1.1406970913140748,100.0,0.0,100.0,-40.849970982500544,-0.40849970982500544,0.0,83.33333333333334,0.0,25.718986710491244,26.832712500554866,38.9684256888459,49.99998556203367,49.86877284276314,49.98360878926894,49.983496284313986,49.99086975496568,48.618042614513236,-3.5622033091632055,3.643372137150843,-65.99955285813074,-69.56175616729395,1.8496470124186308,0.5406436975736156,0.0042728549324558135,23.621403184828118,0.04233448759057184,0.01003914275057018
78,1178,2816,256,15.53125,1,16,94.140625,-0.04517712007659708,0.250599227115257,2.829418045144162,0.23960597498569391,100.0,0.0,100.0,-38.79906840039715,-0.3879906840039715,0.0,83.33333333333334,0.0,22.2792507065164,26.985511869325332,39.29676616740321,49.99991943856579,49.78041503849293,49.9459381500219,49.95002478939189,49.96698185591899,42.98834552696809,-0.5438398450736126,2.3788308242261205,-56.69487054381871,-57.23871038889232,1.3639419673392095,0.7331690232765615,0.005312443112113763,8.269600885411675,0.12092482017652031,0.011647487397603365
78,1179,3072,256,15.53125,1,16,94.140625,-0.15857987114545707,0.4190765977954369,5.245509982818146,0.8131850370544716,6.640625,0.0,6.640625,-19.895433842118344,-0.19895433842118343,0.0,15.690104166666666,0.0,7.332300452117516,17.298603345054126,49.24450436830776,49.56780629628602,38.577635167438615,40.03019269075824,40.77848649392879,40.996488420051946,6.563891893362385,-2.4068748124232067,3.238984403425909,-14.889581174942961,-17.296455987366166,0.693653788321619,1.0,0.0068813434341835535,42.236186828734326,0.023676379784352955,0.01886195088379201
78,1180,3328,256,15.53125,1,16,94.140625,-0.007782302009851246,0.13949930601122698,0.5128239202854491,0.028593159863486928,70.3125,0.0,70.3125,-5.39390317487562,-0.0539390317487562,0.0,0.0,2.278645833333333,3.3023381387740534,4.694556320097955,56.98887515916745,43.093869388471916,26.54504038824208,27.47138592991412,28.489359799282695,29.585356887158873,2.1140769541637745,-0.08794038346109517,1.0127427316801134,-5.794706650290546,-5.882647033751642,1.100573360536605,0.9086173042680511,0.008540451071312866,1.8012543716051246,0.5551686734333281,0.014046920585390673
78,1181,3584,256,15.53125,1,16,94.140625,-0.14985545160697053,0.17154134025156886,3.066659494447372,0.7206578128105483,58.203125,0.0,58.203125,-8.391091435192457,-0.08391091435192459,0.0,0.0,5.989583333333334,1.8184702974586884,3.51608810252096,37.5738702837788,30.949807221355307,14.02124106633959,14.803792282513294,15.219027583092048,18.567209342934383,2.1101462112318945,-2.154863867990559,2.4765538534210685,-4.8397204858711325,-6.9945843538616925,0.5333699070675478,1.0,0.0062611987598001646,17.23645648540423,0.05801656511283491,0.014415419178420085
78,1182,3759,175,15.314285714285715,1,16,91.42857142857143,-0.010832357178924203,0.6973503124803869,3.4924271847772674,-0.006614480444210439,90.85714285714286,0.0,90.85714285714286,-7.245099356018202,-0.07245099356018202,0.0,0.0,0.0,3.9415905087686456,4.492018067943767,44.91866701959171,48.20404197702566,24.981405490565376,27.68537346567966,28.304249506211832,33.602166966332824,3.666124370523162,-0.1110435566589788,2.642887506034741,-8.77494986004256,-8.885993416701538,1.8379985479441467,0.5440700707400059,0.005993089220243059,2.4609498706630397,0.4063471637195827,0.01747229534587235
79,1183,256,256,15.53125,1,16,94.140625,-0.05147757795295177,0.056697612018524184,0.34116015135665334,0.2451811510642975,74.21875,0.0,74.21875,-3.74568780820619,-0.037456878082061905,0.0,0.0,0.0,3.0165720033883776,4.127489651995337,91.32836449632005,44.62471327996539,18.193407721331006,21.56137281310626,21.81998318008042,24.018801716148012,2.8011261358784596,-0.7396437273782288,0.8260268171877392,-3.302995756055531,-4.04263948343376,0.22787377285113597,1.0,0.00539879255140781,5.362526200017585,0.1864792753826957,0.017926789527943666
79,1184,512,256,15.53125,1,16,94.140625,-0.021253734543058834,0.021491288185026377,0.04839126495663826,0.09808713386579583,100.0,0.0,100.0,-3.3337843390857747,-0.03333784339085774,0.0,0.0,0.0,4.615528648077005,5.018517348321847,94.62941326572417,48.46749329512106,25.11577098420006,29.967532408136755,30.247331006398746,32.953286585078345,3.9153985467544574,-0.3043527742382907,0.31109890696252296,-4.877477825120153,-5.1818305993584435,0.13912600521046295,1.0,0.004784609850428142,2.4189698937232085,0.4133991095113751,0.019610941778575836
79,1185,768,256,15.53125,1,16,94.140625,-0.009679867893988652,0.01013719187498431,0.010634263224121093,0.04548122034450454,100.0,0.0,100.0,-3.232007595861668,-0.032320075958616676,0.0,0.0,0.0,5.508083537904853,5.900943204956887,94.66300791026498,49.142248156014844,29.064898144351844,34.265275405881525,34.53708516626958,37.22789781987682,4.786348338718913,-0.137591378929104,0.1458373287201949,-5.818622986421682,-5.956214365350786,0.027461649467533277,1.0,0.0042963930913466845,1.1040091030456314,0.9057896327496745,0.021905761194722248
79,1186,1024,256,15.53125,1,16,94.140625,-0.020757329936326792,0.04038021856114368,0.16330241824220418,0.09345002797040931,100.0,0.0,100.0,-3.1711448090157486,-0.03171144809015749,0.0,5.729166666666666,0.0,7.135978436078141,12.753032836485879,93.03048820751498,49.5744684243831,34.076161049827654,39.246058499375195,39.44679244835009,41.7315196596093,8.097709884160867,-0.3070913722260252,0.5714935139478036,-7.670580444725323,-7.977671816951348,0.16185696289747342,1.0,0.0038624259630702334,2.693466180930938,0.3712688160258881,0.02441474301065211
79,1187,1280,256,15.53125,1,16,94.140625,-0.044519725902493076,0.1299936378469119,0.30737492459616217,0.21469007116029248,100.0,0.0,100.0,-12.208718619668316,-0.12208718619668316,0.0,63.411458333333336,0.0,19.614884004325233,22.879085237750758,63.28056491881316,49.9981229375168,48.689500991271046,49.715883473653506,49.7080788636397,49.83309485736767,44.076323351821515,-0.6048985713744015,0.7840598505167347,-30.996695477498456,-31.601594048872855,0.6528561857466011,1.0,0.004625678940099265,4.866917031645173,0.20546888173722744,0.026891023932574996
79,1188,1536,256,15.53125,1,16,94.140625,-0.11166538875662335,0.22796719242687125,1.5080539390476613,0.47868117807659566,100.0,0.0,100.0,-29.10774807159134,-0.29107748071591344,0.0,83.33333333333334,0.0,24.285583169952695,25.34295460383388,45.63252679739331,49.99996112298288,49.76526377217974,49.97024506873238,49.969863578652884,49.98389487753592,48.47098406814588,-1.629242339448371,1.7366945264194629,-53.21989570680528,-54.84913804625365,1.6682431846511283,0.5994329898665974,0.007504288921455714,9.809217924172698,0.10194492646918528,0.02862333307370074
79,1189,1792,256,15.53125,1,16,94.140625,0.02476648133499698,0.09707856598140172,0.5702939368454041,-0.11026658358970368,100.0,0.0,100.0,-25.053610324262742,-0.25053610324262743,0.0,71.74479166666666,0.0,18.880867723978128,24.760676909846847,43.022498830210274,49.999532107706926,49.390644878026194,49.83247711324522,49.84147968335864,49.898291860348806,38.784292212852506,0.40781940880734524,1.0679830867999776,-43.886032279278105,-43.478212870470756,0.15329207776338286,1.0,0.006936128062346985,2.5374854596463607,0.3940909281660932,0.022631683430247122
79,1190,2048,256,15.53125,1,16,94.140625,-0.051161001670201794,0.10009447274645822,0.7110824300498507,0.22671621509030807,100.0,0.0,100.0,-19.26722366759511,-0.1926722366759511,0.0,69.3359375,0.0,18.37806651803189,23.81936941729768,48.879885064020705,49.99939862235134,49.27729522269959,49.80082344297074,49.81067239432933,49.880899483586916,38.26539397660517,-0.753977110296418,1.1925455379563925,-37.59842416560741,-38.35240127590383,0.26390078710768144,1.0,0.006558358377415112,4.905013665021433,0.20387303039157392,0.02531768023596388
79,1191,2304,256,15.53125,1,16,94.140625,-0.2024546122317636,0.3150633095132411,4.5316728459717766,0.952745155760707,100.0,0.0,100.0,-36.66254502178751,-0.3666254502178751,0.0,83.33333333333334,0.0,25.741811932011096,26.82219359154441,41.34403944365083,49.99998290921991,49.84931636761738,49.98260058942146,49.98247352258756,49.991012023587786,49.03497738401616,-2.917684904711882,3.0105391032078543,-62.26245010987732,-65.18013501458918,2.311005595089427,0.4327120635816998,0.003478412291794385,17.02770291556768,0.058727827526620986,0.02666202507704608
79,1192,2560,256,15.53125,1,16,94.140625,-0.14225124821410506,0.44567126477443847,6.165198584377267,0.6928421617267638,100.0,0.0,100.0,-47.47871970332727,-0.47478719703327266,0.0,83.33333333333334,0.0,26.40031766051807,27.465175680147933,36.0441823581912,49.99998910233594,49.89137377622018,49.98674171209613,49.986921099646985,49.99320018064747,48.976736600274435,-1.9784799975981824,3.5114665267882783,-73.2443238638717,-75.22280386146987,1.5165943764345682,0.6593720875788464,0.0069263753313642965,11.359634475349896,0.08803100154058419,0.027389438448746646
79,1193,2816,256,15.53125,1,16,94.140625,-0.00711757729234043,0.2783388406843932,1.6511741671182374,-0.002845027456116922,69.53125,0.0,69.53125,-25.418745182414355,-0.25418745182414354,0.0,63.802083333333336,0.0,16.71860593603158,21.94719223994869,48.65396026577916,49.985454756022314,48.378665706348556,49.00528190169605,49.08565311995741,49.225176295111766,30.648063649895136,-0.1417572051600222,1.817236455235387,-34.362271528779615,-34.504028733939634,2.052884560536059,0.4871194509538691,0.007723639020079415,8.076838188291811,0.12381082506389697,0.024888131212462427
79,1194,3072,256,15.53125,1,16,94.140625,-0.07737968485995626,0.27535510283974146,2.3123922082105235,0.3406696534829208,76.5625,0.0,76.5625,-10.378627779386996,-0.10378627779386994,0.0,14.6484375,0.0,5.046269187643585,7.540384946544896,46.492667452491816,49.59421357106435,35.652013611978674,38.254527470152254,38.82553383604602,40.48125612237124,3.133321696287831,-1.0405032955605853,2.150531194012551,-10.853903344651235,-11.89440664021182,1.341738686549068,0.7453016075522018,0.0065994934580890985,20.166090124968697,0.04958819452868791,0.02949307782804264
79,1195,3328,256,15.53125,1,16,94.140625,-0.11321468638886656,0.20906323390087525,2.9497390445153866,0.5381699995291473,53.515625,0.0,53.515625,-7.938790125634798,-0.07938790125634798,0.0,4.947916666666666,4.622395833333334,2.8839920276227393,6.148573889870633,47.51935234142446,37.10731190151441,21.826606785459315,22.805606947492976,23.28182684094631,25.720409168853102,2.4701367936267618,-1.6905054226369778,2.4288841242493997,-6.069089508841332,-7.75959493147831,0.3012750002756996,1.0,0.005260439123948634,10.565608498983078,0.09464670208973276,0.030292885206539145
79,1196,3584,256,15.53125,1,16,94.140625,0.007505947900318895,0.016796114623846586,0.021265704796073745,-0.03269424486925339,100.0,0.0,100.0,-4.96452730253462,-0.0496452730253462,0.0,16.341145833333336,0.0,6.713241153752886,7.33947586014521,60.70750883749933,49.674281138933736,35.700710178535175,39.8131115350522,40.08222797454562,43.90348838197454,7.171494799612054,0.1322551398268548,0.20623144666162696,-11.05833739895794,-10.926082259131086,0.1044638765796264,1.0,0.004882123515874383,1.344020107096174,0.7440364877877851,0.02413253469127157
79,1197,3622,38,12.842105263157896,1,16,60.526315789473685,0.32659183141816195,1.8669529151935298,24.93329527907495,-1.0728144299512654,57.89473684210527,0.0,57.89473684210527,-4.400455509620237,-0.04400455509620236,0.0,16.666666666666664,0.0,7.5362248230355755,7.63670818388242,65.31180881813646,49.81255928139851,38.55871648403431,42.37245369265222,42.6329857218528,45.57020535763631,8.410096594421232,4.785293023859427,7.061628038784676,-11.538839544347207,-6.753546520487782,2.6212007775246575,0.3815045411913674,0.006098418196574581,46.7149536853491,0.021406421736721602,0.019945024776108943
80,1198,256,256,15.53125,1,16,94.140625,-0.1370328080384395,0.1645909886073208,2.6149060196185,0.6486736045954695,0.0,0.0,0.0,-6.920481631378161,-0.06920481631378161,0.0,0.0,50.78125,0.0020964606053785495,0.006796620826682582,2.227007872564846,1.8185398650508762,1.3908949286039074,1.1804944050978103,1.163829112028918,1.349447493080159,0.6874933741750482,-1.8917858807465404,2.286878230085065,-0.09413799705000839,-1.9859238777965484,0.24930250182372754,1.0,0.005592352010941516,0.15256096721371887,1.0,0.018194617095078826
80,1199,512,256,15.53125,1,16,94.140625,-0.0633852247344284,0.06340675991011409,0.4254702955005995,0.29863325370893756,0.0,0.0,0.0,-3.2014588225584757,-0.032014588225584756,0.0,0.0,16.666666666666664,0.015073825016025773,0.026107883634093675,20.61329537988453,5.983915777985616,2.8027272710732167,2.4940634061151368,2.4513067834824853,3.0719806767531104,0.8992593087093883,-0.9134592008552891,0.9224644117803131,-0.07312671136870019,-0.9865859122239893,0.26539213148993673,1.0,0.005517352693155671,0.1600097911863119,1.0,0.016638587914459622
80,1200,768,256,15.53125,1,16,94.140625,-0.05840245635797477,0.058416956631251,0.3613294456913875,0.27218077157111165,0.0,0.0,0.0,-2.964905818483991,-0.029649058184839913,0.0,0.0,2.213541666666667,0.05123373023524574,0.08519185147911393,44.79899252540038,11.514839629261914,4.062013589570736,3.824732003898449,3.7709782400570777,4.862059570285764,1.0564545382886155,-0.8418971776885873,0.8500934603811365,-0.1143635768286462,-0.9562607545172335,0.1742818268383518,1.0,0.004496766347033431,0.38322470094912864,1.0,0.01581006334480825
80,1201,1024,256,15.53125,1,16,94.140625,-0.07063161281380678,0.07640434400858298,0.6171625585115735,0.3348464811639603,17.96875,0.0,17.96875,-2.7824092837627346,-0.027824092837627337,0.0,0.0,0.0,0.684012773811673,5.5031723393339975,86.85357641997311,23.236675550569537,7.293202528623261,8.15433586226239,8.037821171846499,10.44376846974737,1.842579472484912,-1.0254723273493342,1.1110018528441556,-0.7875470441242249,-1.8130193714735592,0.19603162410046124,1.0,0.003678724006605406,3.163154582460661,0.31614009809855276,0.017093381241742867
80,1202,1280,256,15.53125,1,16,94.140625,0.05565440498982413,0.08512100352767751,0.48503001409047986,-0.2664544999208017,100.0,0.0,100.0,-0.7311309396415073,-0.007311309396415073,0.0,16.341145833333336,0.0,11.633599361749335,17.13732587767794,96.47633879576787,49.72289927290612,37.321311877477925,44.17162047669115,43.91841074741305,46.27460363159003,27.40701611575201,0.8499888155797458,0.9849162543998143,-12.058500049817049,-11.208511234237305,0.4756449394709445,1.0,0.0029884675065474614,7.126208042980825,0.14032708475091185,0.014243708628661828
80,1203,1536,256,15.53125,1,16,94.140625,0.050896455050980685,0.08763182056559342,0.36165722003503065,-0.25136389041279916,100.0,0.0,100.0,-7.847025153807512,-0.0784702515380751,0.0,70.37760416666666,0.0,20.35839320791363,22.86751130513518,72.57330937062761,49.99928225121804,49.05127197012832,49.83089617544114,49.829189241047075,49.903674935687434,45.9585793585734,0.7120872126617716,0.8504789474584666,-28.052177011722748,-27.340089799060973,0.2708473024260068,1.0,0.002715124506190112,5.077592545906668,0.1969437269648893,0.0155487874521823
80,1204,1792,256,15.53125,1,16,94.140625,0.05138142717883408,0.0896967602730566,0.6356217821572583,-0.24209982789782783,100.0,0.0,100.0,-17.249081407403466,-0.17249081407403466,0.0,75.26041666666666,0.0,20.017347544390375,23.823681214434025,53.767356047986006,49.999570196042576,49.433883375620006,49.86028490528692,49.86952062790792,49.91184924255623,41.498084481067366,0.7517296820525787,1.12749437440482,-37.229555283554205,-36.47782560150162,0.15073234185209272,1.0,0.002606529986739911,4.954845975448148,0.20182262071416934,0.015816076289537483
80,1205,2048,256,15.53125,1,16,94.140625,0.037627919693579884,0.040991515056785895,0.17799958074056252,-0.18528567184877165,100.0,0.0,100.0,-13.413595527947106,-0.13413595527947106,0.0,66.66666666666666,0.0,16.552477872300578,17.87482440345208,55.32811120232624,49.998973864336065,49.075049058036896,49.71944350371909,49.741406915720376,49.81916803526283,33.25936741980357,0.5452261085045581,0.5966566529262244,-29.916940073682902,-29.371713965178344,0.21464714733967444,1.0,0.0021825709214881857,3.819316557731113,0.26182694858738176,0.016160261941952168
80,1206,2304,256,15.53125,1,16,94.140625,-0.0920425492376254,0.1521243489807289,1.0843453535908065,0.4426480490013426,100.0,0.0,100.0,-21.548854450435666,-0.21548854450435664,0.0,80.2734375,0.0,23.648327872372573,26.234200647805444,52.38444835645197,49.999889702342216,49.6920666480935,49.950596117488644,49.952500142699584,49.97108783461985,47.564339563567756,-1.3621823009941532,1.472647516271838,-45.1437947985185,-46.50597709951265,1.0111286486671578,0.9889938350754602,0.004915418974403579,8.183108814949419,0.12220294543476398,0.010472363640895824
80,1207,2560,256,15.53125,1,16,94.140625,-0.21406911437800574,0.3847856943962488,5.16289186156285,1.0551530674549225,100.0,0.0,100.0,-41.411062969814914,-0.41411062969814905,0.0,83.33333333333334,0.0,26.925115396803974,27.741656824955513,39.5681941565715,49.99999086287967,49.89185725292947,49.98898203349498,49.98936751060985,49.99391389347052,49.30501030567105,-3.1287131488188753,3.2133757519352915,-68.04736978963757,-71.17608293845643,0.2718064626934307,1.0,0.005154795686980394,18.57777367704125,0.05382776307775878,0.0082221626981035
80,1208,2816,256,15.53125,1,16,94.140625,0.014816766212019522,0.23276535030711876,1.7563729510465507,-0.04703893721854709,100.0,0.0,100.0,-34.756753877354306,-0.34756753877354307,0.0,83.33333333333334,0.0,22.91381621577048,27.717200884501136,41.668564692143946,49.999946528311796,49.81654185259379,49.96189532580837,49.9658188824718,49.97672499372085,45.17338567651598,0.36409507435125577,1.8742320833058805,-54.990653949956126,-54.62655887560487,1.476845229537166,0.6771190237134014,0.009134006330850764,6.154938652337862,0.16247115633234863,0.010359860023945544
80,1209,3072,256,15.53125,1,16,94.140625,-0.09540744509950319,0.3646660400411556,3.424771084875183,0.4720872556060044,70.703125,0.0,70.703125,-17.25483951548258,-0.1725483951548258,0.0,26.302083333333332,0.0,8.565971679965372,17.740729465065314,49.76878449377688,49.87449575751264,42.84135223405316,44.95037491502808,45.336775710016795,45.517702083274216,8.331545976730713,-1.4574554225298326,2.617163000225696,-17.2115348347245,-18.668990257254332,1.2584969792122873,0.794598649434912,0.008892532368327526,23.114083509628657,0.043263666482100796,0.01957570806680673
80,1210,3328,256,15.53125,1,16,94.140625,0.0055064090544802435,0.1798866205172999,1.2333870507203493,-0.025358520831404163,82.03125,0.0,82.03125,-7.2352605705999675,-0.07235260570599969,0.0,13.020833333333334,0.0,5.651680944728703,7.1796517687897685,53.50380976229088,48.54075062979034,36.87268908282226,39.153060083483446,39.80484858367796,40.67633925115889,3.798511507920134,0.062102613296435016,1.5705967341875822,-10.563137409912011,-10.501034796615576,1.0532606638421396,0.9494325899840856,0.0115595124024613,3.0661263521107682,0.3261444197534732,0.008512780162016474
80,1211,3584,256,15.53125,1,16,94.140625,-0.04465579706864169,0.14240217587943887,1.5556539153013096,0.21451054825700147,83.984375,0.0,83.984375,-4.990164159544337,-0.04990164159544337,0.0,11.653645833333332,0.6510416666666667,5.78322830596556,8.14508362936964,65.03549905627405,46.47579845974255,32.45813202432471,35.38957835210083,35.80305177158341,38.15460671384705,6.34676939790404,-0.5994759301153463,1.7638899712291067,-8.892417817785077,-9.491893747900422,0.23490278126325054,1.0,0.009487943148348263,7.365564175745461,0.13576692513154176,0.01509567703599058
80,1212,3720,136,15.117647058823529,1,16,88.97058823529412,0.13381354154660527,0.9911609272900154,7.496757632782723,-0.43883262733537076,88.23529411764706,0.0,88.23529411764706,-3.0910228733025087,-0.03091022873302509,0.0,16.666666666666664,0.0,8.505200875623187,8.831791697439202,74.56580189505267,49.90576171105318,41.6602362117996,45.05600549842957,45.351795517716425,46.98720095012226,9.743304890767734,1.9525466118228347,3.872146080091174,-11.406302432841526,-9.453755821018692,9.193506961112123,0.10877241995137749,0.008813011679282789,17.482706256427548,0.057199382368639196,0.013409209481284408
81,1213,256,256,15.53125,1,16,94.140625,-0.11565888479501418,0.1162539532435621,1.4154348708234146,0.5499454755846078,0.0,0.0,0.0,-5.826712531468976,-0.05826712531468976,0.0,0.0,34.50520833333333,0.001092988045979096,0.0025485346947543177,1.3134384766245977,1.6046661305135088,1.4227169416642622,1.1872391887384537,1.1664292552516704,1.3351889622815556,0.6923460806089206,-1.6580278206424488,1.6825188681399175,-0.08321577793182694,-1.7412435985742758,0.3765118551287557,1.0,0.007848465940662054,0.12523914558856353,1.0,0.012182896570998844
81,1214,512,256,15.53125,1,16,94.140625,-0.09886988843067873,0.09890207800356349,1.0353946477054636,0.4610070528284066,0.0,0.0,0.0,-4.984560321601045,-0.04984560321601045,0.0,0.0,16.666666666666664,0.005247707191419924,0.009236394112936641,6.099371952987823,3.7005782165358783,2.2261296892142344,1.9238421614091674,1.8911286249871484,2.283444020116478,0.8053896801317302,-1.4249831805160857,1.4390237299679693,-0.0860368449713793,-1.511020025487465,0.3842109273684763,1.0,0.007324764986007765,0.17418878073265687,1.0,0.011061300206938933
81,1215,768,256,15.53125,1,16,94.140625,-0.09097576416493694,0.09099919127314962,0.8767470701096773,0.4365906413809325,0.0,0.0,0.0,-4.595199322835743,-0.04595199322835743,0.0,0.0,16.666666666666664,0.01813873846852664,0.03114631259512361,17.49469338575689,7.301560501194958,3.196175018856004,2.8986926681111256,2.8621477367005745,3.569634383761368,0.9238530105613443,-1.3114160037511937,1.3241956578313323,-0.1036813739376198,-1.4150973776888138,0.368557283503874,1.0,0.006732144938684183,0.30592262555497673,1.0,0.010307051849587974
81,1216,1024,256,15.53125,1,16,94.140625,-0.09918176198616549,0.103041210210558,1.1197728909614226,0.4732134037493037,10.9375,0.0,10.9375,-4.295741925207924,-0.04295741925207924,0.0,0.0,0.0,0.40695592854046847,4.286201362027551,75.68736084760074,17.29798733156075,5.702158637426127,6.203875252616518,6.129715059417992,7.904048461217188,1.4833734939183896,-1.4363246855074578,1.4965112034070593,-0.537680167445512,-1.9740048529529695,0.36590348344416146,1.0,0.006123495945572257,2.901254380803743,0.3446784972102195,0.011288102774460141
81,1217,1280,256,15.53125,1,16,94.140625,0.03607296435896927,0.08638012317640356,0.3235830552890815,-0.1801637455890803,100.0,0.0,100.0,-0.9587675102636605,-0.009587675102636608,0.0,8.59375,0.0,9.679938878375147,15.504974356062744,96.6746627750529,49.25211170772758,31.689908650326583,40.14742213405145,39.82953957352681,43.22566574689065,21.29027812844018,0.5755255570843854,0.8044663514269338,-10.012901623353866,-9.43737606626948,0.2628229184472251,1.0,0.006237608715416484,4.934209445299179,0.20266671106811243,0.01284344356746922
81,1218,1536,256,15.53125,1,16,94.140625,0.061021522565186004,0.08827212970000771,0.4525083933400872,-0.295612010929395,100.0,0.0,100.0,-6.201458129334748,-0.06201458129334748,0.0,63.541666666666664,0.0,19.369652939740813,22.137474843257998,76.22901927055202,49.998602591033965,48.68648250380776,49.75381032479343,49.75606148670079,49.85295150172864,44.308804558505386,0.8830156913511228,0.951323702364329,-25.409815218787013,-24.526799527435887,0.16380413418224143,1.0,0.005294941686720551,6.421240024018565,0.15573315999082935,0.017697246695084125
81,1219,1792,256,15.53125,1,16,94.140625,0.057161308640968064,0.09195971882054872,0.6813652653106266,-0.2561944786619908,100.0,0.0,100.0,-15.48957570469151,-0.1548957570469151,0.0,74.4140625,0.0,19.517264228447413,23.126507148326994,55.819035824027395,49.999467908901536,49.36601600719311,49.845154246177145,49.859122176341586,49.89725400483869,39.84506257219469,0.8617068571820532,1.1673604972849019,-34.965247859129406,-34.10354100194735,0.5673658737551903,1.0,0.00546279020216261,5.698845905596936,0.175474125211542,0.020039653722601237
81,1220,2048,256,15.53125,1,16,94.140625,0.04458880815836895,0.046037742224615825,0.227539329386544,-0.21403214875091464,100.0,0.0,100.0,-12.280876822903354,-0.12280876822903353,0.0,66.66666666666666,0.0,15.914013994993995,16.628571207914316,56.55061579682372,49.998677280755764,48.9772799575734,49.68081306206909,49.71397638797593,49.783500244961914,29.544168282010684,0.6471690162502017,0.6745951814036979,-28.14118603441952,-27.494017018169316,0.13501187738581646,1.0,0.004998738889948751,4.557708090719284,0.2194085229012951,0.02130453702544444
81,1221,2304,256,15.53125,1,16,94.140625,-0.07358255636185107,0.12493250710475165,0.7424243438864124,0.36012659999317975,100.0,0.0,100.0,-19.322909325818515,-0.19322909325818513,0.0,79.1015625,0.0,22.73402718972319,25.56378336777784,54.13364252019403,49.99981607771676,49.61020566685741,49.932996004390084,49.93749101175313,49.958565945662244,46.21449116617518,-1.0877707788837383,1.2185436749549952,-41.99611578186796,-43.083886560751694,0.5805025510907666,1.0,0.004524325273942202,6.720220039605204,0.1488046513516762,0.013611046778527553
81,1222,2560,256,15.53125,1,16,94.140625,-0.209418243678397,0.3466446862766806,4.903581820689809,1.0041774596231952,100.0,0.0,100.0,-39.57212262812362,-0.39572122628123624,0.0,83.33333333333334,0.0,26.46431800408944,27.428980317887074,40.295863771690286,49.99998825918065,49.87487583336225,49.98742209622472,49.98817946545089,49.99271656952071,49.054556371690566,-3.0257518148973523,3.1316391301329114,-65.67502350621368,-68.70077532111101,1.3593467185803154,0.7356474888499289,0.005882132969936089,18.551434494412018,0.05390418731776325,0.00859485862193778
81,1223,2816,256,15.53125,1,16,94.140625,-0.028364046522174613,0.2567922322460087,2.307857355131767,0.12576613463734967,100.0,0.0,100.0,-36.77744210077473,-0.36777442100774727,0.0,83.33333333333334,0.0,23.212017088399254,27.54637535157855,40.660880610654175,49.999955179125806,49.82876854070095,49.96738180746359,49.97144048680333,49.97949605821854,45.03206487048899,-0.26321193236265283,2.148421446146806,-57.08685286643083,-57.3500647987935,1.3765333948896765,0.7264625789047028,0.0033461795209437186,2.236460074064719,0.44713518993545953,0.01209318842898031
81,1224,3072,256,15.53125,1,16,94.140625,-0.11374155812864506,0.36809042802549746,4.079033420311093,0.5291047210011668,69.921875,0.0,69.921875,-19.271987678065408,-0.19271987678065405,0.0,30.924479166666668,0.0,9.497720244230194,18.90651736794438,49.25888230615671,49.90495555964536,44.23365189380068,46.07067841741059,46.45352853527582,46.40605159837469,9.969586283666782,-1.7512706891367817,2.856232980802194,-19.281233758410117,-21.0325044475469,1.398539025859715,0.7150318879269575,0.008241594097841686,27.42367781513274,0.03646483913431141,0.018166902398308593
81,1225,3328,256,15.53125,1,16,94.140625,-0.004881109614298718,0.1432081889020337,1.0764417207069623,0.031101334089917138,95.703125,0.0,95.703125,-7.2898080987148735,-0.07289808098714873,0.0,15.625,0.0,6.646488279079791,7.620174368990677,52.57415403579273,49.83436594907342,41.373042209652,43.80886345598644,44.44790315456994,44.8863219462675,4.38463394771745,-0.11416929574655721,1.4672707457773173,-12.6421212114128,-12.75629050715936,0.1411258120666745,1.0,0.0076428503667449995,3.6445214576605736,0.27438444569946424,0.027177305800023213
81,1226,3584,256,15.53125,1,16,94.140625,-0.003947709907849532,0.1804208903077219,1.0289656809969951,-0.006172270736652358,78.515625,0.0,78.515625,-5.803925792323646,-0.05803925792323646,0.0,10.872395833333332,0.0,5.9317364727902175,8.529998636707697,61.73240521977715,48.594280058182115,34.473142219391086,37.47936811219812,38.102565998295844,39.88444577035274,6.417582526225067,-0.1529771157655544,1.4345491842366334,-9.608788855176298,-9.761765970941854,0.5701318067970784,1.0,0.008329507432192018,5.762797325582442,0.17352683835691388,0.037605943362030235
81,1227,3737,153,15.215686274509803,1,16,90.19607843137256,0.136024651683276,0.9194174557913712,6.7289107993499195,-0.7264415764807043,89.54248366013073,0.0,89.54248366013073,-2.3184338321129245,-0.023184338321129247,0.0,16.666666666666664,0.0,8.958562204589667,9.300401020960942,80.23900895420626,49.93643631469334,43.164034708522436,46.328253464474635,46.61191067638389,47.62381836316218,10.680740958469109,1.9800351337143067,3.6684903705338847,-11.164846527083188,-9.18481139336888,2.2917138701787456,0.4363546483758915,0.00783463053449047,17.10453898749448,0.05846401360078298,0.032741776289236434
82,1228,256,256,15.53125,1,16,94.140625,0.009739940489046313,0.17051843453775847,1.7054446032280595,-0.06558120140533072,100.0,0.0,100.0,-9.130456905478846,-0.09130456905478845,0.0,17.317708333333336,0.0,9.43196492116548,14.558585490734579,72.4926910077425,49.90431698817768,41.7691116353169,45.94422700019927,46.150563511616824,46.503135313459936,11.785608464952109,0.3624741238962756,1.8468592817148033,-13.010918466467345,-12.648444342571066,0.463614449450289,1.0,0.006442567281673499,5.600767112124631,0.178546970438243,0.03492410330722227
82,1229,512,256,15.53125,1,16,94.140625,-0.040646588500471634,0.040816025648379134,0.17575445523596012,0.19833085952848467,100.0,0.0,100.0,-6.758706484866453,-0.06758706484866453,0.0,16.666666666666664,0.0,8.504952604900474,8.843305052101016,87.25262294455175,49.887447938196466,40.58432936916604,45.28473540228801,45.53275949609385,45.8975477099828,9.148433138097017,-0.5842389605116438,0.5928818689013186,-9.74750364846372,-10.331742608975366,0.15889254690793386,1.0,0.005861483358531848,5.639169756082015,0.17733106880165644,0.031365395145548126
82,1230,768,256,15.53125,1,16,94.140625,-0.0266144807660948,0.026927739594664934,0.0760482731510024,0.12233371245569115,100.0,0.0,100.0,-6.462015817018903,-0.06462015817018903,0.0,16.666666666666664,0.0,9.201528645077875,9.536081389583735,87.04260795940418,49.92963892285783,42.404817502120494,46.45373359811406,46.6597414255732,46.93667926142178,10.55192224445307,-0.38123172576474734,0.3899955721569218,-10.571292451817826,-10.952524177582571,0.1709265225308361,1.0,0.0051565068489239805,3.7223713125349644,0.26864595604219615,0.02922286324144546
82,1231,1024,256,15.53125,1,16,94.140625,-0.041154295007968654,0.08293199232757452,0.3518771639855922,0.19143534480033297,100.0,0.0,100.0,-6.232636053806842,-0.06232636053806843,0.0,17.1875,0.0,10.61561858623697,15.780875455099089,84.46159103966454,49.961018030450084,44.31136519840487,47.61859416818397,47.76226565763044,47.971982210385946,15.333559770317432,-0.6034845096429541,0.8389006663313509,-12.568575201539481,-13.172059711182435,0.6495808345841169,1.0,0.005016661696655374,6.415574115135261,0.15587069560007988,0.027579233814986226
82,1232,1280,256,15.53125,1,16,94.140625,-0.07997637346286507,0.15012060238807695,0.7761492625198414,0.3777716296569045,100.0,0.0,100.0,-17.543511123035046,-0.1754351112303505,0.0,74.86979166666666,0.0,21.673552478216095,24.537651638683904,56.28970607433154,49.99960975321624,49.335804312439,49.90605796361936,49.907630618111085,49.932964576104126,46.657016663888726,-1.1254165290266287,1.2459127276979245,-38.503580831628064,-39.628997360654694,0.6404908308158698,1.0,0.004392561204081569,8.568078729952921,0.11671227955739089,0.024865547373423707
82,1233,1536,256,15.53125,1,16,94.140625,-0.13442564772093768,0.28933300752905194,2.239399950612578,0.6435782706184585,100.0,0.0,100.0,-34.55604371698955,-0.3455604371698955,0.0,83.33333333333334,0.0,25.37903597998879,26.22176073322581,42.43505821917587,49.999979300750766,49.82567319296951,49.9836168321427,49.984206671434514,49.98846786281337,48.89608312180019,-1.9421536218148086,2.116317533175293,-59.80676602093201,-61.74891964274682,1.147977811661937,0.8710969757789061,0.006677938008391938,11.520376344004992,0.08680271981916485,0.02340730261915196
82,1234,1792,256,15.53125,1,16,94.140625,0.030188435850931478,0.08052498139053457,0.6104619053890583,-0.15214760873272593,100.0,0.0,100.0,-25.364973364392267,-0.2536497336439227,0.0,83.33333333333334,0.0,19.575321351676862,24.915705943628744,43.58901167979286,49.99979650923957,49.61509392700157,49.919846475913715,49.92790375334106,49.93467730652884,40.52367878077682,0.42120909989938404,1.1049542120731142,-44.90884421853422,-44.487635118634834,0.3170202885288545,1.0,0.007293848065543907,2.646096695401084,0.37791513882996036,0.020759012294219836
82,1235,2048,256,15.53125,1,16,94.140625,-0.0605771560518622,0.11785944976548016,0.9878717985365845,0.28968399241743403,100.0,0.0,100.0,-20.574155816863374,-0.20574155816863376,0.0,80.078125,0.0,19.949872037022047,25.216697720621077,49.26458051999626,49.999775076260335,49.577350910093784,49.9167402031901,49.924368524981816,49.932630206891794,41.47767291250524,-0.8960980205826118,1.4056114673241566,-40.4953656896043,-41.39146371018691,0.30036854973492694,1.0,0.006649804221409553,5.660281941782152,0.17666964477835673,0.02116191812893097
82,1236,2304,256,15.53125,1,16,94.140625,-0.2114996486578167,0.35482714652553654,4.866796969452623,1.0058589935571018,100.0,0.0,100.0,-39.08895484729138,-0.3908895484729138,0.0,83.33333333333334,0.0,26.441956857158253,27.3665705298564,40.437284030072284,49.99998855182082,49.873972229503465,49.989092493867,49.98949705526024,49.992204832062676,49.22370567774307,-3.064843215621741,3.119870820868269,-65.39004161974373,-68.45488483536548,0.941486941597785,1.0,0.00828306462522207,17.880254928248366,0.05592761423217385,0.021273271846872565
82,1237,2560,256,15.53125,1,16,94.140625,-0.10028088524535492,0.4129697925333087,5.125820239969357,0.47676677739381285,100.0,0.0,100.0,-45.689482273684106,-0.456894822736841,0.0,83.33333333333334,0.0,26.361211528186114,27.87062000195173,36.985957981538455,49.99998947502631,49.89932772675033,49.98957765581278,49.990313715540026,49.99221006327038,48.70886006868317,-1.411081904132978,3.2018183083895804,-71.27356696112702,-72.68464886526,1.3636608285113798,0.7333201769032518,0.005103629499545388,8.23721129931882,0.12140030935987953,0.021446493046766275
82,1238,2816,256,15.53125,1,16,94.140625,-0.00381328808793982,0.27247157322739746,1.495613505119584,0.035197044768014434,98.4375,0.0,98.4375,-23.26890477974436,-0.2326890477974436,0.0,66.9921875,0.0,16.92688748770398,21.750124493695065,50.807596802708176,49.99554200632458,49.083635657166845,49.6001166183683,49.648133858180856,49.562014282912024,30.131152269324883,-0.05086620534338318,1.7295164093581674,-33.3156625247068,-33.366528730050184,1.2397394380660822,0.8066211086742057,0.005728300989123547,8.393131151696474,0.11914504633921674,0.019537077397745014
82,1239,3072,256,15.53125,1,16,94.140625,-0.02415931776083822,0.21784399618821684,2.0312033243824636,0.10628008107982373,100.0,0.0,100.0,-9.407624672126406,-0.09407624672126405,0.0,16.666666666666664,0.0,7.558832910064773,8.941559136451561,51.88502748788391,49.94184288092467,44.44477740383686,46.930672729167696,47.22365323534905,46.73050597687681,5.65844357662214,-0.30233826431665123,2.015541279350271,-14.56842807268416,-14.870766337000811,0.6571084059176653,1.0,0.005023468672591483,6.854295725015237,0.14589390947204528,0.02449117379350325
82,1240,3328,256,15.53125,1,16,94.140625,-0.03388487057475077,0.14360983124372645,1.030492093978694,0.15868392589432853,100.0,0.0,100.0,-9.250943854645108,-0.09250943854645108,0.0,15.299479166666666,0.0,7.364356112222378,9.534039454419073,47.669959795223456,49.83769444570282,41.76869312795948,44.896966564900964,45.33806914843065,45.43298058259606,6.979878260302156,-0.4830712518202208,1.43561282662053,-15.44863084394774,-15.931702095767962,0.7212985670825313,1.0,0.006293165839377327,5.880793537900885,0.17004507870496405,0.027390215011106674
82,1241,3581,253,15.525691699604742,1,16,94.0711462450593,0.12815326320475698,0.7735148656820416,5.200302747123377,-0.6273663709844478,93.67588932806325,0.0,93.67588932806325,-1.847399006755261,-0.018473990067552612,0.0,16.666666666666664,0.0,10.110434288285076,10.665852550626953,84.96617178825181,49.97087525496121,45.397917626306565,47.996830136288224,48.149393527376915,48.45246383048257,14.17832495707013,1.8688273191070972,3.224996975850792,-11.899364271091045,-10.03053695198395,2.348456977409524,0.42581150500915477,0.006305472269714611,15.652154258102778,0.06388896911633246,0.022623527444162995
83,1242,256,256,15.53125,1,16,94.140625,0.025811146741775662,0.026989750540719653,0.07840817251467372,-0.11840358247232997,100.0,0.0,100.0,-0.7484518821638015,-0.0074845188216380145,0.0,0.0,0.0,3.9798111283144677,4.3078161895070055,97.91326850439754,48.31090114646774,25.121726633797465,31.974621748908177,32.259542486676494,32.2765463820604,3.7989788348667197,0.3833239440392705,0.39600043564287585,-4.064629022302247,-3.6813050782629766,0.1129890093860987,1.0,0.005601087004809864,2.924042571471179,0.3419922848444947,0.01881323345523609
83,1243,512,256,15.53125,1,16,94.140625,0.030275758628153532,0.030392786917763866,0.09841409835384043,-0.13946968900042128,100.0,0.0,100.0,-0.6714902950074757,-0.006714902950074757,0.0,0.0,0.0,4.65494374442612,5.0944367186787645,98.74301140019,48.9107638848036,28.320444935857466,35.28702752173579,35.5933340075181,35.56822723263757,4.394363557082724,0.43876372842840516,0.44365323926201744,-4.714200709922002,-4.275436981493597,0.056962563280043774,1.0,0.005062958143221143,3.349355979884271,0.29856486023159373,0.016715915971575134
83,1244,768,256,15.53125,1,16,94.140625,0.03946950871181037,0.039560961632270145,0.1666069108367617,-0.1805497516502524,100.0,0.0,100.0,-0.6511097691414858,-0.006511097691414856,0.0,2.213541666666667,0.0,5.522287973387198,5.956610549509999,98.76178830552588,49.382918279401565,32.138464240259765,38.90111498019897,39.19839441333861,39.15148771295687,5.297021189520221,0.5714959349966428,0.5772467597774139,-5.5915228633807725,-5.02002692838413,0.19389056785911754,1.0,0.004877877056735004,4.373514940657288,0.22864904169041472,0.016350276508584966
83,1245,1024,256,15.53125,1,16,94.140625,0.03127978593831576,0.040091878021993314,0.166347650529431,-0.14972453772142102,100.0,0.0,100.0,-0.6528198786418898,-0.006528198786418898,0.0,16.666666666666664,0.0,6.984307025921174,12.132928540308537,98.29198761605817,49.67511393019735,36.20496907545527,42.4050633111664,42.63275390029625,42.65429085853263,8.450655086499225,0.4460871155207258,0.5767974523685607,-7.105672797260774,-6.659585681740047,0.07925618434388956,1.0,0.004427952250387982,3.4121091104136916,0.29307386359598503,0.017231557706295718
83,1246,1280,256,15.53125,1,16,94.140625,0.024896061045697082,0.09698914602452426,0.173343775279309,-0.11285921923693963,100.0,0.0,100.0,-6.586628034273161,-0.06586628034273162,0.0,57.161458333333336,0.0,18.445467535187863,22.334024971526883,75.0429293942044,49.996243835585496,48.08044239505819,49.64791036214894,49.64179422054103,49.71161622034934,43.19459453569922,0.384324234070727,0.5888017922515335,-24.57988738458338,-24.195563150512655,0.13426770493694293,1.0,0.003998270421209433,3.1439728089994383,0.3180689085915624,0.021355460385747094
83,1247,1536,256,15.53125,1,16,94.140625,-0.06363144646892391,0.15064270530937293,0.6201332161228003,0.3177597775401857,100.0,0.0,100.0,-22.27668080234566,-0.2227668080234566,0.0,83.203125,0.0,24.057133821205163,25.743371930651747,52.09551734796207,49.999943427194516,49.726228260935684,49.97300188279125,49.97315268274157,49.97703361197724,48.469409678503354,-0.9533577964856114,1.1136724977503936,-46.17889416573047,-47.132251962216074,0.28220658642055185,1.0,0.0035160094389492017,5.860177566334752,0.17064329342932352,0.015922168647379553
83,1248,1792,256,15.53125,1,16,94.140625,0.031232899087993204,0.09705806662340852,0.5233571689437414,-0.15519944489719018,100.0,0.0,100.0,-24.453978670838723,-0.2445397867083872,0.0,83.33333333333334,0.0,20.578873497082675,25.67368272889717,45.72461443571334,49.999845953437394,49.686062655707005,49.943186121135504,49.947757137038515,49.94325564718403,42.03443048643571,0.5039519264623853,1.023090581467488,-45.00611705762026,-44.50216513115788,0.5989204396379351,1.0,0.0031224613426863402,3.2935453249663666,0.30362418042940154,0.01730632729418272
83,1249,2048,256,15.53125,1,16,94.140625,-0.012182598585453064,0.06748700478105796,0.2758432547868643,0.0539795150760152,100.0,0.0,100.0,-18.051580091926837,-0.1805158009192684,0.0,83.33333333333334,0.0,18.869246561964268,23.197324365266773,51.14917957296648,49.999743055373045,49.573551168535076,49.91695520787862,49.923562508664865,49.916642665957546,39.24153214532585,-0.1829023783159728,0.7427560229131289,-36.890614315810254,-37.07351669412622,0.2916191811315716,1.0,0.0029972774903980273,1.2760131252406448,0.7836909983284136,0.016192797030503706
83,1250,2304,256,15.53125,1,16,94.140625,-0.17651012269351415,0.27639210288378685,3.420532173552432,0.8811469180497098,100.0,0.0,100.0,-32.97109499901331,-0.32971094999013306,0.0,83.33333333333334,0.0,26.007411361536732,27.309259901672796,44.16761845479855,49.99998269837495,49.85556088573651,49.98778244671894,49.98793390349608,49.9893123167019,49.05326787629694,-2.5534061016809195,2.6155428398527265,-58.883436036183156,-61.436842137864076,1.1414092577591655,0.876109943214599,0.004656460155943953,15.05622676067015,0.06641770317993605,0.014784556666761588
83,1251,2560,256,15.53125,1,16,94.140625,-0.16978003816525952,0.4374121621752077,5.479036588294409,0.7963849604179369,100.0,0.0,100.0,-47.11373559733322,-0.4711373559733321,0.0,83.33333333333334,0.0,27.446747752848687,28.12571986969489,37.0036007759614,49.99999397855948,49.91563495784416,49.99364288973221,49.993774378947265,49.99435728128314,49.32380285041067,-2.4515678520335475,3.3102980495098655,-74.17318092643265,-76.6247487784662,1.1172158733856283,0.8950821625632515,0.007445285954896255,14.386931944399906,0.06950752278975286,0.015671358468987
83,1252,2816,256,15.53125,1,16,94.140625,0.05244000833051733,0.24987419892969484,1.2938556493666948,-0.2409613018968074,100.0,0.0,100.0,-26.568700017307222,-0.26568700017307223,0.0,80.92447916666666,0.0,19.847812197423387,25.122570055119468,48.459175193678455,49.99975801222817,49.75313682318734,49.936354676501075,49.94422663585825,49.92288434013749,37.48402944489544,0.6450922400777914,1.6086364719020234,-40.95780028879351,-40.31270804871571,1.3993695402688116,0.7146075223331682,0.007358204091818872,14.359058028821087,0.06964245133579298,0.015867637269407164
83,1253,3072,256,15.53125,1,16,94.140625,-0.05520473772626108,0.24832289146399047,2.4239989679312277,0.2718611689051492,100.0,0.0,100.0,-12.396302443520248,-0.12396302443520252,0.0,16.927083333333336,0.0,8.169551753663756,11.53268344348908,49.69178486489301,49.9621422247517,45.805326813838505,47.94897799781508,48.13012070995339,47.32563687606489,6.028789418978892,-0.7835529300080551,2.2018169623886665,-16.440447401670014,-17.224000331678067,0.2509839571134051,1.0,0.007563272564037653,12.14815593429264,0.08231702041106766,0.01690122459354653
83,1254,3328,256,15.53125,1,16,94.140625,-0.029977135292186124,0.1395270084284031,1.13442656692786,0.15535921445926645,100.0,0.0,100.0,-8.945530011444855,-0.08945530011444856,0.0,16.341145833333336,0.0,7.548356894441672,9.367246418192142,48.70018237919535,49.875670948916095,43.354568372656004,46.09768677560393,46.42251607380537,45.88002301506923,6.093989491416424,-0.4912091822174585,1.5062712683496688,-15.499648103302217,-15.990857285519676,0.44966083961593534,1.0,0.007686310343682787,4.7893274697952775,0.20879758302322676,0.018597546650850366
83,1255,3584,256,15.53125,1,16,94.140625,0.07215118217104462,0.07284618493285078,0.5713570112946027,-0.3380641834928308,100.0,0.0,100.0,-2.0300626573688447,-0.020300626573688446,0.0,16.666666666666664,0.0,9.538681332375898,10.199079491616414,83.05721706399734,49.96060980899113,44.9398877916851,47.79781001579398,47.931683951522686,48.036409035166784,12.126234751428962,1.0540046873795725,1.0689780271779235,-11.484470187613127,-10.430465500233554,0.37507610335831665,1.0,0.007049938680474544,9.031590072250966,0.11072247433731983,0.01660405788175618
83,1256,3631,47,13.446808510638299,1,16,68.08510638297872,0.33489176707613394,1.7417066347898258,23.701126207531722,-0.796850986120766,65.95744680851064,0.0,65.95744680851064,-1.6458897460533546,-0.016458897460533545,0.0,16.666666666666664,0.0,10.290267917076651,10.387249909866267,86.55348559428862,49.97700188255618,46.104932769470295,48.41348242408699,48.51320447173814,48.568967500197175,13.696637491972007,4.78606126296537,6.884929368923362,-11.888912210088593,-7.102850947123224,12.320458350662507,0.08116581149322477,0.007929569005321518,40.443037745602176,0.02472613472534568,0.016615954924386306
84,1257,256,256,15.53125,1,16,94.140625,-0.011294901549776963,0.07809410435564312,0.265717906017856,0.058857849584421446,0.390625,0.0,0.390625,-2.4069903181700187,-0.024069903181700183,0.0,0.0,0.0,0.5753246179128575,3.2428836992809456,44.957029667076334,28.596465081462476,9.514692619130278,11.60121461481965,11.523242601358866,11.525648495190898,1.5847301989255858,-0.04561022637343291,0.7289964417167699,-1.2797211518940466,-1.3253313782674796,0.2715749021879887,1.0,0.006916290814915087,1.507411038375866,0.6633890654518708,0.02119010197810879
84,1258,512,256,15.53125,1,16,94.140625,-0.017238256614878864,0.017250207501460252,0.03150375274701668,0.07939524306362754,0.0,0.0,0.0,-0.9528324117604283,-0.009528324117604283,0.0,0.0,0.0,0.24113273829350906,0.36665872570968483,90.11512981191655,27.058648569005157,8.118610394317884,9.473652145806515,9.422839174640998,9.526617479752748,1.3797686189710183,-0.2483986647133513,0.2510129588169371,-0.2675829672517682,-0.5159816319651196,0.036359081725303735,1.0,0.006257597079257838,0.4155128797460281,1.0,0.01799481671330663
84,1259,768,256,15.53125,1,16,94.140625,-0.014208735746426511,0.014258790551408138,0.021457065284909704,0.06634017713755427,16.40625,0.0,16.40625,-0.9143617128128841,-0.00914361712812884,0.0,0.0,0.0,0.5482951328064145,0.7863434623542855,94.80662798124011,34.70932791881111,10.821447109938038,13.031914187335984,12.98650934658486,13.23605382762947,1.6314135070528502,-0.20427985967550927,0.2071572604805813,-0.5783299590772373,-0.7826098187527467,0.02651336184400536,1.0,0.005604781074097292,0.6648826093514242,1.0,0.014959878985301586
84,1260,1024,256,15.53125,1,16,94.140625,-0.023239956020777816,0.031688741944880014,0.10502282254770895,0.11378238496813939,100.0,0.0,100.0,-0.8766200962105568,-0.008766200962105567,0.0,0.0,0.0,1.6518726143118592,6.426235822144622,97.23481151177104,41.60070150987974,15.280434336299118,19.40749269289178,19.3131575225417,20.03252484755637,2.668920965746218,-0.3401614364343777,0.45830736967172797,-1.6988489910446187,-2.0390104274789964,0.1049941770757916,1.0,0.005138098675434162,2.218464228171547,0.4507622828898159,0.012110518966480471
84,1261,1280,256,15.53125,1,16,94.140625,0.055208620134528444,0.0784012436256293,0.4000159958803327,-0.2570159083726746,100.0,0.0,100.0,-1.229056587446171,-0.012290565874461708,0.0,26.171875,0.0,13.04426733674597,18.218911081809825,92.58494576400864,49.86703041891972,40.716733399775705,46.80452992429189,46.62235671502842,47.38167421559841,31.195305397888216,0.831322877156516,0.894445074759018,-14.08897227200924,-13.25764939485272,0.2238001916198403,1.0,0.004840102524673109,7.086596728905687,0.14111145846934908,0.0157093269425932
84,1262,1536,256,15.53125,1,16,94.140625,0.022217035869740637,0.08787172751844657,0.1525774772787652,-0.1133895378316276,100.0,0.0,100.0,-11.210675911922245,-0.11210675911922244,0.0,72.91666666666666,0.0,21.213204143126823,23.61342120616068,65.81108549752325,49.99959958563937,49.293745815977296,49.907971039404366,49.90439020875692,49.91910230064029,46.46328381671178,0.31218055989465,0.5524083223101643,-32.23348161294979,-31.921301053055146,0.21322005975868927,1.0,0.00401404916708617,2.36161365248136,0.4234392865019622,0.020681647230254483
84,1263,1792,256,15.53125,1,16,94.140625,0.04375436835442162,0.09135213709277566,0.5922718969256725,-0.2121443632065726,100.0,0.0,100.0,-19.029836026369495,-0.19029836026369493,0.0,77.9296875,0.0,20.101557503499002,24.167067861408928,51.412975555270904,49.999758984155605,49.60604969734821,49.924545399523424,49.92747984575425,49.92077292958182,40.44593353970546,0.6876061891525453,1.0883674902583893,-39.09821846799951,-38.41061227884696,0.32770099614979464,1.0,0.0036843255749612904,4.651637500445586,0.2149780587812805,0.022080778350520948
84,1264,2048,256,15.53125,1,16,94.140625,0.030736880200812833,0.03795504385916362,0.14563567170882075,-0.14151302119818548,100.0,0.0,100.0,-14.298977517157207,-0.14298977517157205,0.0,66.66666666666666,0.0,17.266963559869787,19.429043589760965,54.770712693851486,49.99950786097766,49.44081566345782,49.86789837666953,49.874263877111105,49.859991078944034,33.58033406061365,0.44416587851814704,0.5396956025554048,-31.525906292996186,-31.08174041447804,0.1426480321299227,1.0,0.0035937535515251527,3.1147225587591265,0.3210558825497414,0.022695973518449503
84,1265,2304,256,15.53125,1,16,94.140625,-0.11632475762564637,0.17858383805817235,1.6353029103818253,0.5480061604894106,100.0,0.0,100.0,-24.538601609172076,-0.24538601609172073,0.0,81.640625,0.0,24.329644499859306,26.652246757674117,49.863996949300805,49.999938010623005,49.75786909572548,49.97284311423429,49.972409550345255,49.97513123806873,47.97551765411582,-1.7094994897481928,1.80848163406866,-48.79200623366887,-50.501505723417054,0.9099859358174897,1.0,0.005516490610397158,10.557977684663989,0.09471510831591849,0.015489188410842316
84,1266,2560,256,15.53125,1,16,94.140625,-0.23263656156222282,0.4192265163394634,5.930522039401935,1.087801502073491,100.0,0.0,100.0,-43.74487563462431,-0.43744875634624303,0.0,83.33333333333334,0.0,27.318958345566692,28.10143578791979,38.63211660136415,49.99999267262817,49.905469511998305,49.992608239791,49.99244508485324,49.99330042639292,49.251081142106266,-3.3795102122079967,3.443986654852755,-70.71566548492459,-74.09517569713258,0.7284667450631821,1.0,0.007877314112281436,20.65323796646044,0.048418557982236834,0.011177214118539726
84,1267,2816,256,15.53125,1,16,94.140625,0.05006188553117644,0.16344357193265396,1.5286346730021299,-0.23415096202930863,100.0,0.0,100.0,-32.665577645432315,-0.3266557764543231,0.0,83.33333333333334,0.0,22.279804469684553,27.656345693021898,43.662444625594446,49.99995871463392,49.863605519720096,49.97473525545034,49.97639213285042,49.972905519967476,42.702807874186746,0.7502728498717135,1.7485048887561796,-51.027386718114215,-50.2771138682425,0.4627789977815318,1.0,0.007598275424212067,10.675641732006845,0.09367118390661996,0.013602764075852728
84,1268,3072,256,15.53125,1,16,94.140625,-0.08340474210344043,0.32508565724746846,2.4742465408221066,0.4098293306849189,100.0,0.0,100.0,-16.348093992948925,-0.1634809399294892,0.0,29.752604166666668,0.0,9.766101642073593,17.126459042302066,50.25256832569052,49.97558559781264,47.0121912862259,48.47363398711478,48.55195050789749,47.98257342755552,8.608616806464676,-1.2305129404153123,2.2245208656347133,-19.43403485127125,-20.66454779168656,1.2104318728914638,0.8261514112406947,0.007400568786142446,15.855834297717784,0.06306826756785264,0.016186222817502663
84,1269,3328,256,15.53125,1,16,94.140625,-0.0026483860319063413,0.14833404794757873,1.5566175441938983,0.013212123218299232,100.0,0.0,100.0,-8.088804581986825,-0.08088804581986823,0.0,16.666666666666664,0.0,8.468242133352891,9.72395680194955,53.40273441479594,49.94879705286707,45.822427028859806,47.58929646114238,47.73453850239491,47.309283741265816,6.4309953759782035,-0.08869885366476088,1.7644361956125805,-15.857319341697703,-15.946018195362468,0.4074493824676646,1.0,0.006772322728225765,1.9193826470534254,0.521000854902574,0.026127538495392785
84,1270,3584,256,15.53125,1,16,94.140625,0.06305761735671199,0.07475834153085573,0.4456921018583643,-0.29974369224833086,100.0,0.0,100.0,-3.2727011769531433,-0.03272701176953144,0.0,16.666666666666664,0.0,8.22669983735791,9.41731118850342,73.5662669221966,49.90921783483502,43.14549290421776,46.20284277465511,46.297186023805494,46.61532543987876,8.88362271985838,0.9182515434874945,0.9441314546802942,-11.182706669156442,-10.264455125668947,0.13625232911959217,1.0,0.00599281227891889,8.540246284177249,0.11709264191276635,0.02260969586976701
84,1271,3688,104,14.846153846153847,1,16,85.57692307692307,0.18393374255414863,1.115034042023757,10.001613987047367,-0.8293110450577206,84.61538461538461,0.0,84.61538461538461,-1.670612119425802,-0.01670612119425802,0.0,16.666666666666664,0.0,9.606930625099007,9.827183986733987,85.65743602669383,49.9682452259395,45.456376485561314,47.850245632421476,47.88358349586293,48.15391528287997,11.363194720333883,2.6565232640396537,4.47249683891389,-11.215524384952586,-8.559001120912932,5.2070612955821165,0.1920469038550479,0.006842153851690675,22.71678646387282,0.04402031077724527,0.022249210045182984
85,1272,256,256,15.53125,1,16,94.140625,-0.05546094869285057,0.10013570346053001,0.9180073373565925,0.2550570798734162,54.6875,0.0,54.6875,-2.9418720242868877,-0.02941872024286887,0.0,0.0,4.8828125,0.48990064872265804,1.2096404103540463,74.1761722543213,25.9331169814645,8.734376654928653,10.036631441964436,9.80309840702267,10.049630767913762,1.3820557910310334,-0.7218227696527526,1.354996189925708,-0.6604555530891766,-1.382278322741929,0.42686519353131125,1.0,0.006359656485354281,0.9002278870012331,1.0,0.023200558581868983
85,1273,512,256,15.53125,1,16,94.140625,0.012755886078047955,0.012981740012446678,0.01805431014623913,-0.06055039365484429,100.0,0.0,100.0,-0.0075440685832595215,-7.544068583259522e-05,0.0,0.0,0.0,1.6069863512617975,2.009450985943854,99.97627246245716,43.63442742521474,16.603233806841168,20.35872150364147,19.794036423144256,20.317675648448095,2.12299848001415,0.18595310577086444,0.19002268362613517,-1.6073677400457682,-1.4214146342749037,0.04946587516749949,1.0,0.0057315760174568966,1.1582890820544012,0.8633423343906069,0.022347084061146428
85,1274,768,256,15.53125,1,16,94.140625,0.020350182718070008,0.020490696748409254,0.04478886541235981,-0.0945273348115605,100.0,0.0,100.0,-0.007225487191574072,-7.225487191574073e-05,0.0,0.0,0.0,2.378752324513603,2.8083047571874413,99.98461597261418,46.3221347751431,20.455529326848687,25.255607409754806,24.53674798381656,25.199248515024408,2.5216775149174646,0.2953391863374629,0.2992953905838171,-2.3791183287288358,-2.083779142391373,0.02246651528777457,1.0,0.0052008136874796985,2.077760774908448,0.48128736093021235,0.022662961891307294
85,1275,1024,256,15.53125,1,16,94.140625,0.014159991661933108,0.0248770710608411,0.062857170797716,-0.06993883690294812,100.0,0.0,100.0,-0.014973824715429393,-0.00014973824715429395,0.0,1.1067708333333335,0.0,3.710219577098897,8.413216903990358,99.88445606703334,48.017765144328024,25.04751032794889,31.089957556599124,30.280538581508047,31.22006240178962,3.9824318667181053,0.20022520182833645,0.35456218297420267,-3.714511469741534,-3.5142862679131976,0.0407843735627887,1.0,0.0046230499130532786,1.4561259963709496,0.6867537579112412,0.02345570015716182
85,1276,1280,256,15.53125,1,16,94.140625,0.02979946597848762,0.09274425977884027,0.17282704783812083,-0.14748556895933052,100.0,0.0,100.0,-3.7535576997727738,-0.037535576997727735,0.0,37.95572916666667,0.0,15.258362549656834,20.096481827463325,82.21957926613453,49.96542501634508,44.76078132092664,48.55364246883355,48.38958752779383,48.79570662139722,35.85554112268068,0.45285229366202806,0.587923545774654,-18.5580644973473,-18.105212203685273,0.23413147648675842,1.0,0.0034565978188220536,3.9622715631629246,0.2523804802520248,0.02698782297466841
85,1277,1536,256,15.53125,1,16,94.140625,-0.027098135237593565,0.11189976855932664,0.21704794125713836,0.1343714709016734,100.0,0.0,100.0,-16.948849927808634,-0.16948849927808632,0.0,76.62760416666666,0.0,22.174855521778763,24.16987504272566,57.01559946408964,49.999820603917,49.50225470862921,49.939395179394324,49.93367377986013,49.946692270396284,46.94948064446965,-0.42834830408980284,0.6588595317017708,-38.892611373393066,-39.320959677482875,0.1572748792645062,1.0,0.0037376632443235965,2.8014360529956277,0.35695978101327047,0.019791686077593386
85,1278,1792,256,15.53125,1,16,94.140625,0.04045791663157719,0.08755039562690817,0.5426352582590069,-0.19815167664521594,100.0,0.0,100.0,-21.0036296761101,-0.21003629676110103,0.0,76.23697916666666,0.0,19.29984503488008,24.277203428287667,47.934021588852985,49.99971829887633,49.58096980462096,49.90961220198959,49.90576600139762,49.902995790608294,37.4998800648018,0.6203560452517539,1.041763176791162,-40.26335449260164,-39.64299844734988,0.1955338977297685,1.0,0.003183854094498963,4.213654141418546,0.2373237020500561,0.021863804977936545
85,1279,2048,256,15.53125,1,16,94.140625,0.0012274554486567946,0.06854357805380211,0.18955709113766128,-0.002835888845752331,100.0,0.0,100.0,-15.486198484982388,-0.15486198484982389,0.0,66.73177083333334,0.0,17.135675031251736,20.88223003929784,52.60514546916403,49.99948078328954,49.40499696711641,49.85656571745424,49.849575115478224,49.84622105469546,32.28470015902747,0.012417252874615703,0.6157224880376894,-32.574142469193035,-32.56172521631841,0.4270868001997572,1.0,0.0025114569241219452,0.4634266609055779,1.0,0.02223241228868527
85,1280,2304,256,15.53125,1,16,94.140625,-0.15232111538756346,0.2180080170678163,2.649457662996597,0.6932097113938458,100.0,0.0,100.0,-28.73380892971069,-0.2873380892971069,0.0,83.203125,0.0,24.604156604064123,26.44362790220946,46.24318461840636,49.99995793003487,49.774776207621755,49.97627921493651,49.97423188439459,49.978976022640026,48.1974602213559,-2.226248064547374,2.301937298449546,-53.20601685868934,-55.43226492323671,1.5866210995857157,0.6302702014117366,0.0029366175429506075,13.95823416000869,0.07164230006006558,0.018001499512155628
85,1281,2560,256,15.53125,1,16,94.140625,-0.22155744434554225,0.41797128828170044,6.321329167607974,1.0590767972030095,100.0,0.0,100.0,-46.67658662432369,-0.4667658662432369,0.0,83.33333333333334,0.0,27.087119626691482,27.85010266002343,36.9724107032583,49.9999925525581,49.90193665438131,49.991718359247116,49.99108450731721,49.99267706440279,49.084212940855835,-3.2153256095208254,3.5556516048701887,-73.2630605131311,-76.47838612265191,1.502106617235213,0.6657317054102366,0.006835899494722066,20.460031526291516,0.04887578001602694,0.016524636786891256
85,1282,2816,256,15.53125,1,16,94.140625,0.03635694377486337,0.21542904970608914,1.6348142273502189,-0.185011642404539,100.0,0.0,100.0,-29.983200293947668,-0.2998320029394767,0.0,82.68229166666666,0.0,20.312117951170897,26.088830843664184,46.36047526060987,49.99989025771268,49.81131718922232,49.95378110529133,49.95216042894599,49.94416763162481,37.29433673016442,0.465259487595131,1.8082113965740947,-43.81343771173344,-43.34817822413831,0.685902231331509,1.0,0.007174932784274038,6.807576657368294,0.14689515084896376,0.01893819725225749
85,1283,3072,256,15.53125,1,16,94.140625,-0.10426388067687975,0.3030651478024368,3.0634031664051817,0.513001298718769,100.0,0.0,100.0,-15.464274530515269,-0.15464274530515268,0.0,20.5078125,0.0,8.091821110335207,13.85599919386433,45.88873781792743,49.95822629408267,45.83075674542967,47.83476107882247,47.611367482344875,46.92354958077865,5.5555511628564815,-1.4868961207476925,2.4752386415879912,-17.63356652440757,-19.12046264515526,1.0084341392816563,0.9916364004815781,0.008745010885987796,20.522394404825587,0.048727257661750345,0.01463078510582874
85,1284,3328,256,15.53125,1,16,94.140625,-0.010009946262354047,0.14997596076915548,1.4668024141080083,0.06852498314806568,99.609375,0.0,99.609375,-8.425861763324868,-0.08425861763324867,0.0,15.8203125,0.0,7.6969160585308245,9.400404367224061,50.5254298003366,49.89549774095801,44.45370697613272,46.6219851463644,46.35161641929163,46.11364418605547,5.473891885235032,-0.20796554876580897,1.7127769347512876,-15.233746825998395,-15.441712374764208,0.6447215785376471,1.0,0.008312697108856376,1.920386388583031,0.5207285398111242,0.020789645365502984
85,1285,3584,256,15.53125,1,16,94.140625,0.049027486425817036,0.05107746538245771,0.27821571671315554,-0.23440880486868687,100.0,0.0,100.0,-2.4443200559698663,-0.02444320055969866,0.0,16.666666666666664,0.0,7.450590445361248,8.314925250125162,77.16537825216473,49.88053536920922,41.7656179063261,45.43080591840955,44.89384829879408,45.771816689697125,7.292736885189312,0.7238404087506592,0.7459433178374286,-9.655354012538954,-8.931513603788297,0.3825639248846405,1.0,0.00809111477201492,6.577514556544523,0.15203311089673163,0.020293348413100928
85,1286,3663,79,14.481012658227849,1,16,81.0126582278481,0.19043115478716371,1.1401889974253345,10.199875834236723,-0.8396158251138739,79.74683544303798,0.0,79.74683544303798,-1.6913133285828206,-0.016913133285828205,0.0,16.666666666666664,0.0,8.42940209322032,8.59790091255121,84.08828800395911,49.94162428736825,43.870161235097584,46.8802119312598,46.45136180857788,47.16358281656644,8.70880136501001,2.745020316433199,4.516608425408765,-10.024466300019618,-7.2794459835864185,6.1000785406775515,0.16393231551555193,0.010087624474721519,24.1399341702929,0.0414251336787248,0.021163764843727523
86,1287,256,256,15.53125,1,16,94.140625,0.004673434455207217,0.09595665419630175,0.44061996304811857,-0.029888482182755097,0.78125,0.0,0.78125,-2.028607643665667,-0.02028607643665667,0.0,0.0,0.0,0.5655601269008175,3.529390226935184,39.17800660772059,29.003795414395228,9.799793466828724,11.739584737704892,10.328848821273274,11.252162809784457,1.5071728789550378,0.20797039804241377,0.938743802161291,-1.443565346658974,-1.2355949486165603,0.6618402702357652,1.0,0.008958479631195356,3.2448670697225013,0.3081790343064868,0.02743344207400342
86,1288,512,256,15.53125,1,16,94.140625,-0.0029805784338274403,0.003008454281443701,0.0009536328469305689,0.013995122112204408,71.484375,0.0,71.484375,-0.22215902136277718,-0.002221590213627772,0.0,0.0,0.0,0.2117750153165624,0.3162124573464061,97.32399898123522,27.631138116660896,8.304118481854887,9.497497191638097,8.177126894988207,9.168207777204357,1.3026997634609117,-0.04277830452038338,0.04367225313469798,-0.21759793836399405,-0.2603762428843774,0.004838741283127735,1.0,0.008064120295982552,0.06135350419823184,1.0,0.02453268200324242
86,1289,768,256,15.53125,1,16,94.140625,-0.0010565286272324209,0.0013405652196576627,0.00018119518758833873,0.004800818285697492,100.0,0.0,100.0,-0.21343269589040456,-0.0021343269589040453,0.0,0.0,0.0,0.4506440656967596,0.6423632073358239,98.59011675960507,34.52878380537858,10.740007869904064,12.535833331840253,10.821058861207765,12.340976686503879,1.4994375311702437,-0.014724225964555693,0.019036553658072605,-0.45708847956390714,-0.47181270552846283,0.0022559932369156,1.0,0.007258174070504377,0.03565077624893022,1.0,0.021993294209261396
86,1290,1024,256,15.53125,1,16,94.140625,-0.010587317486721677,0.023288114946342277,0.05567435037679554,0.05601258709578962,100.0,0.0,100.0,-0.21203148293956076,-0.0021203148293956076,0.0,0.0,0.0,1.3315957093854798,5.561412344150412,99.02446110913812,40.83184475778737,14.393952378177632,17.694107521035153,15.525522409631677,18.01152258304777,2.2744904796575147,-0.15739324827699525,0.33368952748564207,-1.3447139166128703,-1.5021071648898656,0.01829317804101595,1.0,0.006553577612197416,1.1539298899202142,0.8666037761350845,0.01689920251446176
86,1291,1280,256,15.53125,1,16,94.140625,0.02830037537189336,0.0800804508430554,0.14388416497226672,-0.13020077257535492,100.0,0.0,100.0,-2.1905574274931845,-0.021905574274931842,0.0,22.200520833333336,0.0,12.614897687289725,17.839818077788607,87.28025967756332,49.797324809468805,39.29601303374513,45.6779927699919,44.848432806162826,46.53159125497017,29.02093373083063,0.4343174697481029,0.5364404253451948,-14.453322817659501,-14.0190053479114,0.23822202129263362,1.0,0.005920543044909504,3.894703004421412,0.25675898749269527,0.019461289500944442
86,1292,1536,256,15.53125,1,16,94.140625,-0.0015317398692320933,0.0968636033331002,0.10178439979021305,0.013265610052495658,100.0,0.0,100.0,-13.413326113605349,-0.1341332611360535,0.0,69.7265625,0.0,20.683832856358993,22.983396726159924,61.14637889427392,49.99953236439835,49.17159584942308,49.87003927432269,49.84288580672985,49.897014622786614,45.442312080959795,-0.0342052476586987,0.4511859922254082,-33.82675021872136,-33.86095546638006,0.07254614110820477,1.0,0.005188513112421264,0.22587726702767724,1.0,0.018664217255792502
86,1293,1792,256,15.53125,1,16,94.140625,0.042997317717755584,0.088896187931454,0.5536514373301845,-0.19531267799426053,100.0,0.0,100.0,-18.47345253852449,-0.18473452538524487,0.0,73.56770833333334,0.0,18.25112627982379,23.123895211206097,49.77599824526983,49.999478536531214,49.41141755121718,49.8400383389845,49.809041540929556,49.84397178702418,34.48621899189557,0.692873570605747,1.0522845977492823,-36.66651985539673,-35.97364628479097,0.3941484706135855,1.0,0.004129986378594434,4.830161833394546,0.207032400671598,0.020647842700718788
86,1294,2048,256,15.53125,1,16,94.140625,0.013721887391370091,0.034171956717824255,0.10466308833886366,-0.06605979499747333,100.0,0.0,100.0,-13.678168367526329,-0.13678168367526328,0.0,66.66666666666666,0.0,15.835396812302463,18.55845654048469,53.78264835538824,49.999006471452596,49.166546479410144,49.73613917511112,49.68256254884079,49.74401206211818,27.314485787639903,0.1957014990788039,0.4575217772715604,-29.44331916804165,-29.247617668962846,0.11417318759674086,1.0,0.0035289832828845438,1.447266063508774,0.6909579552881829,0.022201524734813866
86,1295,2304,256,15.53125,1,16,94.140625,-0.13707623232356267,0.19211165274134795,2.158566692656902,0.6368479736040917,100.0,0.0,100.0,-25.460828989782694,-0.2546082898978269,0.0,80.6640625,0.0,23.4238781866727,25.816356768538668,48.06208125426208,49.99990212014909,49.660825523880376,49.951631673639596,49.94152102754799,49.962136578235445,47.27100094552606,-1.9807236409186402,2.077771254328494,-48.73671213436164,-50.71743577528027,0.6995227360440333,1.0,0.00512743944724729,13.068530430223479,0.076519697860389,0.016386764223094374
86,1296,2560,256,15.53125,1,16,94.140625,-0.24853713794606955,0.4059453242575445,7.16348526576437,1.1543473100389625,100.0,0.0,100.0,-45.457477915335076,-0.45457477915335076,0.0,83.33333333333334,0.0,26.742168782322654,27.71502570757897,37.32100661077013,49.999990290822474,49.883929844781825,49.98769701885182,49.98525852004786,49.990643470188935,48.92761695173256,-3.6293365334245262,3.785098483729154,-71.65446811556626,-75.28380464899078,1.8412819348553584,0.5430998811589138,0.006644015758060747,24.13046372716004,0.04144139173232921,0.013998318360615875
86,1297,2816,256,15.53125,1,16,94.140625,0.011547576051744196,0.19876074612079545,1.8722137928305207,-0.03724476177682226,100.0,0.0,100.0,-32.6672363773157,-0.32667236377315695,0.0,83.33333333333334,0.0,20.785674052701403,26.86568900614047,44.37661500648085,49.999925049891544,49.82223053521568,49.95016060436406,49.94014225353014,49.95094581818422,38.05981120181137,0.1870058768448852,1.935052347007967,-46.83925092003034,-46.65224504318546,0.8187524504018918,1.0,0.007346637855335399,4.210724300519994,0.23748883294888418,0.015537244945654328
86,1298,3072,256,15.53125,1,16,94.140625,-0.12417969345160412,0.33977004204358596,3.729339958466845,0.61125185420363,91.40625,0.0,91.40625,-17.378858568932216,-0.17378858568932215,0.0,23.763020833333336,0.0,8.025739481936768,16.33777164753329,44.98489289098227,49.943468705915514,45.29043884479763,46.95992097184851,46.15535448709062,46.17690506295895,5.769514618188304,-1.964893264668093,2.731058387683004,-17.840966080294073,-19.805859344962165,2.186571999101208,0.45733687269893275,0.0077659270374278045,27.948739402039024,0.03577978904934239,0.016359211525539548
86,1299,3328,256,15.53125,1,16,94.140625,-0.0022619252186923955,0.16622295092821993,1.6376259182484534,0.014658342346409281,89.84375,0.0,89.84375,-8.100215228716824,-0.08100215228716823,0.0,16.080729166666664,0.0,7.600092944906454,9.134402728452269,51.649745245483814,49.90261715569514,44.64199948460123,46.17683745840406,45.34713414221555,45.97311846191804,5.3357716350683315,-0.07402848892029007,1.809765685523103,-14.714676536707596,-14.788705025627886,0.4328736220882074,1.0,0.007504331380461355,2.272463523155838,0.4400510678434434,0.022314349282017705
86,1300,3584,256,15.53125,1,16,94.140625,0.02859899040146464,0.06099845994320638,0.13490324190031427,-0.1372841986269097,96.484375,0.0,96.484375,-3.1664998077684867,-0.03166499807768486,0.0,13.802083333333334,0.0,5.967126639456359,7.073230721446927,70.15518293002462,49.695811788927315,37.93202113721445,41.050752486139366,39.10023682613184,42.51372333460071,5.611446236684208,0.42877706368329543,0.5194289978434286,-8.505610548272951,-8.076833484589656,0.168096568104732,1.0,0.006537157445293776,4.116118005102909,0.24294735932260972,0.021890374058670357
86,1301,3687,103,14.83495145631068,1,16,85.43689320388349,0.13639311098865317,0.894006527674479,6.215688125898747,-0.6665359105771075,84.46601941747572,0.0,84.46601941747572,-1.8399603356404302,-0.018399603356404295,0.0,16.666666666666664,0.0,7.248542373716288,7.4771700914428125,81.2731857085195,49.882213603457856,41.310648875920535,44.163495810631936,42.63031010232899,45.42555450929708,7.280467042078452,1.9778451748057067,3.525815686021817,-8.918737847575791,-6.940892672770083,4.953969809141326,0.20185831535645357,0.006618392663132684,18.035943313082555,0.055444840485534226,0.022528042477969135
87,1302,256,256,15.53125,1,16,94.140625,-0.10035843822103019,0.14592426470320422,1.9787520130275298,0.4794689594986651,60.15625,0.0,60.15625,-5.805622951542015,-0.05805622951542015,0.0,0.0,0.78125,2.0376374135720816,3.621028207668276,79.21317227120758,39.07385000735411,17.513738235221297,20.24106224008399,17.619492507008637,20.025244296959762,2.281240479051923,-1.347524425211641,1.9893476383113786,-2.572346688244832,-3.919871113456473,0.4437187775169064,1.0,0.006080091831447152,6.9700551625385,0.14347088748660622,0.018832946426426907
87,1303,512,256,15.53125,1,16,94.140625,-0.012955818883577642,0.013318268045479241,0.018411388648435997,0.061675081395704226,100.0,0.0,100.0,-2.5909461874942883,-0.02590946187494288,0.0,0.0,0.0,4.0400093550093885,4.449581771921015,95.60345031998195,48.76010923598875,27.6610489782974,32.18865516173297,28.78000437697285,32.24474861450233,3.574362773395243,-0.18460749525936732,0.19189261918289613,-4.225798693967211,-4.410406189226578,0.030807032699897548,1.0,0.005467737307013234,1.465646362351187,0.6822928270335293,0.0172529427442575
87,1304,768,256,15.53125,1,16,94.140625,-0.00278158181510638,0.003967717305990368,0.001552590273968931,0.012591479978020986,100.0,0.0,100.0,-2.5194393590706583,-0.02519439359070658,0.0,0.0,0.0,4.8649247940284255,5.262845221379927,95.72319807348396,49.27943659131072,31.29259782246816,35.850063566757484,32.57865303223724,36.087679365776665,4.297785335995206,-0.038150129478190034,0.05572414690184016,-5.082284014679244,-5.120434144157434,0.02143042279522792,1.0,0.004918310399041368,0.3059948421390142,1.0,0.01592121022668431
87,1305,1024,256,15.53125,1,16,94.140625,-0.010556229950583026,0.030562865701273582,0.09119355336005502,0.05332801196171447,100.0,0.0,100.0,-2.48108974455676,-0.024810897445567602,0.0,13.736979166666666,0.0,6.197097674669893,10.748080308342514,94.6804159069691,49.60660544623101,34.94379843232515,39.59986226155729,36.77582769620485,40.05474824537919,6.7123591962570215,-0.15788524309924662,0.4270680352357339,-6.545279311783997,-6.7031645548832435,0.10877481187510855,1.0,0.004562159849786829,1.4556314553270697,0.6869870779038004,0.016577580136214333
87,1306,1280,256,15.53125,1,16,94.140625,-0.0484844440049295,0.159903663751787,0.35858479771958074,0.2463090099760148,100.0,0.0,100.0,-10.878290812028103,-0.10878290812028102,0.0,47.78645833333333,0.0,17.94535969216426,21.954877867445866,64.44939785902315,49.993321453159304,47.443817738656406,49.3381623815969,49.10542662657613,49.50627754723187,41.81092630202734,-0.6677111008607008,0.8468586632013405,-27.844107607363544,-28.51181870822424,0.8581443821417877,1.0,0.0036751865707268356,6.191954562520137,0.1614998931117799,0.019423791368838827
87,1307,1536,256,15.53125,1,16,94.140625,-0.1011861701011717,0.19026846801040875,1.2136838452949097,0.4756374402745662,100.0,0.0,100.0,-26.968151452595002,-0.26968151452595,0.0,82.29166666666666,0.0,23.661853181146128,25.054433234970414,46.91698934998637,49.99993211200105,49.67194428515356,49.952141676347864,49.93500548850629,49.96553701210535,48.19912206331184,-1.457132428891701,1.5580011843993635,-50.43344321315239,-51.890575642044084,0.7409669000170765,1.0,0.004321400595474532,9.567432435482624,0.10452125026682307,0.02264137565733479
87,1308,1792,256,15.53125,1,16,94.140625,0.0322267696235469,0.08504110343978259,0.5456496055407841,-0.14247119017361667,100.0,0.0,100.0,-23.829830920225078,-0.2382983092022508,0.0,74.93489583333334,0.0,18.736869567886792,24.57604154097928,44.07523465449641,49.99969824303494,49.561288650780426,49.859793549496686,49.80334399910861,49.87554978461366,37.59507067092047,0.4933791030539487,1.0446526748549338,-42.5111056464343,-42.01772654338035,0.4269486461834286,1.0,0.0038637077108317182,3.3066034972866865,0.3024251322605127,0.01750422507110705
87,1309,2048,256,15.53125,1,16,94.140625,-0.03994075998517549,0.10454286939341456,0.6294888874001855,0.19158064842114644,100.0,0.0,100.0,-18.179776787407654,-0.1817977678740765,0.0,68.75,0.0,17.902960755823532,23.271807112179577,49.69706066316026,49.999555861182714,49.421551254144774,49.815442390691615,49.73864631296603,49.8398352575547,36.50467901093961,-0.5905773513186384,1.1220417883485316,-36.02418436206379,-36.614761713382435,0.9606838578925079,1.0,0.004299009379899462,4.2034756980141355,0.23789836598137915,0.021044009440077394
87,1310,2304,256,15.53125,1,16,94.140625,-0.1939488647664427,0.28026521858405745,4.072361188109998,0.9355683265227517,100.0,0.0,100.0,-34.86006468924755,-0.34860064689247544,0.0,83.33333333333334,0.0,25.552589061368757,27.073342189588306,42.39439189577356,49.99997650379973,49.818536353954,49.9751369675888,49.96556900680217,49.98264081568554,48.945986356120116,-2.783699327110826,2.8538959995451822,-60.27351241218342,-63.057211739294246,0.8828261501835194,1.0,0.00583940168215618,17.188337704292348,0.05817898258714545,0.02364302198042047
87,1311,2560,256,15.53125,1,16,94.140625,-0.13369679158220651,0.4178630590735125,5.993337972534542,0.6419767116552638,100.0,0.0,100.0,-46.6820542703453,-0.46682054270345297,0.0,83.33333333333334,0.0,26.812710911581974,27.977054246351738,36.778591837868966,49.99999172491945,49.90120431257043,49.98627046748972,49.980799587636696,49.99026905393832,49.01400973193368,-1.9082936621566648,3.462177919326083,-72.90303834845125,-74.8113320106079,1.911216939354084,0.5232268401398538,0.005311077839869302,11.070966708344343,0.09032634875925387,0.025854411607973977
87,1312,2816,256,15.53125,1,16,94.140625,0.00897717625777196,0.2412825153228254,0.8853553227960551,-0.03868561461607384,98.046875,0.0,98.046875,-24.970900954897896,-0.24970900954897898,0.0,72.91666666666666,0.0,18.007506283532628,22.307264140394235,49.86805803859384,49.99919575265713,49.60159547579153,49.80097481085318,49.70067226778855,49.77910741781116,33.15502290021448,0.07391834046766535,1.330680519731205,-36.11030184812145,-36.03638350765379,1.3338179173513947,0.7497275205192417,0.007372344077542612,5.387906979214169,0.1856008286441966,0.024442880351423443
87,1313,3072,256,15.53125,1,16,94.140625,-0.04738717341330601,0.25470175411562684,1.9307219817185473,0.2425346811098158,100.0,0.0,100.0,-10.622849515443518,-0.10622849515443519,0.0,16.666666666666664,0.0,7.076611445394085,10.529856079629738,49.97221147628589,49.93842468862906,44.604599240166536,46.07206186230791,44.119726923881416,45.46824249379853,5.293919619245127,-0.5944023694570542,1.9650557150974357,-14.161093208276888,-14.755495577733946,0.9289584786958514,1.0,0.007897108762037327,10.45166217898063,0.09567856125421878,0.022593735431410564
87,1314,3328,256,15.53125,1,16,94.140625,-0.03745022492986833,0.17119412557560817,1.2103579733369652,0.18429896830457293,83.59375,0.0,83.59375,-8.713857286678056,-0.08713857286678058,0.0,12.239583333333332,0.0,6.440656978460471,8.960587455466836,47.396757357577876,49.68026616621956,40.55425145467029,41.90024283279804,39.195621647522714,42.53145896968917,5.565977296755783,-0.5756277593910121,1.555865015569773,-13.588813533951026,-14.164441293342037,0.5751829772018578,1.0,0.008210984888449603,4.435262046313786,0.22546582131062926,0.021377857517214632
87,1315,3584,256,15.53125,1,16,94.140625,0.040432155248378544,0.04093001021099218,0.1803256560996203,-0.18686428512977907,100.0,0.0,100.0,-2.26685580325064,-0.0226685580325064,0.0,16.666666666666664,0.0,6.876336702525579,7.487392179418273,77.48629562589208,49.83143752189461,39.913686323575774,42.52780387367794,39.5209677006012,44.20895381640394,7.6826200904369575,0.5913609912965239,0.6005425148973557,-8.874261760718174,-8.282900769421648,0.13435154543283281,1.0,0.007337339249155297,5.59531105674953,0.17872107374508103,0.017345815958256544
87,1316,3611,27,11.555555555555555,1,16,44.44444444444444,0.39726263200987794,1.8103088391253355,24.650192660790168,-0.8817079005907563,40.74074074074074,0.0,40.74074074074074,-1.9811498884838146,-0.019811498884838147,0.0,16.666666666666664,0.0,7.5938979622659035,7.653384360232347,80.80983713203248,49.896763026698956,41.901419308155624,44.20252239261137,41.674069092133685,45.54841384355722,8.769873231303789,5.699175037635103,7.02142331166412,-9.397244483810168,-3.698069446175064,16.125043148491073,0.062015337930650845,0.008327711496207167,52.6700637984582,0.018986117120087347,0.015535363177765825
88,1317,256,256,15.53125,1,16,94.140625,-0.04051165179871339,0.047683774072327184,0.2068583875429461,0.18876454760339095,0.0,0.0,0.0,-2.265660032866853,-0.02265660032866853,0.0,0.0,11.979166666666668,0.03296426869606917,0.152691963450771,18.890061633582878,10.791159605531359,4.09724733345562,3.850716136336957,2.8529537035113455,3.9828180099465387,0.9988067987456408,-0.5528364652798965,0.6432081895357772,-0.17450588216962235,-0.7273423474495189,0.2834346859146429,1.0,0.007347395002221631,0.6398419540383495,1.0,0.015621629729661548
88,1318,512,256,15.53125,1,16,94.140625,-0.02556946629409472,0.02557621224416998,0.06926242977289357,0.12233456234123219,0.0,0.0,0.0,-1.2982827106482424,-0.012982827106482422,0.0,0.0,7.2265625,0.023713711806300494,0.03847530116826985,47.34110604064579,11.316610676438472,4.26176014445325,3.9531486503326216,2.9077182668358335,4.091151410527725,1.006337965364508,-0.36859015124396344,0.37218927919243877,-0.0500911655632645,-0.41868131680722787,0.04501274004127044,1.0,0.00669408875720563,0.07764379661715476,1.0,0.014155090876728256
88,1319,768,256,15.53125,1,16,94.140625,-0.023578125788392412,0.02358494565045612,0.058894900251467305,0.11052639144521234,0.0,0.0,0.0,-1.213710494542406,-0.01213710494542406,0.0,0.0,0.0,0.06921824049173769,0.10982579637274312,70.64087806392489,18.638434876019886,5.947611773463807,5.768853679529017,4.155440069795034,6.0242808622126365,1.1739169477482372,-0.33986865249840537,0.34320518717370024,-0.09798609868509871,-0.43785475118350414,0.12367103990904325,1.0,0.006263827867661056,0.1887115894377359,1.0,0.013002416595222017
88,1320,1024,256,15.53125,1,16,94.140625,-0.033755001339734525,0.04073273468111653,0.1729191151850158,0.16437415569274072,21.09375,0.0,21.09375,-1.1663460386954152,-0.01166346038695415,0.0,0.0,0.0,0.5182574420165489,3.997965862747703,91.62320582693094,28.962660982024715,8.795943214776123,9.541061235446763,6.936290812608156,10.295322209556492,1.8112813568057526,-0.4918824875284059,0.5880801224068295,-0.5656399351442652,-1.0575224226726712,0.2636100506767319,1.0,0.005774368338894739,1.683076700030784,0.5941499873307673,0.0143269298099797
88,1321,1280,256,15.53125,1,16,94.140625,0.03228319578871493,0.06956372466881627,0.1754152879078567,-0.15111913875900443,100.0,0.0,100.0,-1.0511186044452034,-0.010511186044452036,0.0,10.286458333333332,0.0,10.636801514229111,16.590643713087,92.89532225663731,49.325990589322416,33.143975708400504,40.87595363445682,38.180762635638075,42.84955729980167,26.158117742612138,0.5031480454227324,0.592309527034399,-11.450309074598337,-10.947161029175605,0.3007345188705284,1.0,0.005146193339669646,4.568243910806409,0.21890249722315616,0.010454528705179076
88,1322,1536,256,15.53125,1,16,94.140625,0.02029052662271534,0.09888977378865,0.13359442112918524,-0.10037644289631817,100.0,0.0,100.0,-10.254370594964442,-0.1025437059496444,0.0,61.5234375,0.0,20.01598032414562,22.797304610549187,66.5915858037403,49.998981546900964,48.81755086026516,49.75327814767904,49.632884953779985,49.81877773541841,45.83287578551402,0.28157345434297154,0.5169031265705117,-30.057821994413843,-29.77624854007087,0.22068850975231763,1.0,0.004853779153540032,2.264866636348327,0.44152710095651043,0.012306205752600769
88,1323,1792,256,15.53125,1,16,94.140625,0.04211001865443492,0.09195917457428848,0.5761134217150155,-0.19326516985856176,100.0,0.0,100.0,-18.13738533214177,-0.18137385332141764,0.0,75.78125,0.0,19.381352904658648,23.460053109859626,51.73072949544028,49.99964972213471,49.510378119121924,49.84983739944109,49.766399072950506,49.862188128139,39.792550026847856,0.6730495180081967,1.0734182984419591,-37.465841084585875,-36.79279156657768,0.2791511197917805,1.0,0.004609274026893512,4.725933562321026,0.2115984041698789,0.013425551005533085
88,1324,2048,256,15.53125,1,16,94.140625,0.029573831069537287,0.03548720985968592,0.12944445431653553,-0.13630443222489014,100.0,0.0,100.0,-13.680822665633535,-0.13680822665633535,0.0,66.66666666666666,0.0,16.397858183602203,18.190368297847378,54.640754634419935,49.99926019370517,49.31570149698498,49.73805250390953,49.5858147125078,49.75043536131104,32.09300329422192,0.4275920519018812,0.5088112701513903,-30.010306946369795,-29.58271489446791,0.058180059887618644,1.0,0.004198515321603526,3.101125080914379,0.3224636136589325,0.014755735693673304
88,1325,2304,256,15.53125,1,16,94.140625,-0.1154074945992368,0.17455714162496183,1.588537407871237,0.5657409908965325,100.0,0.0,100.0,-23.487478512594564,-0.23487478512594562,0.0,79.94791666666666,0.0,23.754307774396196,26.43113993687219,50.361948459489454,49.99989096429903,49.672078985722656,49.939984403320736,49.90925937790698,49.95331431923139,47.84066191525974,-1.692379516509112,1.782435080372487,-47.167173830662804,-48.85955334717191,0.5161768527793408,1.0,0.003675832289848404,10.93112921777935,0.09148185700462785,0.008842857130297296
88,1326,2560,256,15.53125,1,16,94.140625,-0.2208682942028791,0.3825130439667189,5.486337009686933,1.0700971517799798,100.0,0.0,100.0,-42.91938792318173,-0.4291938792318174,0.0,83.72395833333334,0.0,27.365793142472292,28.27173185726234,39.09493408975452,49.99999164420561,49.89441915716444,49.986572713110355,49.98001644438387,49.99009086709625,49.36302380916679,-3.2252116713848324,3.3125026821685544,-69.99830995915136,-73.22352163053617,0.5960147492511266,1.0,0.004138441360994542,19.68640946180094,0.050796464532568884,0.0074932492304670565
88,1327,2816,256,15.53125,1,16,94.140625,0.041973772933683526,0.1916192872386809,1.536407583857188,-0.22327807821679874,100.0,0.0,100.0,-32.631436868130926,-0.32631436868130925,0.0,83.33333333333334,0.0,22.21057054404112,28.063868701287358,43.37059952899626,49.99995765611666,49.86134187153975,49.95846479007464,49.93364094194878,49.96062993742764,43.185063144786085,0.7055212766536173,1.7529447132509275,-51.211121785835154,-50.50560050918154,0.5550921608384657,1.0,0.005068630376584516,9.080938499065095,0.11012077662489979,0.010234031930951015
88,1328,3072,256,15.53125,1,16,94.140625,-0.06343470496492731,0.3251252194009989,1.9408668639843603,0.31306453659933375,100.0,0.0,100.0,-15.463683408002197,-0.154636834080022,0.0,27.9296875,0.0,9.468549704324484,17.02144344921532,51.776787417103236,49.96712465678378,46.61552745462872,47.68591684801132,46.1296037655135,46.945552941993036,9.308261454173557,-0.9788560086864457,1.9702115947198973,-18.287248353297358,-19.2661043619838,0.5090858386033769,1.0,0.005328994297592615,13.328855027575754,0.07502519893352606,0.014386935605056491
88,1329,3328,256,15.53125,1,16,94.140625,0.0016659626420541668,0.16734803792071282,1.459129099155747,-0.010186541020008572,91.015625,0.0,91.015625,-7.590860717265775,-0.07590860717265774,0.0,16.341145833333336,0.0,7.895432616189536,9.297902946936036,54.28947577952128,49.92111412813227,45.11347747332166,46.26714743108111,44.167014901804194,45.84416930044257,6.426725168840603,-0.012557941211495227,1.7082910168678795,-14.54321026832939,-14.555768209540885,0.2268852746400826,1.0,0.004627737176761125,2.2880568788146327,0.43705207211372615,0.015049880880213173
88,1330,3584,256,15.53125,1,16,94.140625,0.026083263984753465,0.06546441572197997,0.1326496547644012,-0.12205928905405439,95.3125,0.0,95.3125,-3.41474262784568,-0.03414742627845681,0.0,13.671875,0.0,5.972104010796895,7.080817768110303,69.04787097240327,49.68018081555669,37.775223771857,40.38489335563182,35.80956131647521,41.52836803933099,6.212238365298599,0.3872681723757341,0.515072140120976,-8.64922252734454,-8.261954354968806,0.4081206978845712,1.0,0.0039022551604733116,3.858600035385358,0.25916135148226893,0.01636555988844263
88,1331,3690,106,14.867924528301886,1,16,85.84905660377359,0.13322889077164718,0.8987873504679333,6.2306173464224495,-0.6674735025987604,84.90566037735849,0.0,84.90566037735849,-2.045782508111248,-0.020457825081112484,0.0,16.666666666666664,0.0,7.267100470036114,7.508609583344675,79.90034899546589,49.87432570382457,41.16325036391284,43.669675308311604,39.994227100431246,44.71355216900548,7.965402068891485,1.9349309165673243,3.5300474066002145,-9.095204916374646,-7.1602739998073215,4.632903626861863,0.21584735633220126,0.004115251396696473,18.07928756460024,0.05531191405783204,0.018364143226148703
89,1332,256,256,15.53125,1,16,94.140625,-0.2654398824334947,0.2800102765489333,7.941901540532613,1.2427405732232903,0.0,0.0,0.0,-13.533990138227757,-0.13533990138227758,0.0,0.0,75.5859375,0.0005033991985564232,0.0036201067356506863,0.20142988760156746,1.3363111910076464,1.1877931145504799,1.0255941070371257,0.8341015362246768,1.0378055994224735,0.6401327815180654,-3.7497182236999675,3.985448918386137,-0.24991286275855815,-3.9996310864585256,0.9388068274785825,1.0,0.004699545506095749,2.400573127008862,0.41656718920535857,0.0181899902858263
89,1333,512,256,15.53125,1,16,94.140625,-0.1901954393489534,0.19029156801116692,3.8320689978247042,0.9143854601941861,0.0,0.0,0.0,-9.568573613766842,-0.09568573613766843,0.0,0.0,97.265625,4.2467713638493147e-05,7.88021085726294e-05,0.036742964839325834,0.7287873760056596,0.9206588184382046,0.7829000329116342,0.6841358976676897,0.7842504757216988,0.6026024191713854,-2.74059805995384,2.7684179589883837,-0.11558053037962832,-2.856178590333468,0.7298264891632074,1.0,0.0029188832398708286,0.17565443604621728,1.0,0.016422348801026467
89,1334,768,256,15.53125,1,16,94.140625,-0.17016625519635933,0.1702524649493258,3.0670382334056336,0.8211783237831014,0.0,0.0,0.0,-8.564604448614507,-0.08564604448614507,0.0,0.0,54.361979166666664,0.0001701419804938866,0.0003153762507720443,0.1523534397393434,1.0835902193927691,1.203717686974544,1.0159493645234414,0.8217022484601036,1.0191565666180806,0.6484810336141745,-2.4518471166036657,2.476706778528954,-0.11167583796268535,-2.563522954566351,0.3487913308397202,1.0,0.0029535040962359827,0.20305578467821123,1.0,0.014922622616385765
89,1335,1024,256,15.53125,1,16,94.140625,-0.1552482246240874,0.15527034224558386,2.549719924427641,0.7360071129898507,0.0,0.0,0.0,-7.764122508451389,-0.07764122508451388,0.0,0.0,20.052083333333336,0.004363897856801903,0.09277949533129462,3.395054984049401,2.5524270122719206,1.7784537598409245,1.6165568160289463,1.1733703330914658,1.6822024637058377,0.7880654568126453,-2.2381638936458663,2.2581939351737,-0.1285368831227861,-2.3667007767686528,0.4000335368852314,1.0,0.002765262084185368,0.33305670367489165,1.0,0.013700798342618862
89,1336,1280,256,15.53125,1,16,94.140625,-0.05377714936074937,0.10866405353822406,0.5715735795633297,0.24953243456630592,55.859375,0.0,55.859375,-2.648321480468223,-0.026483214804682232,0.0,0.1953125,0.0,2.9845647748317923,8.92445968024691,90.88802370980477,33.05787486211581,9.367359356542769,15.259632921152063,11.28502918844299,17.96936551011047,7.636571525364622,-0.7212218134869508,1.0691806017351135,-3.283782233356918,-4.00500404684387,0.24536511039183914,1.0,0.0028069635325262935,5.182934481038757,0.19294089162392447,0.015545409405668597
89,1337,1536,256,15.53125,1,16,94.140625,0.044153390400362,0.0891368292180133,0.2649321621250003,-0.2103068973415026,100.0,0.0,100.0,-3.425299885253053,-0.034252998852530525,0.0,27.734375,0.0,15.310016800671198,19.462596658197274,82.43505989131589,49.95992960831409,44.147282343658375,48.03565504581056,46.843686914160685,48.51167485528747,37.74146401763943,0.6493436604901576,0.7279178004761256,-18.572215293900733,-17.92287163341058,0.20289754913003544,1.0,0.003008681045403575,5.496050566051869,0.18194883543772739,0.01254026065609146
89,1338,1792,256,15.53125,1,16,94.140625,0.06809544938886931,0.1088153854057319,0.7343880254806997,-0.3394776618797477,100.0,0.0,100.0,-11.956331405430985,-0.11956331405430987,0.0,54.622395833333336,0.0,17.89488656948865,20.95478923371843,60.1067133285107,49.999069831974936,49.04474386235789,49.705718929816484,49.46702978778074,49.732298261119105,37.58456228422074,0.9785608702360868,1.2119307121124538,-29.771860044459437,-28.79329917422335,0.31361143121925883,1.0,0.0022434472979498744,7.064151869906501,0.1415598104933205,0.014247441999046746
89,1339,2048,256,15.53125,1,16,94.140625,0.053188911033797706,0.053810366961624875,0.31091176254447894,-0.24800120179583834,100.0,0.0,100.0,-9.901546986495458,-0.09901546986495458,0.0,16.666666666666664,0.0,14.363005569413652,14.537349972487604,59.45354005820798,49.99790710253666,48.808406059293084,49.46341890945361,48.977230531422876,49.46248269003956,24.484762954730506,0.7719392512226698,0.7885578768162537,-24.158368963986927,-23.386429712764258,0.1837952620074177,1.0,0.0024183085527039573,5.778704427883282,0.17304916914850693,0.01674363953032624
89,1340,2304,256,15.53125,1,16,94.140625,-0.04939284168980754,0.11814091512606183,0.4586318284204167,0.2303329424512673,100.0,0.0,100.0,-15.175000534060656,-0.15175000534060656,0.0,66.2109375,0.0,20.547570319145578,24.56601629083467,57.64395064754581,49.999407810577495,49.278580027677975,49.80414469411728,49.64578016318232,49.83415916035857,43.26042437736698,-0.7471114293310398,0.9577388249626478,-35.64566635062927,-36.39277777996031,0.3181991084675655,1.0,0.0025308099806563788,5.277314994070443,0.189490299730752,0.012053298743195663
89,1341,2560,256,15.53125,1,16,94.140625,-0.18830092111176852,0.2794182397701259,4.005794166977148,0.9099057729496409,100.0,0.0,100.0,-35.57179903342196,-0.35571799033421964,0.0,83.33333333333334,0.0,26.128724221785163,27.585034166770956,42.56664766263769,49.99998208948031,49.8385702582395,49.97533337945518,49.95860464608988,49.98244046998613,48.980237347045424,-2.7439737769236663,2.830474930811841,-61.38309135562795,-64.12706513255162,0.6703804210867512,1.0,0.0026724179519818487,17.566654729142087,0.05692603488933249,0.011079265260299828
89,1342,2816,256,15.53125,1,16,94.140625,-0.052277580877411495,0.2653341254042907,3.1514014702742807,0.2612891407373957,100.0,0.0,100.0,-38.09146126326624,-0.38091461263266246,0.0,83.33333333333334,0.0,24.049045129145732,28.082704481502347,40.33627158532104,49.99997386968461,49.871954132322976,49.966320245087296,49.93746111900081,49.97098023922066,45.706757369091505,-0.6925108279138383,2.510538376633299,-59.62138835334878,-60.313899181262606,0.4274758304875726,1.0,0.0022106520751042063,6.045430560271975,0.1654141901110533,0.013337825232511771
89,1343,3072,256,15.53125,1,16,94.140625,-0.06635357428981734,0.3431588820025126,2.3556183310599783,0.27875104310261656,100.0,0.0,100.0,-19.762389329782053,-0.19762389329782054,0.0,41.796875,0.0,11.91842142042976,20.226922184683733,51.82996790608612,49.97493846155362,47.457993218784054,48.274004934885596,46.44314401502685,47.53761132868872,15.643561296995777,-1.0022004384941594,2.170538334634972,-22.995232105922728,-23.997432544416885,1.7802010081523765,0.5617343184396202,0.005395927113589172,15.214069886208915,0.06572863194919784,0.013921968616524772
89,1344,3328,256,15.53125,1,16,94.140625,-0.003577475407638385,0.14523851319587638,0.9445216586351002,0.009180107184057373,100.0,0.0,100.0,-6.0855325100921585,-0.06085532510092159,0.0,16.666666666666664,0.0,7.690258190854623,8.817730588191198,59.64500272054518,49.95616661447757,45.41070239665839,46.7247519183219,43.29506178839282,45.815124947121795,6.142145276468401,-0.040591926893757624,1.3744247223002795,-12.893382245090677,-12.933974171984437,0.4745585547076722,1.0,0.005775365526306153,2.062267324151356,0.48490318800522636,0.01982798252982356
89,1345,3584,256,15.53125,1,16,94.140625,0.014219209962277546,0.15207460245625562,0.5558860597502919,-0.06441556917176487,80.46875,0.0,80.46875,-6.718222984367374,-0.06718222984367375,0.0,10.807291666666668,0.0,4.962890581881894,7.927818814136839,49.16892790830232,49.4454295829449,35.44544153548618,38.086603731039716,30.489562689595473,38.1120008127326,4.911548504565204,0.251619821233439,1.0544060505804127,-10.093550526742103,-9.841930705508663,1.0219604403367766,0.9785114575183167,0.004710911231982477,5.3175444261606675,0.1880567269133306,0.013512758465101934
89,1346,3758,174,15.310344827586206,1,16,91.37931034482759,0.0807876124190546,0.6569854845384264,3.2714583739721643,-0.44701366537000375,90.80459770114942,0.0,90.80459770114942,-2.444448609098487,-0.024444486090984877,0.0,16.666666666666664,0.0,6.312787358601222,6.717819134729212,75.28327340104326,49.78635278782052,38.65449728380321,41.73995670998814,34.96522708480667,42.43472872141765,7.002711720282588,1.1848527331332257,2.5579125762903487,-8.385378415962636,-7.200525682829412,1.3925786960335191,0.7180922721626428,0.004811415878720141,11.539223020421023,0.08666094746849895,0.013596462543380402
90,1347,256,256,15.53125,1,16,94.140625,0.0050775003718685745,0.00759487490400624,0.005563149605409019,-0.024679166271401237,100.0,0.0,100.0,-0.21433183404409648,-0.002143318340440965,0.0,0.0,0.0,0.8294157758504921,1.1339819465034164,96.62882806526453,39.530651890209505,12.922453813576723,15.319881982612479,9.116800765994883,13.52116487762593,1.9407033864680883,0.08016700515531952,0.10548127421878273,-0.8583523079575098,-0.7781853028021903,0.007932164083344118,1.0,0.004333966061258523,0.37486942649627714,1.0,0.012991080784197815
90,1348,512,256,15.53125,1,16,94.140625,0.007113827581803315,0.007291469310695046,0.005685412109799972,-0.03279018934104806,100.0,0.0,100.0,-0.13575817117698236,-0.0013575817117698235,0.0,0.0,0.0,1.2099133486414098,1.5220364522432281,99.50977619898292,42.49655868834639,15.160201477434274,17.983346013142665,10.857961084899696,16.177765991746178,2.1826446123904533,0.10372828771502637,0.1066340668810861,-1.2158738516525538,-1.1121455639375275,0.044397807915639596,1.0,0.003910263738613604,0.5796361879904606,1.0,0.013216347471383217
90,1349,768,256,15.53125,1,16,94.140625,0.012982862898158976,0.013134581045750411,0.018423644499639846,-0.06057386102139099,100.0,0.0,100.0,-0.13125139155776183,-0.001312513915577618,0.0,0.0,0.0,1.8306230128442567,2.1938439072360008,99.63117247896017,45.312224039865924,18.3647908843102,21.77276229905203,13.552682294119997,20.029749946469536,2.568896272070138,0.18872074448380982,0.19195647683597367,-1.8373998491595014,-1.6486791046756917,0.018145288294948863,1.0,0.0035130235789572273,1.2532906952967213,0.7978994847346619,0.015518631336473411
90,1350,1024,256,15.53125,1,16,94.140625,0.004867829806414417,0.023121958631888317,0.05336679852723872,-0.02367712218565545,100.0,0.0,100.0,-0.14204559403101294,-0.0014204559403101294,0.0,0.32552083333333337,0.0,3.047082639666786,7.7828191828817666,99.42632297202931,47.29799409483776,22.294288267537684,26.84209375150266,18.01714292715654,25.632215641782963,4.064140741235486,0.0655600410984478,0.3267010821140289,-3.064663912517406,-2.999103871418958,0.03845386733717629,1.0,0.003102713911025514,0.4500782468864585,1.0,0.016191546870428165
90,1351,1280,256,15.53125,1,16,94.140625,0.009821588695912577,0.11306576461365177,0.09759804299450639,-0.04061266369880921,100.0,0.0,100.0,-4.692526181362007,-0.04692526181362007,0.0,27.213541666666668,0.0,15.00186009005687,20.0674270274055,78.35299581716862,49.95061074958113,43.447041984066914,47.69847045421078,45.957096312703925,48.11830524043809,37.236104285555356,0.16523831914046874,0.4418100111914767,-19.146504780828913,-18.981266461688445,0.23119969087164952,1.0,0.0032722177337687138,1.5650244980051928,0.6389676335895171,0.018030860989480754
90,1352,1536,256,15.53125,1,16,94.140625,-0.0477004889227617,0.12952182654395303,0.41279040483606405,0.22423049407536547,100.0,0.0,100.0,-18.711197315781497,-0.187111973157815,0.0,74.21875,0.0,22.285388371725677,24.573835091222005,54.648307789589055,49.99979419491787,49.40890203553006,49.8885007820324,49.79520465567215,49.91633384999274,47.59849776093881,-0.7305201247435572,0.9086147751781984,-40.77964949533391,-41.51016962007748,0.2747883979936667,1.0,0.003162749332148879,5.032123279394786,0.1987232713663307,0.013711856401375025
90,1353,1792,256,15.53125,1,16,94.140625,0.03324992549314662,0.08697942369877575,0.5374591199295582,-0.14785763679164712,100.0,0.0,100.0,-22.267879584611308,-0.2226787958461131,0.0,68.03385416666666,0.0,19.10010048031629,24.598819317960036,46.24907018282192,49.99967519651658,49.5288481530133,49.83245628786009,49.646240818493006,49.83467911503199,38.61409131085814,0.5109221358363848,1.0367826386755887,-41.29834482036907,-40.787422684532686,0.2159491919423345,1.0,0.002952139055862282,3.5961855831963305,0.27807241224497337,0.01594059451483417
90,1354,2048,256,15.53125,1,16,94.140625,-0.015139075994569595,0.08141294192755517,0.29201944987220085,0.056325675412679056,100.0,0.0,100.0,-16.389662274941138,-0.1638966227494114,0.0,52.864583333333336,0.0,16.825551078755016,21.33660169525083,50.79133230697124,49.99936397823026,49.295840674232025,49.7287478873092,49.418482749582225,49.73077699776432,33.936063383056336,-0.22562709761716357,0.7642243778789065,-33.126815766645414,-33.35244286426258,0.49250748339451483,1.0,0.0025486828342365197,1.7525325566616634,0.5706028091739787,0.015337322661668035
90,1355,2304,256,15.53125,1,16,94.140625,-0.16446440075722393,0.23016137604444206,3.1049217953742856,0.8091951911998515,100.0,0.0,100.0,-30.328299772685845,-0.30328299772685846,0.0,82.2265625,0.0,24.99470886686042,27.04577536863107,45.2692597821997,49.99995624944945,49.744859649237945,49.95651870760589,49.919571975611454,49.96831821960137,48.7179173703142,-2.4140566136689525,2.491955776242542,-55.2134251523339,-57.627481766002845,0.5681881912740304,1.0,0.004391793084240946,15.403790876514513,0.06491908440049367,0.01529612924586192
90,1356,2560,256,15.53125,1,16,94.140625,-0.19400492271587616,0.4064778399520789,5.5586251942006335,0.8753053582381695,100.0,0.0,100.0,-46.66291623873024,-0.46662916238730245,0.0,83.33333333333334,0.0,27.42929562542426,28.260865320890296,37.211203905833,49.99999264465683,49.89154413546602,49.983818508476105,49.97031512216891,49.98866579484414,49.32271186092502,-2.781676651491183,3.3342540977557884,-73.71246492007374,-76.49414157156494,2.2742502261004907,0.43970535366929925,0.006179336980613973,17.03293175302539,0.0587097990234347,0.01701818808173648
90,1357,2816,256,15.53125,1,16,94.140625,0.04124566016593238,0.2218270825562527,1.5890272709190676,-0.21942252094397274,100.0,0.0,100.0,-28.06291510703101,-0.2806291510703101,0.0,77.99479166666666,0.0,19.475713212782047,25.4243875269019,46.97820977024297,49.99978885666929,49.744636529716665,49.88415929144267,49.72946779699606,49.86713531610869,37.17768187265412,0.511856880876348,1.7827098871768607,-41.45690801763671,-40.945051136760355,0.4531278863644102,1.0,0.004144096113656977,8.660280206529748,0.11546970492317464,0.01776551458428258
90,1358,3072,256,15.53125,1,16,94.140625,-0.06571958230374089,0.3043853398537385,1.8250713810231542,0.33729425617995457,97.65625,0.0,97.65625,-12.10189179857975,-0.12101891798579752,0.0,16.861979166666664,0.0,6.885812860093369,13.46188217398564,50.222612515986675,49.91723745043313,43.8006952881954,45.495969601117,39.99533400447556,43.68593245120448,5.537528496797847,-0.917019486123654,1.9105346796240859,-13.710582773649026,-14.627602259772681,2.4392220922709082,0.40996676898289447,0.003807363122266748,14.046933072287922,0.07118991703411903,0.014110555825632885
90,1359,3328,256,15.53125,1,16,94.140625,-0.025519806253580912,0.19398244591978073,1.4357683138791535,0.11813064765388312,72.65625,0.0,72.65625,-7.275458594326652,-0.0727545859432665,0.0,11.979166666666668,0.0,5.461568646688669,8.083671154656821,51.185270217843346,48.73864215304461,37.687779206934536,38.95200679521909,32.53200082467828,37.804097656186556,4.7542161556352704,-0.41458289401129744,1.6945608952641116,-10.670195983032535,-11.084778877043831,1.323352986906347,0.7556562836176751,0.005153055753343747,2.1226690033031588,0.47110500904468167,0.019156327174569398
90,1360,3584,256,15.53125,1,16,94.140625,-0.012704910119753315,0.03593130870915486,0.08333429131481572,0.060117248792989006,100.0,0.0,100.0,-3.428888903102806,-0.03428888903102806,0.0,1.3671875,0.0,4.358787936655199,5.0397174482269795,64.05406822768994,49.2553113076541,31.58293104287471,34.81805493751011,24.48570278390402,35.863572889980105,4.936947206206808,-0.13362385703768595,0.408250637022934,-6.804857298308086,-6.938481155345771,0.17632284205307514,1.0,0.004586197012748587,1.581717694885697,0.6322240708524571,0.01813441068228967
90,1361,3653,69,14.26086956521739,1,16,78.26086956521739,0.12389956571999963,0.9291499191677743,6.1507811973327025,-0.5794059053508184,76.81159420289855,0.0,76.81159420289855,-2.996938327274356,-0.029969383272743573,0.0,16.666666666666664,0.0,5.280270141432214,5.448742478266457,69.15386061831556,49.59227785316365,35.06862279483226,38.10870280541269,28.431600304137614,39.32986281174265,5.891706031782977,1.8256786270735106,3.5073583213959485,-7.635539208108539,-5.809860581035029,7.082275672573051,0.14119755375699625,0.004079895597152775,19.320077613512918,0.05175962643651992,0.0147132459414041
91,1362,256,256,15.53125,1,16,94.140625,-0.1198707233353537,0.12011803053450236,1.521905430075292,0.5646558038943867,0.0,0.0,0.0,-6.039573434060459,-0.0603957343406046,0.0,0.0,65.75520833333334,0.00013268405904684705,0.00026276101197424454,0.16238087787745792,1.0113792774760841,1.1495481469867395,1.0296353686188329,0.7639606174995839,0.9581510916052504,0.6539712317971745,-1.7243244114610958,1.7446520742401863,-0.08171162810622207,-1.8060360395673176,0.331150959093324,1.0,0.0036919323971295356,0.11579174105881386,1.0,0.013245046618336082
91,1363,512,256,15.53125,1,16,94.140625,-0.10586706851723396,0.10591420783818793,1.1871768877198998,0.5017902835313769,0.0,0.0,0.0,-5.329961743693332,-0.053299617436933316,0.0,0.0,37.3046875,0.0002334437028426741,0.00041082829473858056,0.31994858227282685,1.2449979846096897,1.305465914441329,1.1637389670034706,0.8274785495422303,1.0900055472421846,0.6793296363003802,-1.5255636425868406,1.5408938235452174,-0.07296288084302614,-1.5985265234298667,0.34713433470244076,1.0,0.00337827708943277,0.09457644350462072,1.0,0.011962150267351649
91,1364,768,256,15.53125,1,16,94.140625,-0.09570751598566571,0.09574561161320076,0.9702248230266122,0.45583837042659814,0.0,0.0,0.0,-4.821780781016924,-0.04821780781016924,0.0,0.0,23.177083333333336,0.000818593183196066,0.0014239383213255278,1.1129240331643295,2.1860822462287524,1.768347063613572,1.5941127910601622,1.026486212287186,1.5055600601755557,0.7495229865021957,-1.3792471562102318,1.3930002318927388,-0.07355337460622491,-1.4528005308164567,0.3221704797651992,1.0,0.002941840279027726,0.11080752476741147,1.0,0.010857776450511895
91,1365,1024,256,15.53125,1,16,94.140625,-0.09187193619071378,0.09236956155104865,0.893868898458231,0.44051233050599814,0.0,0.0,0.0,-4.468931135803405,-0.044689311358034056,0.0,0.0,13.4765625,0.026378480765190487,0.5927562722408016,22.112742722520313,5.621660222160848,2.686924077016517,2.680494388552112,1.5489450675958256,2.687775658239024,0.990069623684694,-1.326209294781285,1.3370631237591073,-0.11929085910417532,-1.4455001538854604,0.16346629170571095,1.0,0.002525076693083626,0.3603339500852043,1.0,0.010281172819360862
91,1366,1280,256,15.53125,1,16,94.140625,-0.015205865882249387,0.08371771200656823,0.21532612717927774,0.07713477263556118,93.75,0.0,93.75,-1.2746751690326898,-0.0127467516903269,0.0,3.4505208333333335,0.0,5.400875950282515,12.107603311830946,95.33726481751623,42.272147058487846,15.941929104372981,23.972672449413018,17.779884873459256,26.849534279560103,13.515465448815426,-0.14728630848668423,0.6562410032591346,-5.665020871555586,-5.81230718004227,0.292084517015079,1.0,0.002789433393622175,1.2925074362562194,0.7736899393759198,0.014413996146481787
91,1367,1536,256,15.53125,1,16,94.140625,0.0412985357775448,0.10078064412431272,0.23404657570440912,-0.19525335213918638,100.0,0.0,100.0,-5.650203723852471,-0.05650203723852471,0.0,33.72395833333333,0.0,17.17495481676973,20.59574931002553,75.96646130228297,49.99126766810363,46.538431631751706,48.9970697100012,48.06549937080152,49.298509402855906,41.937998334929375,0.6038267425657544,0.6841733343304299,-22.608601904500695,-22.004775161934944,0.29935614129251226,1.0,0.0035249054662073705,5.068299316388221,0.19730484282302047,0.00949455566175021
91,1368,1792,256,15.53125,1,16,94.140625,0.054260086763427834,0.10444116958235103,0.6494042240033171,-0.2547192250192138,100.0,0.0,100.0,-14.304410186475074,-0.14304410186475075,0.0,49.609375,0.0,18.2193195692797,21.906729089000294,56.16939284137934,49.999143294705235,49.13426630650011,49.67569128192482,49.286307976665114,49.72926345455406,37.73307804896801,0.8351097274058845,1.1396527751936703,-32.436383317744784,-31.601273590338906,0.25505584199381925,1.0,0.003915002519984359,6.075816598808988,0.1645869297957455,0.009905251417127059
91,1369,2048,256,15.53125,1,16,94.140625,0.04087196058411399,0.04209819944436847,0.1899558344575359,-0.19460634807439803,100.0,0.0,100.0,-11.339448253914332,-0.11339448253914332,0.0,16.927083333333336,0.0,14.672148875522517,15.23707845293352,56.67082946529307,49.99800654213968,48.8324700758245,49.39622316514546,48.606331172750664,49.46490495567123,26.19508722462959,0.593007703519721,0.6163697501622478,-25.890125508941395,-25.297117805421674,0.08273885903367707,1.0,0.003513649405549197,4.503790026690026,0.22203521791066508,0.0122397036806106
91,1370,2304,256,15.53125,1,16,94.140625,-0.07617935424164433,0.13677076367925065,0.8019671027865725,0.3444365003698674,100.0,0.0,100.0,-18.27886692181636,-0.18278866921816356,0.0,70.37760416666666,0.0,21.86229469068693,25.49603335879609,54.57425207582683,49.99960371847787,49.38038903978093,49.8279379178383,49.64215694916817,49.87533804487857,45.49983619061207,-1.124052208100703,1.266465240570441,-40.05972387914893,-41.18377608724964,0.48941257074393396,1.0,0.00418970684872703,7.8189454474526565,0.1278944848407647,0.00847026187465234
91,1371,2560,256,15.53125,1,16,94.140625,-0.20105131552799782,0.31145335294618093,4.500863083105807,0.9630797206609863,100.0,0.0,100.0,-38.658910427755266,-0.38658910427755266,0.0,83.33333333333334,0.0,26.859396280642397,28.209753779657216,41.18710978461826,49.99998605246073,49.85076216230763,49.97432230874695,49.95112894397297,49.98416617880398,49.17336929115354,-2.912594477787724,3.00028768057525,-65.21311260027599,-68.12570707806373,1.393259814283262,0.7177412208034095,0.005673638756061327,18.40051539596955,0.054346303811633453,0.009291024831911358
91,1372,2816,256,15.53125,1,16,94.140625,-0.019818159808896146,0.2486526840583812,2.458019260164753,0.11822097189956746,100.0,0.0,100.0,-36.196669116552485,-0.3619666911655248,0.0,83.33333333333334,0.0,23.31087970081994,28.404480705595457,41.2961931628994,49.999960203433545,49.84951742222243,49.94662508499698,49.880284851175055,49.95953015303029,44.63998710154229,-0.1575397492820349,2.2172141349742263,-56.44801110084522,-56.60555085012725,0.7509059918353531,1.0,0.005175302672822238,1.9429582359817454,0.5146791019389648,0.017243382353440206
91,1373,3072,256,15.53125,1,16,94.140625,-0.06445830319939565,0.34808812350379686,2.212278570094208,0.27955156810001247,100.0,0.0,100.0,-17.754127671240617,-0.1775412767124061,0.0,31.315104166666668,0.0,10.21696705122607,18.83497756817261,52.3352587668778,49.949895468928304,46.20454385370884,46.89505461850425,42.8377161809887,46.207192277907964,12.266540569265599,-0.9905263448915902,2.103463130218454,-19.52214872336169,-20.512675068253273,1.729952617160465,0.5780505142628674,0.00652438153013898,15.378071135206085,0.06502766122017933,0.018053487884130637
91,1374,3328,256,15.53125,1,16,94.140625,-0.008445423912658807,0.1427758936539108,0.811620796764493,0.05297961119507141,100.0,0.0,100.0,-5.792993812758808,-0.057929938127588086,0.0,16.666666666666664,0.0,7.049296608087312,8.211974135425827,59.276127301705586,49.919425070523744,44.00491021996067,44.772586556207585,38.34870765522855,44.38415545410538,5.850016267171665,-0.12222747188676131,1.2740649879535133,-11.892302903338422,-12.014530375225183,0.6392611185489172,1.0,0.007401142459708051,2.6405299665103286,0.37871185431823745,0.021471920252504714
91,1375,3584,256,15.53125,1,16,94.140625,-0.004313542213068813,0.1626039644578666,0.86048411641274,0.02096015020860607,74.609375,0.0,74.609375,-5.5633118891602,-0.055633118891602,0.0,0.9114583333333334,0.0,3.7022501916071264,4.970692347149183,51.89107007846697,48.441414765145204,29.889722810119995,31.21885768140102,20.5782086645183,32.88611753439655,4.3518227185461225,-0.05920500394742466,1.311856788230133,-7.134657631859927,-7.193862635807353,0.45535539556155785,1.0,0.00867742700192179,4.123185377845261,0.2425309338195681,0.01508144293742086
91,1376,3736,152,15.210526315789474,1,16,90.13157894736842,0.06596069111906262,0.657608082417298,3.111476587964446,-0.34105908208783003,89.47368421052632,0.0,89.47368421052632,-3.0838318795368536,-0.030838318795368528,0.0,14.692982456140353,0.0,5.406520603341092,5.788029857557395,68.83159511265406,49.58442471804852,35.38988027972566,37.499691512273436,27.02505182608004,39.77857582075714,6.35277679775098,0.975457433608996,2.4945847702431143,-7.854707702897842,-6.879250269288845,2.652460053011292,0.3770085053174382,0.00697064686825084,10.214520681740673,0.09789984583296064,0.01243257487578325
92,1377,256,256,15.53125,1,16,94.140625,-0.032895872725388645,0.059656003031647795,0.32130848135587103,0.16130558258613042,60.546875,0.0,60.546875,-1.8258007605340347,-0.018258007605340347,0.0,0.0,2.799479166666667,0.4497738277664194,0.8965197073944472,78.98176121780008,28.034389274360294,9.246025873060265,9.898632161731197,5.265284036073052,9.394637586064606,1.6311583221818482,-0.4259205564883844,0.8016339331089609,-0.5694654320585777,-0.995385988546962,0.08256361078718233,1.0,0.006442067180828176,0.5185576041762527,1.0,0.011152816328756926
92,1378,512,256,15.53125,1,16,94.140625,0.005242836993729995,0.005490867024329338,0.0032309945386960973,-0.025272231648538184,100.0,0.0,100.0,-0.22429093970048203,-0.00224290939700482,0.0,0.0,0.0,1.1957506360180696,1.506725174094222,99.13392868125959,41.87591236894502,14.946303013748764,16.52557460836787,8.885412728253787,16.115012566256194,2.3160925730288966,0.07683465795963863,0.0803864981037997,-1.2061971637003386,-1.1293625057407,0.018560591106670944,1.0,0.00584294942079785,0.4341710306232516,1.0,0.009754581148902253
92,1379,768,256,15.53125,1,16,94.140625,0.011591780466386727,0.011768331292035193,0.014800855242914825,-0.05352871939212543,100.0,0.0,100.0,-0.2163114953176517,-0.0021631149531765167,0.0,0.0,0.0,1.8589786928984209,2.22502779405754,99.35836756225146,44.993185362430324,18.296184652052492,20.341109578986686,11.288588246022538,20.201366342293227,2.7613854386636723,0.16867393921160173,0.17205147626751027,-1.870983530132685,-1.7023095909210832,0.011395565507148842,1.0,0.005282687201039179,1.139538958696949,0.8775478822974947,0.01008387662580465
92,1380,1024,256,15.53125,1,16,94.140625,0.002670848190743048,0.025186723923472775,0.06332132908485402,-0.009947939826561527,100.0,0.0,100.0,-0.22702146468245643,-0.002270214646824564,0.0,0.5859375,0.0,3.1661059399011577,8.252539505553102,99.10026032787904,47.17547337517215,22.491992178524992,25.691617154672198,15.667967959656723,26.13654347478071,4.493253903248716,0.03331686399304204,0.35586887777622256,-3.194851284371918,-3.161534420378876,0.028954928906114175,1.0,0.004806688375519967,0.31107913182062913,1.0,0.010726297569237883
92,1381,1280,256,15.53125,1,16,94.140625,0.010052214492549269,0.11795531831874627,0.11061406282335194,-0.05531130871547453,100.0,0.0,100.0,-5.02617715080004,-0.0502617715080004,0.0,26.7578125,0.0,15.48902813662871,20.513549430236882,77.51100218368147,49.958991989948146,43.79713073167132,47.73158036860836,45.635376003550235,48.34735390931172,38.738384246939134,0.17083846012226073,0.4703489403057095,-19.98300589627732,-19.81216743615506,0.4707103432950278,1.0,0.0043162223532675755,1.6314342420558343,0.6129575892313384,0.012054679336350318
92,1382,1536,256,15.53125,1,16,94.140625,-0.05102072739274492,0.13264600274182523,0.4590767673086805,0.2547545363845857,100.0,0.0,100.0,-19.38727297862098,-0.1938727297862098,0.0,73.50260416666666,0.0,22.780379473736314,25.120998036413752,54.28005436253466,49.99980598680649,49.41878644403559,49.87660658887994,49.75259714818202,49.92097712003882,47.93274133380859,-0.7802049594302332,0.9582032845995473,-41.96823260637678,-42.74843756580701,0.2267732619819301,1.0,0.0037644843874457806,5.363408136425093,0.1864486115103924,0.009127059058565846
92,1383,1792,256,15.53125,1,16,94.140625,0.03197690484537319,0.08798882030158377,0.5399446364251246,-0.15923930783986262,100.0,0.0,100.0,-22.95426373869206,-0.2295426373869206,0.0,65.69010416666666,0.0,19.42470163672757,25.167989740401058,45.912255359110596,49.99965680460706,49.53287338084944,49.79892256709891,49.52274770260741,49.83928741252427,39.536865560873125,0.49194573656545326,1.0391772095510223,-42.30831503439316,-41.816369297827706,0.21709431204102117,1.0,0.0038107473347459126,3.4829707676105928,0.28711122392968735,0.011897273330968405
92,1384,2048,256,15.53125,1,16,94.140625,-0.01833380554015987,0.0838131819508381,0.3174097817687554,0.104104918792646,100.0,0.0,100.0,-16.929345457300453,-0.16929345457300454,0.0,51.302083333333336,0.0,17.148530701655083,21.91902636676902,50.451705730457775,49.99933791392115,49.308774616841916,49.679086738284276,49.22682461224933,49.74243028673945,35.27716602994323,-0.2721296659059826,0.7967556485758421,-33.989991920733985,-34.26212158663997,0.25552887026396853,1.0,0.0037438188222715754,2.0899554382344494,0.47847910137489774,0.012913682341018936
92,1385,2304,256,15.53125,1,16,94.140625,-0.16302146776913554,0.2352606925872467,3.041732935216517,0.7819194394365614,100.0,0.0,100.0,-31.019649436121437,-0.31019649436121444,0.0,82.421875,0.0,25.60168919555249,27.534787731544913,45.29327300549291,49.99996103057671,49.75550674795533,49.952467377603675,49.905184782674354,49.97121777227106,48.93037504750943,-2.3869414206401722,2.46646829909347,-56.52426397281482,-58.911205393454985,0.7191684419397109,1.0,0.00508636306179955,15.137096069124432,0.0660628693531072,0.01394010557973405
92,1386,2560,256,15.53125,1,16,94.140625,-0.17964868140927637,0.4037074519306005,5.128257620223129,0.7865015950251655,100.0,0.0,100.0,-46.42951221342619,-0.46429512213426194,0.0,86.26302083333334,0.0,27.82923644920176,28.683660995903974,37.65046976456299,49.99999239703615,49.888932905958484,49.98035826563679,49.9612965457362,49.98869996264433,49.38823211627311,-2.5534821611888274,3.2025794666871668,-73.91471241454448,-76.46819457573329,1.4035842281187592,0.7124616962533927,0.003850028524087188,15.422263048621875,0.06484132690820361,0.016272655377087268
92,1387,2816,256,15.53125,1,16,94.140625,0.038762393430174985,0.2491559307978361,1.6619664916270875,-0.15210453517090647,100.0,0.0,100.0,-27.391884939512742,-0.27391884939512745,0.0,75.45572916666666,0.0,19.502713038023536,25.57081887168592,47.402000516199415,49.999716736854296,49.72612292526867,49.8412234188536,49.58012544211809,49.85745549162624,37.55851727920054,0.4590498656194707,1.823165648879491,-41.143227766006575,-40.6841779003871,1.3322561336881003,0.7506064147227367,0.004360348661812987,8.299204526130666,0.12049347583270484,0.01578733025095727
92,1388,3072,256,15.53125,1,16,94.140625,-0.04575027592852107,0.29158748183377964,1.5569279937053901,0.19870244583888683,100.0,0.0,100.0,-11.235856191539726,-0.1123585619153973,0.0,16.666666666666664,0.0,6.8450415148899495,13.5574208009499,52.63713098233006,49.89497967599443,43.44798869093118,44.366105477340994,36.60379967797193,43.56841524017611,5.921272407640355,-0.7499839166113511,1.7646121351194375,-13.004207081855933,-13.754190998467282,0.551619397076636,1.0,0.003470751450789724,12.144502536852645,0.08234178361488974,0.01442451614896796
92,1389,3328,256,15.53125,1,16,94.140625,-0.030607914205066408,0.2006699982079293,1.4696227083837174,0.13864055330810132,70.703125,0.0,70.703125,-7.022930530242508,-0.07022930530242508,0.0,10.9375,0.0,5.161834217533394,7.92961251733787,52.49338657027199,47.82204430228059,36.03545067423161,36.18305897762863,28.068465502251723,36.396486763444656,4.877093157675865,-0.4823517548402937,1.7144227648883559,-9.833303878429211,-10.315655633269504,0.7892914178838313,1.0,0.0059989826486847005,2.1674441169206964,0.46137291023710786,0.01953236447935158
92,1390,3584,256,15.53125,1,16,94.140625,-0.020123691432702914,0.04454837138271123,0.11294675265534924,0.09226820843466123,100.0,0.0,100.0,-3.8760883251478733,-0.03876088325147874,0.0,0.0,0.0,4.271627824065988,4.935468019772653,60.7402238612864,49.078709502480464,30.840594466687335,32.642386458509954,20.331388316579698,35.79244009338218,5.266981528789984,-0.22504884825711607,0.47528255313097545,-7.03261784780574,-7.257666696062857,0.19884509453695767,1.0,0.005279180763084514,2.680412435826781,0.3730769140725715,0.02028511274589011
92,1391,3650,66,14.181818181818182,1,16,77.27272727272727,0.12663033648281843,0.978010004763754,6.727376143438023,-0.7330983417204752,75.75757575757575,0.0,75.75757575757575,-3.399166675592602,-0.03399166675592602,0.0,5.808080808080808,0.0,5.206538562822899,5.37826903788673,66.14545313890716,49.487316180530605,34.43113323872773,36.1530026930099,24.25945846212257,39.28965063637175,6.287786469032058,1.8754913240869406,3.6680720122260477,-7.871347637288135,-5.995856313201195,3.902692762219616,0.2562333396265763,0.005949468071659157,20.45336426467641,0.04889171224154213,0.01567245327997348
93,1392,256,256,15.53125,1,16,94.140625,-0.03405617376667418,0.04351911724983684,0.15106806478457047,0.1626050183781229,100.0,0.0,100.0,-5.49761143060411,-0.054976114306041095,0.0,9.830729166666668,0.0,6.083252752914758,7.341008945000688,87.91445716144527,49.550127944465785,34.73342981932265,37.89646551890222,27.988362196367515,38.19154394744506,6.46837168559953,-0.45757683833679963,0.549669109163996,-6.919513524088002,-7.3770903624248,0.14807607183541988,1.0,0.005382206605139658,4.155403485502915,0.24065051769069623,0.01671307113433646
93,1393,512,256,15.53125,1,16,94.140625,-0.03321888907677008,0.03339532439612805,0.11743502498680351,0.1557184552732373,100.0,0.0,100.0,-5.099666533374896,-0.050996665333748956,0.0,16.666666666666664,0.0,6.46829832195848,6.819663414817731,90.07872795285103,49.65290271734386,36.28814403711027,39.12518343671942,29.59191090822668,39.72074166907437,6.955353402950141,-0.4770199137035829,0.4846339339889511,-7.180716767386096,-7.657736681089679,0.21863867158581776,1.0,0.004644496112207635,4.35040590429571,0.22986360859168858,0.018803431239484424
93,1394,768,256,15.53125,1,16,94.140625,-0.02020981747343911,0.020502732723860804,0.04402176151106765,0.09404461696004135,100.0,0.0,100.0,-4.896176054359319,-0.0489617605435932,0.0,16.666666666666664,0.0,7.262368742299814,7.603849407100304,90.0038555197669,49.7860284612867,38.85809796089834,41.32254816782503,32.780402865954244,42.13694657055335,8.201223883043987,-0.28924084534589445,0.29672128845456186,-8.06895293580488,-8.358193781150774,0.09095986059502464,1.0,0.004078150942911908,2.6622403120428912,0.37562349104113824,0.021357674401487146
93,1395,1024,256,15.53125,1,16,94.140625,-0.029317279717278204,0.06947634350728216,0.2360830979180388,0.1378861975684988,100.0,0.0,100.0,-4.7361281945941425,-0.04736128194594142,0.0,16.666666666666664,0.0,8.687273236152635,13.648199309331204,87.91537146849763,49.8794098215803,41.30794660131599,43.64910962191029,36.796353995411636,44.56047883969451,12.290506669057672,-0.4301826539740397,0.6871435045433214,-9.881404231187844,-10.311586885161883,0.16728964302538316,1.0,0.0035751486878015035,4.338642925931386,0.23048681743850305,0.023965669103862764
93,1396,1280,256,15.53125,1,16,94.140625,-0.06862300564934794,0.1695049933888901,0.5739085048074151,0.3121606174152173,100.0,0.0,100.0,-14.838837735868154,-0.14838837735868154,0.0,57.161458333333336,0.0,20.873391539098414,24.54318590177464,59.595510050743435,49.9983599172641,48.63890707338185,49.617105964988944,49.223912751686015,49.766687926497,46.10546270011159,-0.9089397631026317,1.0713622214801257,-35.02510763197676,-35.934047395079396,0.725330569902343,1.0,0.004775070078488324,7.681376294688259,0.13018500352489032,0.0269966940397005
93,1397,1536,256,15.53125,1,16,94.140625,-0.1227474709351663,0.2396377540357341,1.7986192965493353,0.5563490386231926,100.0,0.0,100.0,-32.26647543950255,-0.32266475439502545,0.0,83.33333333333334,0.0,26.08573239233477,27.305387653686196,44.79881088783105,49.999969193351255,49.77802338109114,49.95370890244608,49.91156374605242,49.97562730193938,49.07182545757189,-1.8086576308145932,1.896638761888692,-58.2286267768339,-60.03728440764849,0.5192109194323687,1.0,0.003472873636044675,11.334945471754763,0.08822274465209139,0.02944832664893329
93,1398,1792,256,15.53125,1,16,94.140625,0.039234844803678365,0.08589681758787038,0.7237219605734616,-0.19430419708344476,100.0,0.0,100.0,-25.91691671475606,-0.25916916714756055,0.0,77.27864583333334,0.0,20.229640298657024,26.389258696393448,43.88845438226401,49.99978824620512,49.6726664233727,49.83433342308272,49.61280772908531,49.8927868264618,41.17883701368698,0.55629938332068,1.2030976357498684,-46.09330764409906,-45.537008260778386,0.3433560899040157,1.0,0.003460870614024721,3.7096333962260566,0.2695684163878123,0.022292013179695327
93,1399,2048,256,15.53125,1,16,94.140625,-0.053765796880328565,0.12150194007407145,0.9156999539833502,0.2544828761663899,100.0,0.0,100.0,-20.202639556785634,-0.20202639556785634,0.0,72.78645833333334,0.0,19.92868117037897,26.20420177275393,49.72284026439687,49.99971257898322,49.578403738028726,49.79947002152437,49.536095831698006,49.873423451543665,41.14607721446325,-0.795772651126536,1.3532922478041098,-40.079530984975804,-40.87530363610233,0.43665829061896677,1.0,0.004063321480176697,5.480775450949911,0.1824559332797849,0.02544488679704991
93,1400,2304,256,15.53125,1,16,94.140625,-0.1916208745244887,0.31615684535708805,4.059160108218956,0.9297484695677898,100.0,0.0,100.0,-38.06832696400493,-0.3806832696400493,0.0,87.76041666666666,0.0,27.705573859248407,28.838903499555524,42.18735991241154,49.99998668843975,49.861997820750034,49.97152524893969,49.94649572095916,49.98604803639544,49.40460578012522,-2.792614133950102,2.849266610276741,-65.6726894424541,-68.46530357640421,1.1396850729147667,0.877435375583608,0.009296592942327018,16.717559779167907,0.059817342555348325,0.02747396629767655
93,1401,2560,256,15.53125,1,16,94.140625,-0.08198665205216935,0.40766075661328793,4.87675906145758,0.33862047183245814,100.0,0.0,100.0,-45.406047589242164,-0.45406047589242166,0.0,94.79166666666666,0.0,27.919500776058143,29.496240919051402,38.381212245602065,49.99999062149446,49.906797730819605,49.97599546634349,49.95179338995031,49.98802748878717,49.01044825508575,-1.144475047402457,3.1230622989167474,-72.74262364982314,-73.8870986972256,0.4928390292418503,1.0,0.005838021190787802,7.349950025227487,0.1360553468483004,0.027810284408151264
93,1402,2816,256,15.53125,1,16,94.140625,0.02340924483349941,0.27434460649505943,1.0614151005517134,-0.11073610796471772,100.0,0.0,100.0,-22.952474535943182,-0.22952474535943182,0.0,64.90885416666666,0.0,18.10136882224738,22.353951238421782,51.55357671392798,49.997808659525404,49.48691805554478,49.55458446181608,48.83175336185787,49.625493121420156,33.19055222114767,0.3360628043863466,1.4569935487514785,-35.111761348184054,-34.77569854379771,1.131644398011309,0.8836698186792126,0.0051422054685103585,10.821780630250059,0.09240623462692507,0.02513972348301742
93,1403,3072,256,15.53125,1,16,94.140625,-0.005238915925768549,0.21161773013812546,0.9807028275181776,0.033584469726376576,100.0,0.0,100.0,-7.658721664643329,-0.07658721664643328,0.0,16.666666666666664,0.0,7.535505400202194,8.893759461185978,59.859627038602376,49.92605264263784,44.858438681799264,44.80536162171412,37.41424388123994,45.36406196465429,6.798141302271034,-0.029116006485520485,1.4005019296796257,-12.588627382096258,-12.617743388581776,0.5847689068724016,1.0,0.0057808313643309545,2.976496020760983,0.33596550878113923,0.02683484501833364
93,1404,3328,256,15.53125,1,16,94.140625,-0.04285428659040781,0.21307901738013416,1.348207104655422,0.17863774825733175,76.5625,0.0,76.5625,-7.990764131206455,-0.07990764131206454,0.0,9.700520833333332,0.0,5.589540365255074,8.769893358356915,49.26639875306851,48.89036094603535,36.75527255177494,35.93030423915904,26.61252475024461,38.57055800121836,5.830527438166188,-0.6317790690585892,1.6420761886437683,-11.345542817673344,-11.977321886731934,0.5990983731332186,1.0,0.005718514067575366,4.862421347868059,0.2056588535747632,0.025920834624073946
93,1405,3584,256,15.53125,1,16,94.140625,0.02463787741884821,0.025283257639587456,0.06781138391915752,-0.11741018567120635,100.0,0.0,100.0,-3.2512150492663143,-0.032512150492663136,0.0,16.666666666666664,0.0,6.454757657700468,7.108909869180229,70.10190685531842,49.67662271522499,37.91422085198008,38.570800903585884,27.807043642966867,42.49554938756003,8.308043588300013,0.3580851557475978,0.36826996597376094,-9.207677718413969,-8.84959256266637,0.08844560631963971,1.0,0.005124073621798131,3.7202234670032666,0.2688010569444435,0.02102263569068938
93,1406,3591,7,4.0,1,7,0.0,1.4189975507329926,3.673746176051374,45.49207327399903,-2.3436806491757167,0.0,0.0,0.0,-2.918061961632359,-0.029180619616323594,0.0,16.666666666666664,0.0,7.19541579240857,7.2110561081695534,73.67479273017963,49.797168564647976,40.121888747541036,40.74639268663926,31.066515101042683,44.150585763626836,9.462934221810238,9.53780392488243,9.538561031308552,-9.76645542629547,-0.22865150141303953,17.15563471314148,0.058289886484583664,0.006063441978420227,95.83877881923235,0.010434189712351865,0.018200366169304174
94,1407,256,256,15.53125,1,16,94.140625,-0.03522512648032053,0.07092280448203452,0.4620873995386281,0.16451403380836954,73.4375,0.0,73.4375,-2.6175078508567378,-0.026175078508567377,0.0,0.0,0.0,2.455209887002489,3.7726486339955496,89.05349555670976,41.35823977268073,19.397704748030097,20.2635365338775,11.800101085865476,21.68715505069072,3.2092014172987073,-0.4520078316523266,0.9613401058300107,-2.757005630889579,-3.209013462541906,0.11314300230624957,1.0,0.005369689111499417,1.8807372165114598,0.531706392164068,0.018138787028670368
94,1408,512,256,15.53125,1,16,94.140625,0.019232187981230362,0.01941762069450506,0.04026705249296586,-0.08922686131449314,100.0,0.0,100.0,-1.0565227017024994,-0.010565227017024996,0.0,0.0,0.0,4.26327041403848,4.675809664187492,97.71424133765957,48.444025427798735,27.803306360257746,29.484394792855618,18.63019340769703,31.545155615150282,4.699697534466071,0.27943411651508143,0.28378531495821224,-4.362998019200088,-4.083563902685006,0.06860285023962072,1.0,0.004826246183070899,2.257845445187205,0.44290011175547356,0.013590452674734441
94,1409,768,256,15.53125,1,16,94.140625,0.028755820876487963,0.028877278271619164,0.0888752578208701,-0.13569210180625152,100.0,0.0,100.0,-1.0178518334014293,-0.010178518334014293,0.0,0.0,0.0,5.119520416981586,5.527021338731258,97.80602765270791,49.07819784034115,31.438659862626317,33.26292424314387,22.411436574425238,35.38085484822972,5.6176281622166835,0.41685230652438465,0.4216046911998729,-5.2343608465115326,-4.8175085399871485,0.04501349012510084,1.0,0.0043138167995786045,3.3889805519714282,0.29507398601573054,0.011232486765568336
94,1410,1024,256,15.53125,1,16,94.140625,0.01884950071628603,0.034770632044825514,0.12277827281891615,-0.08821581613231776,100.0,0.0,100.0,-1.0035664455366617,-0.010035664455366619,0.0,4.557291666666666,0.0,6.578413865575677,12.023029720869257,97.16746870868563,49.48802359069188,35.13123998108057,37.44427194364002,27.769030161890747,39.4714755642712,8.858240975011729,0.26585530689913883,0.4955366239117269,-6.770181371399298,-6.504326064500159,0.2031312703598344,1.0,0.004234907465459294,2.157018040102571,0.46360298403088357,0.011537587884659304
94,1411,1280,256,15.53125,1,16,94.140625,0.01469879789301052,0.12277579742156632,0.14932246238594132,-0.052571423379071766,100.0,0.0,100.0,-7.439605459825766,-0.07439605459825767,0.0,41.66666666666667,0.0,19.121444012724535,23.588296624312232,73.20777292171036,49.993515986614746,47.47617105107187,49.172182478347594,48.39975614876728,49.49906094620301,44.29151175681618,0.24324431894740034,0.5464841486922404,-26.11941771971855,-25.87617340077115,0.6966926081840071,1.0,0.004848041387208041,2.1372750311263577,0.46788550160200654,0.013208505805271855
94,1412,1536,256,15.53125,1,16,94.140625,-0.06503309001647342,0.14982337515923702,0.6392185351712582,0.286771795785193,100.0,0.0,100.0,-23.684280920695887,-0.23684280920695888,0.0,82.35677083333334,0.0,25.60432734967239,27.53372190725451,52.08649629134026,49.99993830447064,49.71148311122448,49.9345133886968,49.88425453066469,49.96507701283754,48.87731466902243,-0.9761232519514643,1.1306799150699176,-49.15732324642709,-50.13344649837855,0.15259235968043014,1.0,0.004011571100772736,6.210765332018143,0.1610107525468294,0.010618332988328594
94,1413,1792,256,15.53125,1,16,94.140625,0.03854550070431706,0.10931261628768682,0.6752812306281033,-0.1903551558741298,100.0,0.0,100.0,-25.466799481295283,-0.25466799481295277,0.0,83.33333333333334,0.0,21.64911731856472,27.435738787161227,45.98823066191018,49.99984262861392,49.73688171025511,49.871590536552674,49.72731097041719,49.91813380390731,42.82218046856289,0.6259028743544129,1.1621370234426776,-47.07534298877829,-46.44944011442388,0.5888382389214496,1.0,0.0033901074732374374,4.257510690348383,0.2348790344242617,0.011276245333947046
94,1414,2048,256,15.53125,1,16,94.140625,-0.014011791866129442,0.07917121754154091,0.32890572089313813,0.06781383607386583,100.0,0.0,100.0,-18.763240778830557,-0.18763240778830556,0.0,80.6640625,0.0,19.73303690431273,24.63208404030899,51.32244171721602,49.999716813435185,49.62247160241954,49.808465740484486,49.58860091332377,49.87621563911273,40.27641515427696,-0.2108707337599847,0.8110557575076305,-38.449138903095715,-38.66000963685569,0.0779469378732689,1.0,0.0031986212547845403,1.584734503067722,0.6310205261917403,0.012726574889372783
94,1415,2304,256,15.53125,1,16,94.140625,-0.17105956546443768,0.2742111038261853,3.1722262339789546,0.817177477031776,100.0,0.0,100.0,-34.149704889960496,-0.34149704889960497,0.0,85.9375,0.0,27.830186974954405,29.316191965338636,44.95819879011284,49.999982652972626,49.854600518893704,49.969334078732246,49.947833405856485,49.9841949377937,49.32673198956876,-2.453235865613123,2.5188196576884794,-61.90236202495459,-64.35559789056771,1.1175747556386402,0.8947947284551432,0.005998283511142579,14.736084203377544,0.06786063286546623,0.013604668955659751
94,1416,2560,256,15.53125,1,16,94.140625,-0.12923817831751594,0.42097875054784695,4.816196150993857,0.6610231843737754,100.0,0.0,100.0,-46.814443466664684,-0.46814443466664685,0.0,96.54947916666666,0.0,29.177855753524327,30.022744204592527,38.55909533051519,49.99999383078339,49.91663127526234,49.98242377451001,49.97036424984027,49.99116164239685,49.44763034026418,-1.8502715555661249,3.103609560171465,-75.67048838522238,-77.52075994078851,1.5730276144634712,0.6357167482664189,0.010396363490185965,10.652098812911936,0.0938782128821271,0.01608799267016535
94,1417,2816,256,15.53125,1,16,94.140625,0.05674226937484303,0.24480438892095913,1.1756958340302526,-0.2772989103512313,100.0,0.0,100.0,-25.583654049456754,-0.2558365404945675,0.0,76.30208333333334,0.0,20.321431637742222,25.454224441530453,49.891486933364575,49.9996453501479,49.77435834458074,49.83601361843114,49.60759119290389,49.872476508917316,37.70348051292957,0.7292058827350181,1.5334248165660112,-40.73126075573508,-40.00205487300006,1.269606042269784,0.7876459048762985,0.009642278664822108,15.786590911270553,0.06334489856743346,0.016523337213173842
94,1418,3072,256,15.53125,1,16,94.140625,-0.018286096045688115,0.2496490720739261,1.233103831705321,0.06739964625896663,100.0,0.0,100.0,-9.955347576433073,-0.09955347576433074,0.0,16.666666666666664,0.0,8.069419235193957,12.12467798019466,56.69407668876446,49.93346542325282,45.49778287777346,45.71796971315249,39.71346684223903,45.84985352807712,7.165664839075578,-0.25882393284267147,1.5704163980965817,-14.233266871057698,-14.49209080390037,1.515924445777951,0.6596634830879148,0.008102108831091689,6.017474836489899,0.16618266418598238,0.01645045616340849
94,1419,3328,256,15.53125,1,16,94.140625,-0.043405787105687724,0.21559993609833844,1.5227638875425544,0.17726525843751317,75.0,0.0,75.0,-7.5698134857820625,-0.07569813485782063,0.0,9.5703125,0.0,5.61563402224731,8.639831709624607,51.72972123246479,48.37697655473465,37.06094874903957,36.39106081507662,28.152897260669256,37.99375575251884,5.337077554796656,-0.6597951470323437,1.745144055682828,-10.8557206349742,-11.515515782006544,0.5762858776700391,1.0,0.00662854185528406,4.7665815970326095,0.20979395393599065,0.014763466566037078
94,1420,3584,256,15.53125,1,16,94.140625,0.013494342792689365,0.018194356962589593,0.03094836930464926,-0.06211028188247806,100.0,0.0,100.0,-3.5250801665250835,-0.03525080166525083,0.0,8.919270833333332,0.0,5.938813243293485,6.576700174850723,67.29235425505327,49.528174056451434,36.36776426158319,37.38276296263813,26.262706620948894,41.085383831318566,7.189602492491739,0.21376139753292214,0.248790551688159,-8.825390802622296,-8.611629405089374,0.10364777133617277,1.0,0.005860592177607787,2.303180704161402,0.43418217172156465,0.012814284826598571
94,1421,3628,44,13.272727272727273,1,16,65.9090909090909,0.24012757610264712,1.4157555819906347,14.545684714365636,-0.8556751081927381,63.63636363636363,0.0,63.63636363636363,-3.1143361157541993,-0.031143361157541995,0.0,16.666666666666664,0.0,6.690983834592115,6.806847777181532,71.448955397312,49.70513409428438,38.84666813430642,39.792443943363615,29.681480558771412,43.01802284838769,8.17457310088089,3.5032237364919525,5.393641573995372,-9.364704910498716,-5.861481174006766,9.262802082529342,0.10795869231472724,0.006813083051829716,36.32987629731942,0.027525554775252134,0.013694746895430277
95,1422,256,256,15.53125,1,16,94.140625,-0.026532337134449427,0.05582917611597189,0.2838181192550284,0.12604565518707975,71.875,0.0,71.875,-1.8948014184677282,-0.01894801418467728,0.0,0.0,0.0,1.7345743152568396,2.8138399560518437,89.55443988945208,38.12727974874282,16.305262802521575,17.3679285775517,9.569282499789532,17.93169313297738,2.5956124449217604,-0.3368071681864726,0.7534163779146673,-1.9368937122470256,-2.273700880433498,0.2087250753735379,1.0,0.00620854606570306,0.8216517473893695,1.0,0.013007332645795271
95,1423,512,256,15.53125,1,16,94.140625,0.01767508219266413,0.017854653883688718,0.03404244859116405,-0.08343037678651194,100.0,0.0,100.0,-0.5921098289314034,-0.005921098289314034,0.0,0.0,0.0,3.2329586534231436,3.649861693054481,98.6647075402803,47.03294803864675,23.807563255758485,25.769789544919334,15.193186166081428,26.828664242219702,3.678798276832189,0.2568284358179536,0.26093082834791315,-3.276712346310127,-3.0198839104921733,0.10646893944461862,1.0,0.005349691906592692,2.0231269754591525,0.4942843489954693,0.012386940663215149
95,1424,768,256,15.53125,1,16,94.140625,0.026169195599504827,0.02629367734018698,0.07370063903010149,-0.12362194588931881,100.0,0.0,100.0,-0.5720897468711491,-0.005720897468711491,0.0,0.0,0.0,4.038677969535302,4.457170993564297,98.77981190488067,48.180698385877534,27.435573884790273,29.640508007309087,18.545127017245093,30.87264627494266,4.342151217992553,0.37945533307831414,0.3839287408624196,-4.088566167168164,-3.70911083408985,0.03375512498592937,1.0,0.004901704902493579,3.050249283248868,0.32784205720225085,0.013723311124829447
95,1425,1024,256,15.53125,1,16,94.140625,0.015903128284190205,0.03256972435131022,0.10686917621291459,-0.07439526549970266,100.0,0.0,100.0,-0.5729597828593322,-0.005729597828593324,0.0,2.669270833333333,0.0,5.482456966708671,11.106761215563882,98.36699248885844,48.96562174581599,31.424963903421276,34.29791858791654,23.83940807486265,35.69933390584045,6.9976421683304295,0.22348941390492,0.462318453477502,-5.5734721861397185,-5.349982772234798,0.03221333221548323,1.0,0.004431621420187578,1.806274553683441,0.5536256921522547,0.016009354598147944
95,1426,1280,256,15.53125,1,16,94.140625,0.022051191453749605,0.12144531855749865,0.17678897650459957,-0.08546173431402318,100.0,0.0,100.0,-6.258327682159273,-0.06258327682159273,0.0,38.28125,0.0,18.44704011531951,23.239647336044197,76.03986654578189,49.98780818556263,46.72057861056796,48.91839096591622,47.96220290272152,49.284647471024996,42.8371026734948,0.34999978730966064,0.594624211590143,-24.259695543012246,-23.909695755702586,0.2354114744999289,1.0,0.0031914014941997115,3.1149404781524304,0.32103342167010895,0.01887478738628776
95,1427,1536,256,15.53125,1,16,94.140625,-0.05081748537224465,0.13523761348463958,0.46108092299894016,0.23979090160868788,100.0,0.0,100.0,-21.826176926352055,-0.21826176926352053,0.0,80.92447916666666,0.0,25.3734629330009,27.508582266398264,53.929198840804254,49.99991382244028,49.67001873674678,49.92657934493732,49.87750852788299,49.95721144564231,48.61502534480055,-0.7780606981072442,0.9602925835378925,-47.049582560834686,-47.82764325894193,0.1890422448866291,1.0,0.0032051402053707057,5.0162248143353,0.19935310657174166,0.014287872810175356
95,1428,1792,256,15.53125,1,16,94.140625,0.041818466933329995,0.09869655114447658,0.6858358729514042,-0.19642380700166165,100.0,0.0,100.0,-24.78068317341731,-0.24780683173417312,0.0,83.33333333333334,0.0,21.628027310794344,27.502549266333116,46.64747697660103,49.999809862388084,49.72679885545363,49.87163508712764,49.73907164350376,49.90896040296644,41.76277818943171,0.6420877089213225,1.1711839078056052,-46.364838384813915,-45.722750675892584,0.45975375605930874,1.0,0.002698266718505869,4.4406084414842,0.2251943654067744,0.015763929668820637
95,1429,2048,256,15.53125,1,16,94.140625,-0.010495382687735005,0.07900790074203674,0.31094641365598474,0.05304158263089999,100.0,0.0,100.0,-18.243446394596575,-0.18243446394596574,0.0,80.72916666666666,0.0,19.407579856748892,24.460663938660208,51.61888902992002,49.99963682303833,49.59952759123102,49.80036718475658,49.58523503809813,49.85582319900121,38.395306180590026,-0.15963253424005427,0.7886018179740454,-37.59782556633409,-37.75745810057414,0.1731822835503413,1.0,0.0029232007728545303,1.2792616694738417,0.7817009012794844,0.015966016882551254
95,1430,2304,256,15.53125,1,16,94.140625,-0.1609749437465755,0.2593275657226464,2.8715291661536306,0.7419942976807022,100.0,0.0,100.0,-32.976411263383426,-0.3297641126338343,0.0,83.33333333333334,0.0,27.79058357821267,29.348022655939825,45.79636110061508,49.99997793786585,49.84338989307141,49.96751198938529,49.948163609448585,49.98168045150658,49.184312932818486,-2.3440620180769605,2.396467886767369,-60.682951462358474,-63.027013480435436,1.1302209283122242,0.8847827667581019,0.006479123898622459,14.2538787438286,0.07015634256275421,0.015313404888943996
95,1431,2560,256,15.53125,1,16,94.140625,-0.14605480426803902,0.41077702237094055,4.653298254963808,0.7200803625825397,100.0,0.0,100.0,-46.908368872878924,-0.46908368872878925,0.0,90.88541666666666,0.0,29.439086814676145,30.232477988559317,38.73170793695835,49.99999340917252,49.91571936027093,49.98306412536708,49.973714232112584,49.99075818859299,49.40955269923415,-2.1005637787299047,3.0506714850877694,-76.00771662998353,-78.10828040871344,0.48781506285400233,1.0,0.0042194326952183945,12.269584525422669,0.0815023522539001,0.016610598880390594
95,1432,2816,256,15.53125,1,16,94.140625,0.058781393859398,0.2509867370701298,1.4209269283953145,-0.2868583375180064,100.0,0.0,100.0,-26.571785408053543,-0.2657178540805354,0.0,77.734375,0.0,20.65897772178449,26.37143964999229,49.6322523775905,49.99971623483263,49.79886534549474,49.8656972576762,49.69186806707427,49.886375395005146,37.413173247476855,0.7332293547790526,1.6857798957131471,-41.62409871028187,-40.890869355502815,1.331977144302953,0.7507636330526658,0.006204525233479709,15.009669813188868,0.06662371740658203,0.017031918110248855
95,1433,3072,256,15.53125,1,16,94.140625,-0.034943280266004774,0.2566363228602388,1.428237903332576,0.18478276503238736,100.0,0.0,100.0,-10.969501746310414,-0.10969501746310413,0.0,16.666666666666664,0.0,7.756226884477556,12.522800419109357,54.1889545744552,49.90762209301008,45.069637353442104,45.59280291661392,39.36956728028802,45.182765559578236,6.4252966965525635,-0.5174061504609457,1.6901111817466778,-14.313298614795308,-14.830704765256252,0.6420881535147277,1.0,0.005415503202795648,9.127103024305422,0.10956379010262138,0.01584905752822133
95,1434,3328,256,15.53125,1,16,94.140625,-0.04294413380909059,0.21124577044960488,1.675160422436622,0.2104402090832202,67.96875,0.0,67.96875,-7.203232953172206,-0.07203232953172206,0.0,9.9609375,0.0,4.826837306610851,8.004908340838167,51.967817635023046,45.72640656507343,34.18928125610022,33.83139190693291,25.940475028690514,34.349747303074395,4.324962673531925,-0.673608419950658,1.8303881678139324,-9.288127780370491,-9.961736200321148,0.571853335957754,1.0,0.0073279611270344125,3.1567156698351564,0.31678494504771787,0.01677183949263827
95,1435,3584,256,15.53125,1,16,94.140625,-0.01878992968994107,0.03753389413923034,0.06265488394574131,0.08858161714018756,100.0,0.0,100.0,-4.234299336459708,-0.04234299336459708,0.0,0.0,0.0,4.447101121102543,5.102698428858717,59.183433238960944,48.80442822241447,31.52850961230395,32.869884112169686,20.40768980406903,36.3735332105562,5.159077234183288,-0.2121058320586367,0.3539911974773986,-7.514097911736185,-7.726203743794821,0.062278402094089504,1.0,0.0066432309389280065,2.6185528173377084,0.38189033017737767,0.017600373644596202
95,1436,3644,60,14.0,1,16,75.0,0.14288706103878862,1.0790153625649141,8.138638557535609,-0.686701375657846,73.33333333333333,0.0,73.33333333333333,-3.7224223524803546,-0.03722422352480354,0.0,0.0,0.0,5.350577563769646,5.521176055546068,64.53383531920501,49.29644329017707,34.96849087571079,36.23665134858524,24.393880655487024,39.5955196507166,6.046079956358034,2.1212793526988842,4.034510765268971,-8.291119747189946,-6.16984039449106,7.105420737167242,0.14073761948665064,0.005612804815606213,23.996019809527102,0.04167357786573303,0.013771470245222172
96,1437,256,256,15.53125,1,16,94.140625,-0.08429189811991028,0.08484873683114319,0.7538638269052914,0.40983797485048606,0.0,0.0,0.0,-4.262915861375996,-0.04262915861375996,0.0,0.0,29.622395833333332,0.0005733539796450849,0.0014227140429186986,0.7857470243455393,1.6267441653730663,1.6845447076798072,1.5544568292362766,0.9062636108779811,1.4944755075355798,0.762270955758054,-1.2082499945459624,1.2278956200795663,-0.07296928424547838,-1.2812192787914412,0.11845110602627329,1.0,0.004963872559182357,0.1193000008822238,1.0,0.012487195163700712
96,1438,512,256,15.53125,1,16,94.140625,-0.072297071066393,0.07232104493339496,0.5536597369562802,0.3429192874845257,0.0,0.0,0.0,-3.643933586987479,-0.03643933586987479,0.0,0.0,25.911458333333332,0.0008627440799503202,0.0015090668094443122,1.4560193033901394,1.991469638031555,1.9230371871831697,1.7624828997691486,0.9868950085918151,1.7280861117608188,0.796808212734397,-1.0420086996200983,1.052292484964404,-0.059253615521548376,-1.1012623151416467,0.22463600270729367,1.0,0.0044788772116096396,0.0753797104376813,1.0,0.01128503136048223
96,1439,768,256,15.53125,1,16,94.140625,-0.06635706806218739,0.06637552707633289,0.4664296713071431,0.3192882648084192,0.0,0.0,0.0,-3.3484754595010564,-0.03348475459501056,0.0,0.0,16.666666666666664,0.0029949176716791803,0.005172657824722349,4.682132449399475,3.6259909791092078,2.6899958594875617,2.4989501066306476,1.267829349410737,2.528886450028298,0.9042427977271856,-0.9564932319598716,0.9658464384229442,-0.06396482167144385,-1.0204580536313153,0.36005801311019375,1.0,0.004118947265930885,0.09699836521382871,1.0,0.010244559091337806
96,1440,1024,256,15.53125,1,16,94.140625,-0.0736724352786598,0.07973032755900013,0.6441577658143989,0.34557564455302126,7.421875,0.0,7.421875,-3.1782204696453573,-0.03178220469645357,0.0,0.0,2.994791666666667,0.13675059572770326,2.5902614937795523,59.13976055549356,9.18865832179492,4.250334334113946,4.448342011657401,2.117953684027759,4.867968775393463,1.3508388100209712,-1.0674406373587195,1.13503988107414,-0.23123292086951194,-1.2986735582282316,0.2715493877949042,1.0,0.0038896811620467565,1.2716210151360772,0.7863978245853299,0.012066772054607664
96,1441,1280,256,15.53125,1,16,94.140625,0.019164295819421306,0.08499469991898158,0.20304730865531967,-0.09820379589905259,100.0,0.0,100.0,-0.9012250468560945,-0.009012250468560946,0.0,6.25,0.0,8.761299041359527,15.722942399149746,95.91463134367386,47.18897652940679,24.136249117951017,33.338010664878,26.350128416982926,36.751959299239374,21.77648354620829,0.3606297918433674,0.6372555353315021,-9.134476063372146,-8.773846271528779,0.3980389105890737,1.0,0.0038400362037048813,3.46874360076768,0.2882888201303453,0.009768816496881268
96,1442,1536,256,15.53125,1,16,94.140625,0.053897905594243914,0.11030418264657894,0.3691422492071501,-0.2594159174962882,100.0,0.0,100.0,-7.02573809777782,-0.0702573809777782,0.0,47.0703125,0.0,20.232716162330895,23.622403230913626,74.71487002380799,49.99677790930624,48.12751458208284,49.47096409695052,49.068855917766754,49.68177918121454,44.982817461716806,0.7695285266018097,0.8592348331011146,-27.07990545373861,-26.3103769271368,0.39692343181200895,1.0,0.002536787447478664,6.284502854846847,0.15912157621644837,0.012817999643605766
96,1443,1792,256,15.53125,1,16,94.140625,0.06506402730796673,0.10602710301997763,0.8477407358508189,-0.3127400708142526,100.0,0.0,100.0,-16.377669856136816,-0.16377669856136817,0.0,69.98697916666666,0.0,20.888698401705643,24.950934943345796,56.13255752518811,49.99949529578154,49.526962605297925,49.79155675588818,49.602730557169004,49.86133197550488,40.35990026916535,0.9809385669671211,1.3021065515930859,-37.21315992475908,-36.23222135779196,0.3568244732955554,1.0,0.0024404814249763935,6.978307016629769,0.14330123303788922,0.014695608328688518
96,1444,2048,256,15.53125,1,16,94.140625,0.04917504803130235,0.05129739834519455,0.2804866440490218,-0.23011309907914226,100.0,0.0,100.0,-12.893266089614341,-0.12893266089614341,0.0,50.0,0.0,17.03694717259737,17.979890814579857,57.057456877723034,49.99875414017422,49.36092814287366,49.60786553582491,49.19855305370083,49.72724567379764,30.643023691900027,0.7122013132394969,0.7489815005045476,-29.859282388116938,-29.14708107487744,0.11754655593297707,1.0,0.0022279475971275103,5.306650987734702,0.18844276782311606,0.016327251666753417
96,1445,2304,256,15.53125,1,16,94.140625,-0.0747418581469216,0.1390361116651038,0.741037111370905,0.3722771091381008,100.0,0.0,100.0,-20.529351478789508,-0.2052935147878951,0.0,77.27864583333334,0.0,24.84396609838918,28.08035676377821,54.82730870515591,49.99979600050152,49.64448512419278,49.89489078616755,49.82196188618669,49.93844156940182,47.067698352134215,-1.1049349684493939,1.2174047078690842,-45.31312348740707,-46.41805845585645,0.9510516462013872,1.0,0.003042393823106418,7.292461613196937,0.13712790728858026,0.009699760086147797
96,1446,2560,256,15.53125,1,16,94.140625,-0.18828020966655387,0.3372792068311197,3.9723410174185134,0.8993375433255261,100.0,0.0,100.0,-40.44341822876949,-0.40443418228769484,0.0,83.33333333333334,0.0,29.205174976930913,30.21583040765898,42.09472244594733,49.99998898409819,49.89099448644639,49.97811647884241,49.96932064392385,49.98890600844787,49.33153734643389,-2.7526931158495804,2.8186312342761384,-69.37965920652516,-72.13235232237474,1.2343667892926635,0.8101319710432552,0.00748722393760078,16.82104001044393,0.05944935624545897,0.007022494248025654
96,1447,2816,256,15.53125,1,16,94.140625,0.02175361479761806,0.22689035231543836,2.132831168010126,-0.11455991649491201,100.0,0.0,100.0,-35.19263717282551,-0.3519263717282551,0.0,83.59375,0.0,24.679344506876863,30.35635655115517,43.47770225296119,49.999952767549026,49.886856358020225,49.94714233978908,49.90520475300092,49.968695280901784,44.457648098114575,0.4153157092041352,2.065347993927477,-56.76322167001362,-56.347905960809484,1.032698719951595,0.9683366316624005,0.012758590709353132,6.0519899805552795,0.16523490673529642,0.010157615671655927
96,1448,3072,256,15.53125,1,16,94.140625,-0.050477165437116736,0.34358740531437754,1.8384422326213254,0.25129407402182,100.0,0.0,100.0,-17.075474496560105,-0.17075474496560103,0.0,33.33333333333333,0.0,11.128324002984165,19.69249894066021,54.0819197392828,49.945998458534376,47.20336353490019,47.4192575933115,43.95612571883605,47.44792614078535,12.41654701944985,-0.7896132867509559,1.917520395000442,-20.57679175708148,-21.36640504383244,0.40076014809895333,1.0,0.011711217052699249,12.477307532546245,0.08014549592462678,0.016389926844894744
96,1449,3328,256,15.53125,1,16,94.140625,0.009756448938655744,0.17235927270514587,0.972649395849709,-0.0306013065096985,93.359375,0.0,93.359375,-6.360483696461922,-0.06360483696461922,0.0,15.625,0.0,7.302951724186204,8.346923691642766,58.740328285324225,49.79543124912949,43.986769932702984,43.81396540474687,37.17554704817218,44.64361620206421,5.756398492457408,0.1139927877797931,1.3947396859985801,-12.432602842655179,-12.318610054875384,0.9246207554405236,1.0,0.011005248617917221,2.114582381401682,0.47290661683142143,0.016361967112606277
96,1450,3584,256,15.53125,1,16,94.140625,-0.02355013838021526,0.16080467869628,0.754523857685817,0.10270356645644173,78.125,0.0,78.125,-5.160158807644201,-0.051601588076442016,0.0,0.0,0.0,3.483679268885715,5.005292096212194,54.10333157284407,46.09290742619846,28.41698241580563,28.574059782109696,17.373554442677104,32.39797064927177,4.14360827949843,-0.4963213832958758,1.2284330325140373,-6.438936693196668,-6.935258076492543,0.5003516386965976,1.0,0.010383570186574372,4.014327412022297,0.2491077327188492,0.01728980038747576
96,1451,3726,142,15.154929577464788,1,16,89.43661971830986,0.06865797433804445,0.7120705316849045,3.6107121373482363,-0.3612145337829228,88.73239436619718,0.0,88.73239436619718,-3.4388316682713898,-0.0343883166827139,0.0,0.0,0.0,5.452826058880756,5.853637709555683,66.23611324090952,49.255599376242536,35.45804035908019,36.46657875316397,24.985041542011654,40.55620035300841,5.937369733982141,1.0184325642785694,2.6872707855176174,-8.232406450312242,-7.2139738860336715,2.92886783155437,0.34142885835489994,0.008775298580305452,11.06054786782296,0.09041143458265502,0.014318357595427787
97,1452,256,256,15.53125,1,16,94.140625,-0.14970889095030027,0.1501238145724493,2.3698657195167203,0.7034746813838423,0.0,0.0,0.0,-7.534454857509716,-0.07534454857509716,0.0,0.0,98.50260416666666,1.6641113186402893e-05,3.8003184500848385e-05,0.017861025926313407,0.6235393131296036,0.862951064747706,0.778240807309658,0.6076533337621975,0.767779366900375,0.6159058759023921,-2.1502774190265166,2.1770924277653996,-0.093169973858482,-2.2434473928849985,0.49414748689061744,1.0,0.007864819438553137,0.12110170520198485,1.0,0.013051489163421099
97,1453,512,256,15.53125,1,16,94.140625,-0.12999672477231203,0.130052931846643,1.7899581905450255,0.6170168620551912,0.0,0.0,0.0,-6.544612623798832,-0.06544612623798832,0.0,0.0,60.611979166666664,8.225326233398442e-05,0.0001516546847101405,0.0921810847055407,0.851622909828427,1.1698229032125438,1.0398332389884095,0.7043952186971421,1.0473705003325136,0.6790995888233167,-1.8732857168191757,1.8920666957298442,-0.08923008727520479,-1.9625158040943806,0.4611694316875477,1.0,0.006823771419033462,0.14148170701840196,1.0,0.011952410123011398
97,1454,768,256,15.53125,1,16,94.140625,-0.1177494146929364,0.11779469846622537,1.4686040385662178,0.5589950182763928,0.0,0.0,0.0,-5.932037490966012,-0.05932037490966012,0.0,0.0,33.33333333333333,0.0003233231140976167,0.0005863260141964643,0.35993187388451175,1.323264432592469,1.5856648635747628,1.4080191399189497,0.8398640334517604,1.4645805760591006,0.7510405220412674,-1.6969387950811168,1.7138284853311418,-0.08982897530252033,-1.7867677703836373,0.5412644165414247,1.0,0.006535447676368247,0.16317317712735818,1.0,0.011061425537932728
97,1455,1024,256,15.53125,1,16,94.140625,-0.11285529733394115,0.11354078137819407,1.3467503500134994,0.5284056583906037,0.0,0.0,0.0,-5.501176868065299,-0.055011768680652995,0.0,0.0,17.96875,0.021493970623619792,0.5896798156923206,15.667188105234127,3.515806416108684,2.4469446140036846,2.409365979465317,1.2370483634818565,2.7231040078621565,1.0103601592671312,-1.6290116100749263,1.641188806940566,-0.1371909910013721,-1.7662026010762986,0.5681010062237811,1.0,0.005619462048966536,0.4472731281094704,1.0,0.011191598142647719
97,1456,1280,256,15.53125,1,16,94.140625,-0.020060926096032827,0.11230009804148362,0.3766207308895093,0.08925172499552812,93.359375,0.0,93.359375,-1.6817773034855206,-0.016817773034855207,0.0,2.669270833333333,0.0,5.6459307626478505,12.835617982753698,94.16709141786652,40.106458225660376,14.833743639947077,23.360799302968235,16.364432492031735,27.409085681599738,14.164381956745892,-0.19931839226375617,0.8678948448856109,-5.995651641818297,-6.1949700340820515,0.6293414611322057,1.0,0.007121080131887493,2.0147227530346727,0.49634620867499096,0.014309954704307154
97,1457,1536,256,15.53125,1,16,94.140625,0.05756612200515025,0.10526870916545951,0.40615150614461093,-0.27319202769905915,100.0,0.0,100.0,-4.875312494419068,-0.04875312494419069,0.0,36.5234375,0.0,18.40282338508281,22.358880647007975,79.66449922831106,49.98787267419499,46.514877738266115,48.94970294543637,48.108822849882515,49.368094660184255,41.92577154274633,0.8468906187337308,0.9012785431203951,-23.100406785137793,-22.25351616640406,0.6726782344961066,1.0,0.008601378293878319,7.186885243370097,0.1391423358154355,0.012904649926732289
97,1458,1792,256,15.53125,1,16,94.140625,0.07640338131322856,0.1151551738915762,0.9515160759211914,-0.3666007929197791,100.0,0.0,100.0,-13.839223241363634,-0.13839223241363632,0.0,59.635416666666664,0.0,19.964149310600156,23.7887091441089,59.169000324101184,49.99913718360549,49.33406334017081,49.720107868060936,49.46285460962608,49.82129338343005,38.08112286485025,1.1211884420044624,1.379504313817968,-33.740893375324106,-32.61970493331964,0.4979121024847304,1.0,0.008028092746699859,8.13031297863349,0.12299649504613239,0.014848259501899375
97,1459,2048,256,15.53125,1,16,94.140625,0.05719366709363155,0.05808989806959829,0.3619997708608784,-0.27314481633373655,100.0,0.0,100.0,-11.164217904268817,-0.11164217904268815,0.0,34.83072916666667,0.0,16.00226864088782,16.329872579662247,59.07665176810726,49.99787340911552,49.16348070146175,49.47583874073149,48.904841565303755,49.64876964328145,25.92584752604032,0.8293252079746233,0.8508816261512272,-27.087297878189332,-26.257972670214706,0.14818356937982957,1.0,0.007238444018158075,6.261795510986083,0.15969860373842262,0.016712554737325393
97,1460,2304,256,15.53125,1,16,94.140625,-0.0541139906256235,0.12186843285911562,0.4704524580048837,0.26395234615121216,100.0,0.0,100.0,-17.48449301174664,-0.1748449301174664,0.0,71.875,0.0,23.457795347053818,27.35848762561503,57.39342911273865,49.99957640659918,49.492878909308104,49.84098634603076,49.715682398410394,49.90646923064509,45.01627895238348,-0.8112299153342357,0.9700025340223434,-40.87191810925841,-41.68314802459264,0.30970597017715273,1.0,0.005503872463910871,5.60905701753059,0.17828308695643355,0.011013704281749616
97,1461,2560,256,15.53125,1,16,94.140625,-0.17780489423466414,0.29723707564875357,3.6408806967695924,0.8722539723986033,100.0,0.0,100.0,-37.81737010011719,-0.37817370100117187,0.0,83.33333333333334,0.0,28.609836964592372,29.835817449109065,43.29405607727302,49.99998465176846,49.86271960605303,49.97381327480708,49.962627891436824,49.98663843391954,49.03083108851774,-2.619181549979138,2.698473900844547,-66.0825978363597,-68.70177938633884,1.1936562788224923,0.8377621076868723,0.0023219203359607023,16.677294412031273,0.05996176449811809,0.008478216724166418
97,1462,2816,256,15.53125,1,16,94.140625,-0.01509244470791607,0.24599220377683145,2.7786605203625747,0.08115296884445211,100.0,0.0,100.0,-37.10410779266812,-0.37104107792668123,0.0,83.33333333333334,0.0,25.157722610461207,30.197412569856027,42.69512789826979,49.99995769974304,49.88353140173534,49.951738614698385,49.91405292308724,49.97273939354683,44.272952506215134,-0.1445346854319609,2.3573970901664296,-58.924106447004505,-59.06864113243646,1.1827778944072418,0.8454672721975056,0.0030409689023813843,1.946514889737187,0.513738685109682,0.017206006377511556
97,1463,3072,256,15.53125,1,16,94.140625,-0.06487430184062554,0.32899840260706376,2.073783134826124,0.30169158685917075,100.0,0.0,100.0,-18.959608405567693,-0.18959608405567693,0.0,37.95572916666667,0.0,11.986485085128297,20.618466176053026,53.905887729892164,49.95116380964798,47.52544434217835,47.75259817265945,44.65194654278082,47.88464468281083,13.800071016229026,-0.9773046266246157,2.0365574555244566,-22.235947852652636,-23.21325247927725,0.9665228029967008,1.0,0.007035370938339071,15.149889190250322,0.06600708344741874,0.017515130320018762
97,1464,3328,256,15.53125,1,16,94.140625,-0.0005004573171201801,0.16887208770752335,0.9496478125830097,0.010061483872407379,100.0,0.0,100.0,-6.046969426933207,-0.06046969426933207,0.0,16.666666666666664,0.0,7.7355901656498425,8.621865270304045,60.33724061124048,49.892351753379046,45.14268804949888,45.2195158816125,39.14413510588113,46.06556388445979,6.116361463493043,0.020759941867952825,1.3781493479177136,-12.820589883271438,-12.799829941403484,0.5121263976177761,1.0,0.0062348687923412605,2.6752324064660984,0.37379929967317116,0.027030189959906036
97,1465,3584,256,15.53125,1,16,94.140625,0.002032356486891873,0.1796963918311171,0.8174527828976532,-0.002204814392080076,75.390625,0.0,75.390625,-6.074431383540743,-0.06074431383540742,0.0,0.7161458333333333,0.0,4.118687554689573,6.421698722661268,50.47966266428305,47.87180584688451,32.13830724057046,32.393252306762186,20.86867350340892,36.2811694259743,4.572360935487664,0.03301739627251886,1.2786342580250643,-8.159102769923532,-8.126085373651014,0.4579318535358393,1.0,0.004771014858056931,4.958067333159302,0.20169149243134538,0.01662074424938128
97,1466,3747,163,15.263803680981596,1,16,90.79754601226993,0.07354724117989264,0.6820961155282107,3.406698032074004,-0.38992846020080274,90.1840490797546,0.0,90.1840490797546,-2.9936579656801605,-0.029936579656801604,0.0,5.521472392638037,0.0,5.900627156182343,6.336339101434276,69.99838198208691,49.452524768444995,37.282829016124836,38.49644285579326,27.31969546200997,42.37522270699538,6.615664423737977,1.0839653276297154,2.6102482763423116,-8.42966221375282,-7.345696886123104,2.2519132956094263,0.4440668306145304,0.004356795307765597,11.225755200299053,0.08908086646797359,0.014901046765811216
98,1467,256,256,15.53125,1,16,94.140625,-0.09259225088441396,0.137868213069572,1.760395375444165,0.43835765168540414,74.21875,0.0,74.21875,-6.6433464126500805,-0.06643346412650081,0.0,0.0,0.0,4.400556035039483,6.228691501401626,82.1782265587817,44.94025822039304,28.594274695558603,30.747789533640958,21.60949131575888,31.628267517173033,4.499035274890394,-1.2417627968943805,1.87637702791532,-5.354892919101614,-6.596655715995994,0.5814975119929936,1.0,0.00369714100767031,11.699352689286105,0.08547481442420042,0.015909789273470785
98,1468,512,256,15.53125,1,16,94.140625,-0.01296959751945706,0.013369743041585834,0.018575640177559645,0.06175700764828036,100.0,0.0,100.0,-4.068936244852364,-0.040689362448523635,0.0,10.677083333333332,0.0,6.625398533657066,6.997682895756941,92.59236766401638,49.53144696340022,37.35898667567797,39.947132518185015,30.846933733824596,41.14915694106594,6.4876887295071874,-0.18483388356053781,0.19274667404424722,-7.155447798568234,-7.340281682128772,0.025175668863092117,1.0,0.0032892161614221796,1.6405307618987899,0.6095588228059655,0.01604905763144053
98,1469,768,256,15.53125,1,16,94.140625,-0.0013881152605626293,0.003457474266903792,0.0011584875065044546,0.006670693928896215,100.0,0.0,100.0,-3.919707818111051,-0.03919707818111051,0.0,16.666666666666664,0.0,7.409019399452758,7.768988991355148,92.57050342604984,49.707927777488706,39.72600614410771,42.05608258631136,33.98809851934209,43.22003829406278,7.553764163356828,-0.017811233299794175,0.048134966635585294,-8.003650326231044,-8.021461559530838,0.017062150628256095,1.0,0.00296706901586552,0.15843492540786241,1.0,0.014862917087006395
98,1470,1024,256,15.53125,1,16,94.140625,-0.013668480898455772,0.040549660297691824,0.16171934124020312,0.06551759421211512,100.0,0.0,100.0,-3.8065640882903384,-0.03806564088290339,0.0,16.666666666666664,0.0,8.811881578726325,14.152251702317617,91.00611499775968,49.83119946566471,41.86740437870529,44.17372580530542,37.74131686626368,45.22294655463189,11.123025900542476,-0.205089303486817,0.5687166979089029,-9.682735691929327,-9.887824995416146,0.026390783724628022,1.0,0.0026624709703690318,2.1630261491616936,0.4623152616012349,0.017078881863879486
98,1471,1280,256,15.53125,1,16,94.140625,-0.040219533163790955,0.1615030944694291,0.29799074906690326,0.2147877074649251,100.0,0.0,100.0,-13.209390133172754,-0.13209390133172755,0.0,58.333333333333336,0.0,21.64644748071335,25.52991305646738,63.45742273493477,49.99779916865094,48.58199537671741,49.638057234840616,49.332149339876565,49.77170784745397,45.19313449322749,-0.5392759984288156,0.7719983796186405,-34.1117658861309,-34.65104188455972,0.7374437421892759,1.0,0.0037523907392036358,4.692169887762889,0.21312101307499234,0.020082297660893672
98,1472,1536,256,15.53125,1,16,94.140625,-0.09589560689667584,0.20766211419759814,1.1545964846994803,0.4398433723318302,100.0,0.0,100.0,-30.40892316210375,-0.3040892316210375,0.0,83.33333333333334,0.0,27.179503239200006,28.447377081067067,47.3245415305467,49.99996479048673,49.77907026672075,49.9587923165672,49.9357224475424,49.97693270895881,48.72235747683254,-1.3938604783449469,1.519602898588628,-57.43215329757897,-58.82601377592392,1.096889656756829,0.9116687297031295,0.005854644352354385,8.849174703896434,0.11300488841741184,0.02236657084336856
98,1473,1792,256,15.53125,1,16,94.140625,0.049466689143275955,0.10170640957385559,0.8577401081108487,-0.23633585358843925,100.0,0.0,100.0,-25.39814226372723,-0.2539814226372723,0.0,83.33333333333334,0.0,21.08311258055634,27.646486359774034,45.39967000484653,49.999758206743465,49.72837313841637,49.86796950975797,49.726681008617035,49.91334440990546,38.92361452958572,0.7553098212443655,1.309763419943349,-46.43891151258515,-45.68360169134078,0.3648142656722989,1.0,0.006384916249194802,5.139842963097187,0.19455847331907902,0.017774332133017927
98,1474,2048,256,15.53125,1,16,94.140625,-0.03725039677960096,0.11140386399644368,0.6570735384600759,0.17999835522718144,100.0,0.0,100.0,-19.542737960692676,-0.19542737960692674,0.0,83.26822916666666,0.0,20.53245638062345,26.511331082084695,51.289563827440034,49.99965862877619,49.63547376942904,49.8357492932487,49.65733464602099,49.89277577463033,38.62705879613543,-0.5554168187462181,1.1463625416595535,-40.03242540666439,-40.587842225410604,0.6815263533575338,1.0,0.0059276199628255566,3.9601618999231536,0.2525149287506162,0.021205366282253016
98,1475,2304,256,15.53125,1,16,94.140625,-0.17771340211556735,0.29692255155994063,3.442705210140212,0.8210576762491233,100.0,0.0,100.0,-37.01816976742239,-0.37018169767422393,0.0,83.33333333333334,0.0,28.749060755459034,29.982247432804254,43.802725502543986,49.999984484727136,49.85932624799027,49.97473473658336,49.961014306117335,49.9862956956599,49.13577854800904,-2.5723680543275913,2.624006558734262,-65.63304092524868,-68.20540897957626,1.6937011477235784,0.5904229334343024,0.0051699951341357174,15.642008971150087,0.06393040701129801,0.023138972665441508
98,1476,2560,256,15.53125,1,16,94.140625,-0.08882258820525382,0.39446936811184113,5.069573399394704,0.4634865000835692,100.0,0.0,100.0,-46.58982365697397,-0.46589823656973967,0.0,83.33333333333334,0.0,29.215928499377945,30.69675083738738,38.933674122063685,49.99999060380818,49.91103908111856,49.98103520946953,49.96908643758502,49.98973302343342,48.748344365539594,-1.246269662292663,3.1842026943631287,-75.04025540405215,-76.28652506634481,2.0585440511155397,0.48578022872918014,0.005603634726499236,8.159335979364785,0.12255899285542735,0.024209441031983372
98,1477,2816,256,15.53125,1,16,94.140625,0.00799960413103401,0.2603643167491978,0.9301525995433388,-0.037960975201158445,100.0,0.0,100.0,-24.688603413479147,-0.24688603413479146,0.0,71.15885416666666,0.0,19.308235902242487,23.524740424206403,52.33109380307422,49.99867564799209,49.67639846143414,49.75667949486148,49.38171467044262,49.79773445368458,32.439950880627855,0.08689451432470052,1.3639300565229426,-36.89629720888466,-36.809402694559964,1.7963089489023418,0.556697109709921,0.006077191133070457,6.007010318112295,0.16647216286358074,0.0226866045792625
98,1478,3072,256,15.53125,1,16,94.140625,-0.014996331151192983,0.2329644311493753,1.3802772421117924,0.10083658883792646,100.0,0.0,100.0,-9.483452788749144,-0.09483452788749143,0.0,16.666666666666664,0.0,7.7711617973264335,10.497332516219757,55.11738139982127,49.89985544958408,45.41465229774205,45.909500171522936,39.324679907032106,46.20618042792265,6.624047500841508,-0.1953871674896852,1.6614916443435954,-14.099294269723114,-14.294681437212798,0.9087755072979428,1.0,0.005233355475846071,5.339322834878485,0.18728966779600217,0.02177675209322705
98,1479,3328,256,15.53125,1,16,94.140625,-0.039735907983349354,0.2081379886919051,1.2127824627698591,0.2013256111301358,77.34375,0.0,77.34375,-7.772754390985544,-0.07772754390985545,0.0,8.333333333333332,0.0,5.7925186170015595,8.814899141417978,49.996817800053314,48.68600702950444,38.21343485400861,38.18338779913939,28.648601543789752,40.34892256952607,5.541686573191678,-0.604510734720417,1.557422526336292,-11.585774599029346,-12.190285333749763,0.5764426505986248,1.0,0.004992886190722168,4.730611137018138,0.211389178065127,0.02034702592087756
98,1480,3584,256,15.53125,1,16,94.140625,0.025830218906279317,0.026448312619852154,0.07452226201393644,-0.12200473655838076,100.0,0.0,100.0,-3.1283896415302404,-0.03128389641530241,0.0,9.765625,0.0,6.380186961678871,7.021634539149679,70.26675197615916,49.53581017837153,38.361594433393385,39.93526025810873,28.520083848998375,43.278344903641425,7.717984588566349,0.3765453915287709,0.38606284984167133,-9.079951445377194,-8.703406053848422,0.05883020453899097,1.0,0.0044566621073212674,3.914142922526125,0.2554837725124805,0.015824347508002427
98,1481,3607,23,10.782608695652174,1,16,34.78260869565217,0.4532561785481906,2.005747011781962,29.47805460815015,-1.3459605332456441,30.434782608695656,0.0,30.434782608695656,-2.7919252407679314,-0.027919252407679312,0.0,16.666666666666664,0.0,7.136146764353119,7.19378577899578,74.09081455821448,49.707854176395884,40.54651009416739,41.94103589893781,31.832985575432986,44.76843556817039,8.674634506491664,6.5625206240895775,7.678288169657368,-9.631621418801004,-3.069100794711427,6.3644656175652745,0.15712238231597986,0.0050763859495520655,66.21883411585704,0.015101443771274974,0.013762014417698056
99,1482,256,256,15.53125,1,16,94.140625,-0.08340786721922921,0.0835973351687078,0.7362677984442196,0.39181745653121053,0.0,0.0,0.0,-4.21618703088007,-0.0421618703088007,0.0,0.0,27.408854166666668,0.0008597582562046417,0.001583828057643791,1.1032441199885723,1.9509110306704636,2.0390801336188065,1.9039205650760422,0.9910236664084269,1.9643008066269132,0.8644988290633855,-1.1991679218467217,1.2134807773048732,-0.0779300102876186,-1.2770979321343403,0.14124417796256028,1.0,0.00441779083812663,0.13398322432415785,1.0,0.012447267370213549
99,1483,512,256,15.53125,1,16,94.140625,-0.07430532507781135,0.07432744976673074,0.5848557826878926,0.33520696570511765,0.0,0.0,0.0,-3.750330600978036,-0.03750330600978036,0.0,0.0,15.494791666666666,0.0018474608168666728,0.0032302829040613814,2.5450466310747064,2.7947358442760697,2.509620971885531,2.3556501397388616,1.1492413822052618,2.4909756620803285,0.9374431922901326,-1.0710221124176946,1.0815320454687347,-0.07259045057600924,-1.1436125629937037,0.09215130398234639,1.0,0.003956352389044833,0.12012470729245134,1.0,0.011295270026576282
99,1484,768,256,15.53125,1,16,94.140625,-0.06855186149552478,0.0685685257428569,0.4978158314508137,0.3326081857705441,0.0,0.0,0.0,-3.4661160411525853,-0.03466116041152585,0.0,0.0,0.0,0.0064066814885485384,0.011010568859142722,7.773046365459978,5.188381543084807,3.5451983950592094,3.4036797327849198,1.5180717229829654,3.7178894324967358,1.0888747214980863,-0.9882070198296329,0.9978134409305316,-0.08242175830851893,-1.0706287781381518,0.09809003414193099,1.0,0.0034357650518887146,0.16178980264649953,1.0,0.010352945880273277
99,1485,1024,256,15.53125,1,16,94.140625,-0.07807641378544788,0.0844308391065054,0.7355428074879415,0.37428595828234124,9.765625,0.0,9.765625,-3.287835218695766,-0.03287835218695766,0.0,0.0,0.0,0.2292503207212043,3.4348842640153774,65.46052039251067,12.313047101271902,5.560719202742705,6.079208810366601,2.645419431101601,7.023660372891614,1.724886904308322,-1.1318960215339882,1.2128831827409774,-0.35021157691168125,-1.4821075984456695,0.5302583646012756,1.0,0.0039034936711456227,1.9363210559525037,0.5164432814103165,0.012564004096586092
99,1486,1280,256,15.53125,1,16,94.140625,0.030321648366293325,0.08486804164922744,0.25155312121767665,-0.13429591958588785,100.0,0.0,100.0,-0.8390586074796322,-0.008390586074796324,0.0,7.096354166666667,0.0,9.742982033387403,16.640633864531427,96.23916284143242,48.04850521669846,26.40721070099566,36.49159672712447,29.13901018033922,39.58945652170388,24.506955925391,0.5086603803076241,0.7092998254866226,-10.123718604494034,-9.61505822418641,0.16723652149385665,1.0,0.003775240160956831,4.875365547261651,0.20511282493713123,0.008546654718858774
99,1487,1536,256,15.53125,1,16,94.140625,0.06244085275782964,0.11280913280901006,0.4750693484848376,-0.2927190878842594,100.0,0.0,100.0,-7.0427004287107104,-0.0704270042871071,0.0,51.041666666666664,0.0,21.143740262778458,24.524024013313518,75.45507903930661,49.99772942242409,48.3589170075561,49.60432469818723,49.27399796899836,49.7515180308245,45.317696184433814,0.8917211576763541,0.9747505819283594,-28.02162628676607,-27.129905129089714,0.3584719062012278,1.0,0.002962497008354915,7.213373754086464,0.13863138582462717,0.010534349801672262
99,1488,1792,256,15.53125,1,16,94.140625,0.07260371644466992,0.11113124593324612,0.9606925174129246,-0.3223979063288236,100.0,0.0,100.0,-16.516807652906046,-0.16516807652906046,0.0,77.79947916666666,0.0,21.664157257290316,25.822888372731985,56.80611390814939,49.99961085960486,49.59065299088294,49.84051138024507,49.68164824699785,49.89071634304067,40.46961916802239,1.0884222242366834,1.3861403373489458,-38.13701689279326,-37.04859466855658,0.23000333883217006,1.0,0.0026848850969425145,7.678571040090493,0.13023256472837358,0.012324498938899541
99,1489,2048,256,15.53125,1,16,94.140625,0.05532297604499922,0.05724336175868801,0.3494743904556088,-0.2620809865573994,100.0,0.0,100.0,-12.992886253012056,-0.12992886253012056,0.0,50.0,0.0,17.732806738521564,18.69077012672987,57.817214280820096,49.99904839634999,49.4716695935316,49.70389857882087,49.35948018645726,49.78908683984554,31.093294290721296,0.800860624764467,0.8360315669346569,-30.67046200529957,-29.869601380535105,0.15068141063610813,1.0,0.002690113245238683,5.894404151213531,0.16965243209428071,0.014047679603773431
99,1490,2304,256,15.53125,1,16,94.140625,-0.06810144231959846,0.13491878315030784,0.6379512868148937,0.32291038023942603,100.0,0.0,100.0,-20.62644064660513,-0.2062644064660513,0.0,79.296875,0.0,25.625893336277407,28.790707768489455,55.476472220819275,49.99984663321762,49.67766827106503,49.918789056041504,49.8576912824806,49.94896100638165,47.05112652132379,-1.0090071110626149,1.1295585746785277,-46.1923628349614,-47.201369946024016,0.49646614295815583,1.0,0.0035402109831242684,6.636824950614591,0.15067445765725623,0.007928940504892845
99,1491,2560,256,15.53125,1,16,94.140625,-0.18409679583016406,0.33611634625283815,3.81724936018219,0.8758936010399205,100.0,0.0,100.0,-40.69402702461929,-0.4069402702461929,0.0,83.33333333333334,0.0,29.87439840086052,30.841283016032783,42.51773031506182,49.9999905319793,49.89011118028678,49.98156035021495,49.97375439239177,49.989467707596276,49.24897350208552,-2.6961250850696166,2.7630596664502884,-70.26338936600663,-72.95951445107627,2.4527007095029973,0.40771382995303773,0.005680632049167428,16.674006202385993,0.05997358930194613,0.006135840996009052
99,1492,2816,256,15.53125,1,16,94.140625,0.01866667803472305,0.21571197894980668,2.152525666594004,-0.08307016209461328,100.0,0.0,100.0,-35.69067039252798,-0.3569067039252798,0.0,83.33333333333334,0.0,25.223379076230543,30.99619758149678,43.86097059206512,49.99996028405431,49.89655125910029,49.957326964302105,49.92007203926762,49.97276076631604,44.055124866466315,0.3666213462949262,2.0748617624285255,-57.507571619479165,-57.140950273184245,0.46620732083284877,1.0,0.006866526443230206,5.633791928540798,0.17750034305207452,0.00953549054674769
99,1493,3072,256,15.53125,1,16,94.140625,-0.04530568834925347,0.33480423881665355,1.6237499436943397,0.2410798569767093,100.0,0.0,100.0,-17.40544133190892,-0.17405441331908922,0.0,35.41666666666667,0.0,11.800627989935977,20.28429046577525,54.35116162674949,49.95671955859851,47.64738377084889,48.01796729198298,44.88770420279309,48.02879099698494,13.570492242246816,-0.7076824567396625,1.8020820978492293,-21.71182296153202,-22.419505418271687,0.737070377899689,1.0,0.007036042804107914,11.061011806555188,0.09040764240097465,0.015591650278213945
99,1494,3328,256,15.53125,1,16,94.140625,0.007207299370668184,0.15530475165070298,0.9661693426127723,-0.036579719890810686,100.0,0.0,100.0,-6.1986313032259694,-0.06198631303225968,0.0,15.950520833333334,0.0,8.072024323116068,9.033807993428901,60.41596573461293,49.88117299934322,45.30970915429812,45.59340553278712,39.60013532315003,46.20592927441136,6.968667309041765,0.07606167577724665,1.390085855343311,-13.360746989585108,-13.284685313807861,1.1290460412758323,0.885703473057654,0.00683441572571798,2.295380457248027,0.4356576256639032,0.0219484799802392
99,1495,3584,256,15.53125,1,16,94.140625,0.01556397649155086,0.16337365252046676,0.49963489823027285,-0.06756871514559674,82.03125,0.0,82.03125,-4.965789468200439,-0.04965789468200439,0.0,2.278645833333333,0.0,5.011045162006269,6.430211456804903,58.76593685144443,48.703880639144515,34.895176171308066,36.01700110357297,24.030455327585145,39.20913157505257,5.927938720557133,0.13615652241872112,0.9996348315562767,-8.527125458194922,-8.3909689357762,0.48697086548495216,1.0,0.006951026908659181,3.281268263788665,0.30476020843396867,0.013171584124728757
99,1496,3723,139,15.136690647482014,1,16,89.20863309352518,0.10006206314431043,0.8035954024891774,4.827801398877582,-0.5602391502994378,88.48920863309353,0.0,88.48920863309353,-2.8234341337273685,-0.028234341337273684,0.0,16.666666666666664,0.0,6.773004517441738,7.134516319088485,73.18538667922782,49.63424241962818,39.55036206723872,41.23843039499406,30.762960141468533,44.03474753315205,8.059845662884534,1.4655628803564456,3.1073465847496258,-9.254585955974893,-7.789023075618447,1.155525766704498,0.8654069245482515,0.00750916341481995,14.849797610848698,0.06734098512355736,0.014167603366694355
